Wallet,vGHST VLT,Gotchi VLT,Total VLT
,,,
0x329c54289Ff5D6B7b7daE13592C6B1EDA1543eD4,808.206246,36.699736,844.905982
0xd281F988242C900d67fF2aafABe683B8004Ee778,478.6285132,286.9252087,765.5537219
0x60eD33735C9C29ec2c26B8eC734e36D5B6fa1EAB,203.7579148,310.2795862,514.037501
0x6994ba66FD6789044c4aD43786CC16840d099C8a,295.757094,111.7673778,407.5244718
0x7BFEe91193d9Df2Ac0bFe90191D40F23c773C060,364.1216266,1.668169818,365.7897964
0x156E6C5a2Fac34bB2Fcf2Ac1bbAA0E75BDE3aC4F,33.30742953,250.2254727,283.5329022
0x60c4ae0EE854a20eA7796a9678090767679B30FC,0.004004095,240.2164538,240.2204579
0xC76b85Cd226518DAF2027081dEfF2Eac4Cc91a00,149.6190399,71.73130218,221.3503421
0x6021DB23296793f8D1e9CdF710b29356DAD1f4A5,0,183.49868,183.49868
0x4a39beD3F97ac8e4774b7407dE7090E7A1050A69,132.811992,33.36339636,166.1753884
0x795f50722Cf5ad82F78Dda8dC8F7B235332977C3,1.753804954,150.1352836,151.8890886
0xF17fAf9978B2F0087E6c78553Ede42D15abF76c5,150.6182672,0,150.6182672
0xC561C9b7035732B4EbDbAe6aC43D6a293aB53896,81.17241441,50.04509454,131.2175089
0xD98695E2FCE07e908c9F523387b1b1f8Eb9d41EC,61.35694983,66.72679272,128.0837425
0x1148501cceB0F7679365c0b8EEbB23305c523946,125.9289391,0,125.9289391
0x2c123fc5C27888571CD525e8ae9b0c5ff848386D,31.13213473,78.40398145,109.5361162
0xCe9332f4d44e9Efccc64f88C9bD23E288c0ae5a2,94.28316848,10.00901891,104.2921874
0x0c1fD8441C36b288eC0F77E12cA8bA27a27b28bF,101.387132,1.668169818,103.0553018
0xf2B9ec5724dC97362A53907c0b4cc0AA72369e63,87.24730657,15.01352836,102.2608349
0xE29555e804e414E295E2A059Fc49d002EC18F268,0.695805428,93.41750981,94.11331524
0xF0Bc763e0A6AF4784a36fa102220FF60eC651f9e,68.55851411,16.68169818,85.24021229
0x2957dFa6C3CD17810E6F77Fd9b14aF1F27fdACc5,73.07840547,5.004509454,78.08291493
0x79bF225FBfd40f78B1878A6d1EeC1Bb03dF92AeB,0,75.06764181,75.06764181
0x07A009e9E98649Bff954cf3032ceB3E21E020f49,0.502273541,70.06313236,70.5654059
0xc0893fA01108f50fa2A04e2ccEE815376EC56233,0.635696428,68.39496254,69.03065897
0x33f844352144a9DDd91542b0adCD8Ba0dD142e93,67.49264481,0,67.49264481
0xbbA31530Cd8e112be845da468B72fbbFE739387A,25.47975207,41.70424545,67.18399752
0xdf631777df4DebcBcd647e85bdcB868b43663BA0,0.001899225,66.72679272,66.72869195
0x7b3012531aaEd7b48bc9BfbC1cd7E7f20B1BB5b8,0,65.0586229,65.0586229
0xB3e2A7b1295d9EE03e1f300DfCCaab2ecd47ee53,1.94054E-07,60.05411345,60.05411364
0x2848b9f2D4FaEBaA4838c41071684c70688B455d,32.59592674,25.02254727,57.61847401
0xCeeC48581B3145a575508719f45da07dc57fA7ce,1.267932176,55.049604,56.31753617
0x985116F8C174fE13325D36685424d1796cC11f51,29.7648414,25.02254727,54.78738867
0x9fBa5259A1a4654212849E87CFdf5B28d5bbcB5e,52.69101126,0,52.69101126
0x66ab6A57322aC5FD7026662675Db0E83307e025E,0,51.71326436,51.71326436
0x76A5Df896413F3B566d07da5AF44326C0f54a25b,0,51.71326436,51.71326436
0x8B9F39b3c76AaB744BCee37cC56782bAC8eb5FFb,18.89094402,30.02705672,48.91800074
0x02AEe0CE756fa0157294Ff3Ff48c1Dd02ADCCF04,11.61051039,35.03156618,46.64207657
0x6fcf9D80e2b597F4B3FA764b5626F573a9Fc93D3,14.87440698,30.02705672,44.90146371
0x1163E75d2bf3E0ffDB3602FBe0aBA099D5c20e3c,43.0762217,0,43.0762217
0xc0AFEF712a1341cA78dA145B2AFAd346E8C3574F,0,40.03607563,40.03607563
0xc0719b1040f7f8e904A6509F99335656C1d881eD,0,36.699736,36.699736
0x3F7C10cBbb1EA1046a80B738b9Eaf3217410c7F6,27.30360088,8.34084909,35.64444997
0x2D5f86cd294cA6c92189340EaEFf41fc63Dc66EF,2.047116277,33.36339636,35.41051264
0xbba2379F5cc9A2f248C5Cf18aD72379AE2478F42,0,30.02705672,30.02705672
0x9080196182F77B89BB5B0EeE3Ddb48cFA716c4c3,0,30.02705672,30.02705672
0xd4e42e41FCa01464d36a44ACAb98D2aA1447e8f4,0,30.02705672,30.02705672
0xd32f222283D295f93664B11faAC967e6826b635f,20.75826889,8.34084909,29.09911798
0xd07f70Dd326A34a00961139458d86c6A30FcdCA5,0.19662058,28.35888691,28.55550749
0x64dF7AF696e0977771a0E1e1B1a8dD22DED3Cf4b,28.37954674,0,28.37954674
0x38798bfB6016beEeae2b12ed1f7bA2c9bb49334f,0,28.35888691,28.35888691
0x5039E2936ec2a588CaD92E4EDCf41a1D3a443186,4.71992634,23.35437745,28.07430379
0xb2ac25160796b5e384EdC1Fd8f4479A020C1B53C,19.24114888,8.34084909,27.58199797
0xb74125Df13CB9194D93d8b62e0DB30352f2B8001,25.04262606,1.668169818,26.71079588
0x9ff84B91998dF96A6587DB8dDe8D4E47518107d6,25.44242932,0,25.44242932
0x60523Cd3F5CF0061C6f042545371Fa6ff8cD397B,0.329395141,25.02254727,25.35194241
0x10e11E6443904faF15cdb944f3E99C321Ccc6199,0.076015791,25.02254727,25.09856306
0x8565faab405b06936014C8b6bD5Ab60376Cc051B,24.96717778,0,24.96717778
0xfbb073e09D84970d1eFe099aBBE9E626f8FF7024,0,23.35437745,23.35437745
0xCC6a751a0E644b445984D74f176E9bABF46B2a97,20.76201261,1.668169818,22.43018242
0x7E4724C60718A9F87CE51bcF8812Bf90D0b7B9Db,20.53363485,1.668169818,22.20180467
0xdAc12B6ddBF055eE542f0Ed460a32D1e9F361ca4,20.27531175,1.668169818,21.94348157
0x472d7E705f3baa44f82bFF5B397330015d810828,0,21.68620763,21.68620763
0xE7793581460b2c5C088Ae0D6465DB6fCD33F3E43,11.53517965,10.00901891,21.54419856
0x7af4922fc22037D573e889201bE7C38E42f22220,2.432318146,18.349868,20.78218614
0xF7B10D603907658F690Da534E9b7dbC4dAB3E2D6,20.47102715,0,20.47102715
0x8f9bE4310f9AbB0E5843Cc6363908C9B01dfeB3F,20.47086353,0,20.47086353
0xa8bd174385B14F880F8b7F06894Cc1bF265Db32e,2.049452808,18.349868,20.39932081
0x4177a5c0E2369F6830A4c3825aFc8fB3Dd47790D,0.380676399,20.01803782,20.39871422
0x88512CfC901ADB8E17a143310700d6C4BF036F6a,20.29653321,0,20.29653321
0xCd8Eddd0A27047D53D65f23D483A8A169D54526B,0.135026857,20.01803782,20.15306467
0x1c9674667D8468204452c52D610a0883E97C22aD,20.14717263,0,20.14717263
0x352aC32C9663FB7CAAC363F77B121c34D9ACb420,0.000414373,20.01803782,20.01845219
0x5317Ef9170f26112FBA458958889C15Af78dfCf7,1.598731722,18.349868,19.94859972
0x0b3CEf9F913f4F08bba1ED0FD5BA892C0FeC5617,19.70361028,0,19.70361028
0xB27f6Df486ef5dEE2e3A4DC4f257DD63E5A5e371,4.60021851,15.01352836,19.61374687
0x6c8E15EC8e35b6ffb246d60AbcA2Ba81d4e247F4,16.74665356,1.668169818,18.41482337
0xbb899870561D48e823DdfACFFa201dc20214a530,12.91222102,5.004509454,17.91673048
0x934dff4d5e1a5138D9863F38ab959b07046Dba45,4.096972464,13.34535854,17.44233101
0xCC1e0A566dbd10869c071c811aBa436357858f05,8.57417051,8.34084909,16.9150196
0xe5465CEd137EcF8c80bBf7A1e2f2bf457a12A466,0.004603929,16.68169818,16.68630211
0x0a097a28a9ecdef27380bed164eEDca0561ACCfd,2.03732E-07,16.68169818,16.68169838
0x50f461F471e7dCe973e27f0e319eBe868135D764,0,16.68169818,16.68169818
0x750e361EE017e398C922F2B634387ECff810DF6c,0,16.68169818,16.68169818
0x1d4ddCB0E96d99f417919Bc9c94b8348Dc837A32,3.290917748,13.34535854,16.63627629
0x5547e568705ed69440b499a2e0EB769c956FCE01,16.26602052,0,16.26602052
0x581dE43B0273915f61D015E394D2C6aF1F9ce8E6,9.679564537,5.004509454,14.68407399
0x973efE3a49AA9257e2a5f1e7e866DF7e5ee96d8E,7.92633338,6.672679272,14.59901265
0xAb2e11C99D8830D5d9B2494A565c974595e39eef,10.9078829,3.336339636,14.24422254
0x61477Eaa5E33400acC353390Ca001Be0Eb706eb4,0.369401562,13.34535854,13.71476011
0x59E5fe3a536d2fa69614E0A0692F5C6e3D6dCbfc,0.23944784,13.34535854,13.58480638
0x172d7a92660006eBecb125c712FA0Fe9dd53e106,0.20522309,13.34535854,13.55058163
0xE1f987CB66D8F0Da79Cb0fE245500200bbFBA51E,13.52056471,0,13.52056471
0x1A760e3A431c8B9C075eD1280C8835a1a0F1651b,3.490270029,10.00901891,13.49928894
0xae5b56ca47E84b6c749E0454680C4161B9DA9790,0.027831871,13.34535854,13.37319042
0xE08Fd80d7D0593a616c01A3F2A17bdC3206c71b4,1.73238E-07,13.34535854,13.34535872
0x5477729b43A0A9beA8c41367C62e7864123B57d8,0,13.34535854,13.34535854
0x8B200F4c81c54d9014B4cDA3F16501069FA20Ab9,0,13.34535854,13.34535854
0x99F6d5197004FFe49e7b3C627EAd81CDc3A74283,0,13.34535854,13.34535854
0x6794BDa8e07FAA690d6924B259992Ed354aeC9Bb,1.649777025,11.67718873,13.32696575
0x4dAE5b5bf3dC068BDFEC47b8B402AFf28fe6707F,2.787519061,10.00901891,12.79653797
0x5e16073080f5886f9C79FF5f0462ec938eAaFFa9,3.988390721,8.34084909,12.32923981
0xc928499a080594C8854D1A46DCAe5E862acC5d08,8.908302008,3.336339636,12.24464164
0x956F1CE3ff2ea59A8b41DF83Ce9F85ED59D73F92,0.531518682,11.67718873,12.20870741
0xa05f67c36cb5fE19Aca3fDb8b4671F4b2d46E421,11.93096539,0,11.93096539
0xa59e113fbef3B4129bAef6b5355dFf683851aFA7,0.154553637,11.67718873,11.83174236
0xf0Ecf448C3817Bd9bfc2D0D0dC41Ef568367506B,10.15359349,1.668169818,11.82176331
0x5551fA79F15CA4592A3950372fD3d4EE8be7b5CC,0,11.67718873,11.67718873
0x7953bB4AFA683C36396Bee7Dd7d3647cF640B0d2,0,11.67718873,11.67718873
0x984b148D106c204f2d1a84b0053477971e1DF56a,0,11.67718873,11.67718873
0xD153F676B14eC35461E652300cFC1599C0dAEBA4,0,11.67718873,11.67718873
0x9b68185AaDEB867DEd2cf16E0d798D2D6A63eA01,8.116544933,3.336339636,11.45288457
0xc976895017c81Ac926478C26c347BBEd202d0508,2.905229803,8.34084909,11.24607889
0x6B3bE6C88C8875168c694e57E62d1dE554Ee6902,1.138938869,10.00901891,11.14795778
0x628cC4601166a44e5378717790c8Da50de0cce9B,6.011512608,5.004509454,11.01602206
0xdC7Aa225964267c7E0EfB35f4931426209E90312,10.94605644,0,10.94605644
0x579ea3F1e0617Aa237E36C0501822b55bE8D84ED,3.483083449,6.672679272,10.15576272
0x1d5BEdf6B017a282eb7446e86e7C2584E89Ef466,10.15340309,0,10.15340309
0xE4E98E007e5A4A5a73a4BA2254efEaaE131CbC04,0.038903458,10.00901891,10.04792237
0xA709f9904a4E3cF50816609834175446C2246577,4.78655E-08,10.00901891,10.00901896
0x56a356c378C5FA08Dfd32ee4Ca0Dce93F328BA37,0,10.00901891,10.00901891
0x99655CA16C742b46A4a05AFAf0f7798C336Fd279,0,10.00901891,10.00901891
0x6299dbe5BE8ED5d5DF9Ff5a21B485c7da0cF3476,0,10.00901891,10.00901891
0x3CF4E2F525C3e755c4aae97846379Ef703252288,9.808294199,0,9.808294199
0xE2C67350D0A0768De07E556073BeeEc0AE86a684,9.672736246,0,9.672736246
0xC61b244fA2B83eFe9EF91dA7390CA5FC1cbb35B1,2.7982276,6.672679272,9.470906872
0xa1BbD8D39eD536DEa030A32F3F6C5916C845A800,1.093701237,8.34084909,9.434550328
0x10dF55eE5D2977F952f3f264b9e8218D699b36b1,4.361706669,5.004509454,9.366216123
0x4E8ffddB1403CF5306C6c7B31dC72EF5f44BC4F5,7.551800719,1.668169818,9.219970537
0x9993AB06c1eDC0FdeA706b1F6F6359c0c1EC5E5b,0.769765268,8.34084909,9.110614358
0x70C9666B338795DdAb8f4bd67F580B1D9234b8Dc,4.099721443,5.004509454,9.104230897
0xa919538CeAb5c64608945865835dbC10540feB1D,9.078670517,0,9.078670517
0x0d03FD0320d95E5E579E5567aBd7B1Ffd18cc0A4,8.694037484,0,8.694037484
0x75bbECBC4fA323d304E41Dd383f1F1878288DB00,0.350736619,8.34084909,8.691585709
0x7A8B10716E2e473a541E9E990e711651425E5413,5.282915094,3.336339636,8.61925473
0xBf3FA037a65A6816623BB7fbf836E3540cd857AA,8.597757128,0,8.597757128
0x6b6f5e6a8167d72ac8951aC89E9d490A63912945,0.196675336,8.34084909,8.537524426
0x29E9315DdBb5c44717D64bD6c0550a692819413d,3.446935082,5.004509454,8.451444536
0x575C13C07b054438a513f4968605c021856f63F8,5.054372938,3.336339636,8.390712574
0xA0cD89ebDD3c422925696Bb1baefb6c3eD21D8F1,8.364407163,0,8.364407163
0x89A1145FCCAC1a2a9350eC1A4A486E4458D26274,1.86082E-08,8.34084909,8.340849109
0x0b81747F504dFC906A215e301d8b8aD82E44CBd2,0,8.34084909,8.34084909
0x2e48Ec0Bb013e7FDbF319E1A2795035204954B0f,0,8.34084909,8.34084909
0x32f9A1E1125E61bD2756528e7316303f532E4d7F,0,8.34084909,8.34084909
0x4aC2C547b842aA861B06FB1A3d04d1f778131fa5,0,8.34084909,8.34084909
0x6CD71d6Cb7824add7c277F2CA99635D98F8b9248,0,8.34084909,8.34084909
0x7fBD1E4C9449C2443E0AD17537d77645bd23cC21,0,8.34084909,8.34084909
0x93FC1F35f53a9553534979233caF273214C51Fd7,0,8.34084909,8.34084909
0x1b2E6C79A0b9a1f19234D45D9A8DB9EE57Bc0b14,0,8.34084909,8.34084909
0xf31B40DbcBa528f2cD6Ea9D65058BE320175D259,0,8.34084909,8.34084909
0x7bf4d5E579a26dd09F1ddDB2391566e7BA575B5B,0,8.34084909,8.34084909
0xdE6b1d60b5c5c0C8a41C8c3241C56E8754D5Ca65,0,8.34084909,8.34084909
0xA8992310f620dc8f23F9Cf4faD90A2F2380D8d6a,0,8.34084909,8.34084909
0x6Ca0D65fe5c8700a5cc7A2C3bfE801111A1dEd1a,4.999064369,3.336339636,8.335404005
0xa7687975c0Af79F9D821cd27fc01722a2eC0d8c3,8.293655108,0,8.293655108
0xaB9786A5e330B50e44579132b8A3Cf7C1c3A9517,8.174063337,0,8.174063337
0x3FA9db8d720679E8e5213f6C5D88faB766058e20,2.881371087,5.004509454,7.885880541
0xb4D502361a3c6f823EEb9A99Af09E110382206ee,1.125642947,6.672679272,7.798322219
0x3EF4160952C23c969BfE612DFFd9D945eb967dc1,7.744585585,0,7.744585585
0x41Ade9A5803B4676917411Dbb439D357965dBf46,4.325069234,3.336339636,7.66140887
0x4a47096E0dDD4EEd05eF00f0F081bc7700c6DD75,2.48431195,5.004509454,7.488821404
0x8C9F3175d8aa227ecCdBc21B95bC5fA328006A0f,7.469692712,0,7.469692712
0xf041e368e33d7f28dec1918D52D691C383f42e2d,4.07613353,3.336339636,7.412473166
0xeFF1C603739cc71025C23B49C4D661E6b3DF8184,5.738250693,1.668169818,7.406420511
0x25612e8bd7683De22dA45D717D0493B0e96424b4,5.670014461,1.668169818,7.338184279
0x262336fd3Eda533826Aa4c92C9f23563f9F90693,0.614109032,6.672679272,7.286788304
0xC144e32f2a0DB6507fDdfA630628b80468c05B75,7.278692159,0,7.278692159
0x76b4D57A195eD129b28d1e320eD53655EF4750f3,2.177481509,5.004509454,7.181990963
0x708800fBf7a7e8E65B1D8BBF651c5c32019e7325,5.459223939,1.668169818,7.127393757
0xb1F56a37738C16D150C9Aaa5441f056e65f4fBD6,2.048355696,5.004509454,7.05286515
0x33Caf1E780FC8a92247F42A220cAEAFdE3B5D553,0.315114261,6.672679272,6.987793534
0xB9301C0001065de513aA0cf1bAea9efB58A2E775,0.204717304,6.672679272,6.877396576
0xD952fB344DDAcC0c0e8c23cc686C10d5Dda11A97,0.102383824,6.672679272,6.775063096
0x4c1Fd4e71E38bDaE5cc0dBce263dBb6Be018B6cB,0.102367908,6.672679272,6.77504718
0x2718E86f5793Ac08bd3C4A301382E8c1DA2a1e30,0.00205339,6.672679272,6.674732662
0x47dC446E56D14C5a51fB7cFf0abA7E5433754Be8,2.46977E-08,6.672679272,6.672679297
0x22CAb81E0FEe2bad5b015DbBEB6A374A1B8738de,0,6.672679272,6.672679272
0x8886DcA35291F05Ed5d8e21F083998EA8dcEB50f,0,6.672679272,6.672679272
0xc8d42ec0eA8f543E01bd49199f6a1888AE11023B,0,6.672679272,6.672679272
0xCBE12068CaB7A49BB9C9746a734dE7A11211A3B1,0,6.672679272,6.672679272
0x2c5C5db1847a96d879b6244cce9320508Bf0A61b,0,6.672679272,6.672679272
0xB203df26AF3666f4214661f7f903C46EDF9403b0,3.136725685,3.336339636,6.473065321
0xe02c707c40c9184a5BF6c3AB1ca2609F32989822,6.213573408,0,6.213573408
0xaa1158b6bf42C03cA787F71A2f0CbEfBaf98Bb86,2.820870199,3.336339636,6.157209835
0xDA9890c4d573fe27f79C0665ae7E740c6a11412F,1.132566796,5.004509454,6.13707625
0x49a338c8A8C92f3f7E5A4700A191bb41595591b2,2.79761069,3.336339636,6.133950326
0xca4aD39F872E89Ef23eABd5716363Fc22513E147,6.112834507,0,6.112834507
0x294C3c4F59b7A422230e59700BC0ae11020Aa1c8,6.071634683,0,6.071634683
0x92CB71850Aa43263EBaAa1E0ED3E78Cb984915Ff,2.665446066,3.336339636,6.001785702
0x77f07Ab7B444C7C9FCfAfc76c053A810cD6203CB,0.977652426,5.004509454,5.98216188
0x9F533Eec49dc2DBbf495F1cD687c2536d424bE07,2.50751859,3.336339636,5.843858227
0x64eD2D64912e45d004a64b0f9F3D759533C395e8,0.82500567,5.004509454,5.829515125
0x5CD4EF55C339ef01f79f494c0a568df90699Aa22,2.447320901,3.336339636,5.783660537
0x0b6bF854CB7c816518a96317893e43AB219BD365,2.422187943,3.336339636,5.758527579
0xC44F63485Ed5A23FbEEaE300adCA6a08A506aEF1,2.321151505,3.336339636,5.657491141
0x2bD7716Ce2c43B9c0D58982F5BAC67633bf2E7dC,0.512386404,5.004509454,5.516895858
0xF8F94C0733A28919dCFA6C52668C688234359D88,0.512321249,5.004509454,5.516830703
0x7540DB3e26D453EE6298bbdD263a8e4D88BfBE7F,0.406258658,5.004509454,5.410768112
0x13E965baAFDa80C7501c23cbED282d5e53e3066B,0.381695218,5.004509454,5.386204672
0xa5Fa57608C5698120A7C3c9d50EC346bb3980223,0.347442573,5.004509454,5.351952027
0x1279a8132C775edE3e738cc2A753fFe47d009353,0.245656896,5.004509454,5.25016635
0xff409F636a82cc1bDac186afC247632b7c8bb5f2,0.202719449,5.004509454,5.207228903
0x2717C5753df40110905921D77A64c921E1467221,1.832954111,3.336339636,5.169293747
0xc31372dB84e456193e72a162928539C8F5999Ff6,0.164269243,5.004509454,5.168778697
0xCE8Fc6755EfCaf7F85C28901Bca4F4b936591542,0.152599271,5.004509454,5.157108726
0xF18da6a854c715e2a6Cc74C3f12c9c2417ee3312,0.088621564,5.004509454,5.093131018
0xf85e13C32734eA54Ec31BE5C9b3E6ED0ae40cBad,0.081909984,5.004509454,5.086419439
0x3787Eea0767fE73d272aD543651Ada3F4dad8279,5.085337415,0,5.085337415
0xe5Ae5AAc9A19Ec43aBdd161e95640A1cc12aE348,5.04944467,0,5.04944467
0x49e37446d862D0E29934aAF51Cdb128f9c9cA4bA,0.030563664,5.004509454,5.035073118
0x15aE010DffeC19729A410B82d51337B385a96b95,0.020957896,5.004509454,5.02546735
0xcfbc091F167bBa962790E23Ee2DDA557938b8BAf,0.020451808,5.004509454,5.024961262
0xadC045001169071580ad97aF8cF5efB7f235A719,0.001616282,5.004509454,5.006125736
0x284aA770c801698e77dbA304c6caADbA6fFDe9ff,2.04609E-07,5.004509454,5.004509659
0xaFB2735179C625dD1D199b415a88A32C5D0fcCCE,1.34362E-07,5.004509454,5.004509589
0xAF777F6ff15de8d50527208d8cbd36576b213f97,0,5.004509454,5.004509454
0x4738c8b9e0d7b48db4056BF017D2F90b2319630d,0,5.004509454,5.004509454
0xc7a00B2635339d1C4EB7A22AC73f53b7a9bD0613,0,5.004509454,5.004509454
0x87cdacBEC845896b11D449884B7430B89060bBa5,0,5.004509454,5.004509454
0x50F27CdB650879A41fb07038bF2B818845c20e17,0,5.004509454,5.004509454
0x01e6fd0aE73D9194b19f9B376065577927A0D5f5,0,5.004509454,5.004509454
0x8fF077D2A138C2f6Bd5De99D91BE50Ce4322f312,0,5.004509454,5.004509454
0xA1958a37C21372482DEfF4618BAEbbeC23C9a449,0,5.004509454,5.004509454
0x770aaA6828E3659f2D12D6b8CA999D34344385E8,0,5.004509454,5.004509454
0x402C2A801aFbB6641c19FD0FC8fe6282D53D137F,0,5.004509454,5.004509454
0x1af1f839Bc24CDcb12c2028bA7c0D51B30d10d11,0,5.004509454,5.004509454
0x3172aee5e0B47bB23e87db93327F58E06e6A73B6,1.448004995,3.336339636,4.784344631
0xaC21Ba42297Bc030e730A5cDb0aDC962DA149691,3.105402581,1.668169818,4.773572399
0xeDD0d71F2b7703E1642ea83d8A6f9790aCda1fdA,1.331227457,3.336339636,4.667567093
0x4Cd3210Ce0E7AEF75eCFf5475B75034dc328B1d4,1.313850939,3.336339636,4.650190575
0xEc503C9FAC9ccc823ab7F7cebe8953d7ee4CC5AC,1.199324209,3.336339636,4.535663846
0x31849CbcD3Ab8835455296CCDf77AD78AF99196e,4.506920679,0,4.506920679
0x9b328488a8f0fa20628bb959769F0BA78de06466,4.423911925,0,4.423911925
0xc15E011B8E117FbA8cC241C70950fC79f515AB3E,2.741958938,1.668169818,4.410128756
0x481A2be12532D5CD1295239557168d01C5d09708,1.022656734,3.336339636,4.358996371
0x5642111A57c82f2f50716C397efF0eefC25a2501,4.355831233,0,4.355831233
0x4958CE329Ed1Eb97e02c59cB847c692941081219,2.649062772,1.668169818,4.31723259
0x7b0B5fbb7B5CA042D82128F66965bfD185Ac30DC,0.979308254,3.336339636,4.315647891
0x8bA89f1c8e3D7543E1D74a82e0388373F28C36bA,0.851131367,3.336339636,4.187471003
0x518a8463FFFf4435431d889E507Fa1a9E1c34502,0.776563885,3.336339636,4.112903521
0x6877FdEAC0d0D5d61B4cA3BBd42501a2fF02c144,2.44217747,1.668169818,4.110347288
0xC17f20335080cD0b7283e042C89F16605f3A085f,2.440805001,1.668169818,4.108974819
0xa499Df2Bdae854093e5576c26C9e53E1b30d25E5,4.108756474,0,4.108756474
0xBb46A8ee4315a37C56AEcE45783045722dFD72a7,4.09211605,0,4.09211605
0x868CE7eF95E86a6D00E1c7876FfbD01dc5B719ad,4.008774604,0,4.008774604
0x25955561740Ee18502B1A329a664C2Cd77B23e48,2.323022129,1.668169818,3.991191947
0xC0fca04Ff8721462c53d848610818b25427B5b29,0.646893771,3.336339636,3.983233408
0xD8dB8f3369EFAFb47175e9078B83D6C4f724BD5d,0.60880584,3.336339636,3.945145476
0x3A631b481a1B225e32D20C28BB531587e9F32dA0,2.257253719,1.668169818,3.925423537
0x697203445B51cc43664EeB8D87dB3117425b3F52,0.553304128,3.336339636,3.889643764
0x4F086538EA410fe7aD1fd369E586cf39DCCA024D,3.883575811,0,3.883575811
0xafae1E9EcD3a355b93960402E875b886f718C55E,0.521939657,3.336339636,3.858279293
0x0998460853aBFa4D8ef6F2591AabeAE4D060Fb93,3.78608542,0,3.78608542
0x995b14DAdC423C93C816D3A96d392A0a3F203304,0.4177753,3.336339636,3.754114936
0x001900845643957d031eCdB3c5fd84EF08F6AaCa,0.40953964,3.336339636,3.745879276
0x7bB85b553c04cF2dFCBbDac998eA3621e17236c3,0.406221437,3.336339636,3.742561073
0xba96a2ba89eA249148ee599d2BBcD669DE94d4B6,3.738874088,0,3.738874088
0x59F76c18a614085E16A0B9e8455b8999f76b0DCa,1.96503637,1.668169818,3.633206188
0x38dAEa6f17E4308b0Da9647dB9ca6D84a3A7E195,0.289399531,3.336339636,3.625739168
0x551d3A37E1613E8b21f2AD613A01Bf97ec2d2389,0.243020758,3.336339636,3.579360394
0x1AF8AF5ab89536BDeC74F51676ae24fA7E70C21b,3.555362064,0,3.555362064
0x482d63381DeD49C5374C346F38fcb9cD27B5D2Ba,0.216062412,3.336339636,3.552402048
0x00553b963DE06016C68681C9BEE10A79c51c5D8A,0.205336512,3.336339636,3.541676148
0x3e05FC835a92fa1AD481C623d1F5097BFd55Bb18,0.204865555,3.336339636,3.541205191
0x7909759B82EB27aB3Cc886C5f3fCE3A72a565b39,0.20470255,3.336339636,3.541042186
0x1CBd483CDa3AeADCC668be6e1252B01Bf3824411,0.201736703,3.336339636,3.538076339
0xA839199aC9Ae19b15265659e45C60B67bcA1B477,0.198574353,3.336339636,3.534913989
0x11f11DAFde2eD523CD935184dd28876cE52F1652,1.805444213,1.668169818,3.473614031
0xC83d2035094E05D7a83BeA5f92480aBB3577228B,3.47228199,0,3.47228199
0xaA99157856D8785C3A0BAB85F070766554A1d882,0.135920715,3.336339636,3.472260351
0xaA983Fe498c300094B708c3B48deDE9bd91A0183,0.081314412,3.336339636,3.417654048
0xEd71d7586839Db87Ee8D48454969AB8609f24136,1.735557291,1.668169818,3.403727109
0x80E7E06F096380DD0D3f9ceC4fDEcE370DB4CDbD,0.050767358,3.336339636,3.387106994
0x0030B9F1925408D79be83C7cecfffdbACb638e9B,0.025193814,3.336339636,3.36153345
0x73c65A848607560345d363848a94862cdD26a3d4,0.020533635,3.336339636,3.356873271
0x826088b7174bd1f07BeCf359025Fa751E6AC11CB,0.020346339,3.336339636,3.356685976
0x56f820BC0bB5326C74b804CEbAA37C3EE7524f8E,0.015976577,3.336339636,3.352316214
0xd6715f048B7812F6fcFd04a84CcE9F391968e705,0.01022636,3.336339636,3.346565996
0xbFf36B0e434F7DDd28c523571c3B9F93f60132F6,1.96298E-07,3.336339636,3.336339832
0xCD05a3969c5158D658a9bDF3Ee6eBcC0712a0292,1.652E-07,3.336339636,3.336339801
0xbfD82bD44b3DF57B26e29770D0c8f1690f1c49F1,1.05521E-07,3.336339636,3.336339742
0xa275d3995032B468898c6AA80E132a307ac086D7,8.36477E-08,3.336339636,3.33633972
0x0E0934c9cB01a700B2e849E4b80c85ca93939C9D,5.88897E-08,3.336339636,3.336339695
0xE9bb842F4535fB16aeFd984C4C06e97E55a50318,4.39146E-08,3.336339636,3.33633968
0x7784981924567c0AA2c0c3e17ce9b1eE309E5701,0,3.336339636,3.336339636
0x5B71ab89a74Eb8515585bf100A69BcF12F9eaA3b,0,3.336339636,3.336339636
0x2F1eA6322C976925F5121674196a364c05A2Eec9,0,3.336339636,3.336339636
0x1dce25415D54E6bc694aaFa6cd5e650d28Bb786A,0,3.336339636,3.336339636
0x4dC5Ea211E424cE66dD451A7Ac3BfdB99eb1889B,0,3.336339636,3.336339636
0x33E580CEe928D83a61B98905a1F9bE68eA6279B8,0,3.336339636,3.336339636
0x231e1e1e60893435c879172d47F7C867448DC11D,0,3.336339636,3.336339636
0xE2dE15659663F7024699E1e573C033e2EFD5bCb1,0,3.336339636,3.336339636
0x3b66bcA9b58ACb2e0894654f27EDC96fa1b6B0F1,0,3.336339636,3.336339636
0x9319674B4532aCb79B45831D8f2380A80867a445,0,3.336339636,3.336339636
0x6C522c94c3f5b213Ccf3298e03D5C947b760a2cB,0,3.336339636,3.336339636
0xE7c8712fC60B20693046c71E5012801eaAfc7217,0,3.336339636,3.336339636
0x72Da31304a7245195f4f4cB3bd7607e08fF9648B,0,3.336339636,3.336339636
0x65E856C356f0c220fC69C51A66B007748C7596e4,0,3.336339636,3.336339636
0x9FddE4a5bb911BdcFbF95b37470e85D466d810d7,0,3.336339636,3.336339636
0x4DDcDC7404233772A8887fA89bfB4ae41B47a087,0,3.336339636,3.336339636
0x505d867c40931Bf56393F23CFA766fff8FA406e3,0,3.336339636,3.336339636
0x5dA5F4c020f856aBdB168fd35c957D6006ba2edE,0,3.336339636,3.336339636
0x288d3b021202293788d76F76947C74a65450374C,0,3.336339636,3.336339636
0x22afACf0338dB23D9DEE2ECE5399ec6b24ac8Ab4,0,3.336339636,3.336339636
0xf7ea3A3aa86aA4E8877D1B93C554AaA55694CFEA,0,3.336339636,3.336339636
0x15af88de8616dabF0e67589fe4Ec172191346176,0,3.336339636,3.336339636
0x3FD60F2fE62BA9cA4816dB450fe8B2054a6A39B3,0,3.336339636,3.336339636
0x3FbacD52FA6F1F15Bc3D776474FdAB07ec9D8d59,3.301428859,0,3.301428859
0xA9bEA5C0C25E4D02d56CBFE9A7564c3CcF599617,1.601758956,1.668169818,3.269928774
0x3F6459642Af95688BF01e34d73Bd34FD121e47b2,3.265974739,0,3.265974739
0x9f32B5A3A6A21dF1671c74372F18415CB3FCaca2,1.584250269,1.668169818,3.252420087
0xb910119F8B1838A95F9fbcF575E51e1E72469517,3.249352139,0,3.249352139
0xE1e92C34B4a26e95da314D818b5D904eFB3961bD,1.522832513,1.668169818,3.191002331
0x157DD18CF70815dF7c25948ced9760aA61f6DF17,3.173947277,0,3.173947277
0xdeba9a360C9da03e5Fb30D617b6d28426E3c7Fc6,1.500257361,1.668169818,3.168427179
0x2b62Cb060e78500B482a02aCc7a111b62d46E5A9,3.153829529,0,3.153829529
0xb19BC46C52A1352A071fe2389503B6FE1ABD50Ff,1.44023811,1.668169818,3.108407928
0xdc25324B8186DE47A976191a54ea0366428Af632,3.04671567,0,3.04671567
0xF79C329A2EB7e98E58a24178777b72Eb64306298,3.044014245,0,3.044014245
0x1dbF00bc3f40F551d79422a96367A6F58Ae59412,1.330276356,1.668169818,2.998446174
0xad6034C145530682eD7643478b6678e2E2bBaad6,1.320013064,1.668169818,2.988182882
0x62B5c94aF16F8b5b53BEd8DA61ecB5Ba41C14931,1.301820037,1.668169818,2.969989855
0x9702235d4999201f3Ab13226232942593E84B576,1.257814057,1.668169818,2.925983875
0x7a1979A89c39E64b4c2dc6fd87f4f719Ae96a0ec,1.246751836,1.668169818,2.914921654
0x1B3c00A967aA935100342eCdf38198E21De1a1CF,1.130916064,1.668169818,2.799085882
0x0AE57350662045c32B34f3b1E70C36E4EF1502E2,1.126597608,1.668169818,2.794767426
0xA5ba6Ae9CDF56761be100a33DE63363660ef744A,1.118263806,1.668169818,2.786433624
0x552398406EAf406c6a9A52c7D7D3C601E588Dc98,1.088302209,1.668169818,2.756472027
0x04E60C358Da4d51DB8c7be369B94039Af465AdFf,1.021707884,1.668169818,2.689877702
0xf5Fe364D18F4a5A53BADCe9a046ba74cfC97f6Fb,1.018803502,1.668169818,2.68697332
0xc9c026d92314aaA032cf493DB1058B143DBf9AFF,0.974651807,1.668169818,2.642821626
0xFCEE120094854fBfdc98cE8a80b8057BDEb928a7,0.855853959,1.668169818,2.524023778
0x6d96f02af1b8701E831A05AB273B75C6E2F02D1d,2.52297462,0,2.52297462
0x88d5EB1993dD04bf2175f940e64fD49A90D13F8b,0.793525252,1.668169818,2.46169507
0x68CC67e6899bE5a34002091449CB8860B132cCA3,2.426060825,0,2.426060825
0xde46215e67d35972f4C880D59969DD08a4c9fA28,0.745271647,1.668169818,2.413441465
0x31F10E898CA5432c95e287e671BC1EFef8Ce5362,0.732084714,1.668169818,2.400254532
0xDBD30B8A960264a5d0aF925666199320AE3e629d,2.395974801,0,2.395974801
0x9720bB804ACA0a01BFF95AF749B34eCA59eD5fb4,0.710823695,1.668169818,2.378993513
0x9ded7B691962446704C7bD7D0dfb1F028a2a52F1,0.694833825,1.668169818,2.363003643
0x7dA08FBa7A69c67c0D06fD433aF0C53F9c75CeE8,0.645848168,1.668169818,2.314017986
0x97495531A4073953c39e61a09Cc5B4eD69Da1F2B,2.301673706,0,2.301673706
0xdd3Fb1acB6d176852e70aA736E9Ef11Ec6D2B251,2.262551307,0,2.262551307
0x4Faf6D6819A7f9085bA6587b867Ec6ac20aC6641,0.593642925,1.668169818,2.261812743
0x507F0F88f638AA8a9b26a954A1e0aB680F663D4a,0.576645637,1.668169818,2.244815455
0xdE312Cc0910EB6b6a30e9Ee0c9C4A08c40CD2265,0.573140799,1.668169818,2.241310617
0xc78652Eae0b73256F0598ddDA47B6814B23a8D8F,0.566345134,1.668169818,2.234514952
0x8E13649613B774Ab67D1C1eDfc22a2202270fD81,2.233205937,0,2.233205937
0xAE35f25d082B33db3d3A8d37f41E12fF2f979071,0.563220512,1.668169818,2.23139033
0xa915023B3eD1e00E078789e63de079b4D6dCc348,0.55808504,1.668169818,2.226254858
0xbA5589313Ee771863f923AaEde36027901364AA7,0.532206578,1.668169818,2.200376396
0x2994d42Ff4547f5C88F97FE3c11e4c97f85A0283,0.486888334,1.668169818,2.155058152
0x84820DE436C3ACc9412e43FFE571737113718269,0.462521899,1.668169818,2.130691717
0xB698be40b6fF59CecDC5472BCc6ba5dC8C087786,2.128699236,0,2.128699236
0xb86737F3b14dE6eB7970e2D440B0ad91cb008133,0.431916875,1.668169818,2.100086693
0xcBeF46a7Cbe1f46a94ab77501EAa32596Ab3c538,0.416486772,1.668169818,2.084656591
0xedfb6Cd3069fe177C1cBe63C066Cae12D754d124,0.409414644,1.668169818,2.077584462
0x13cb2A37ce9B30F1bA27f527347dc636E33272d7,2.07429188,0,2.07429188
0xB728311c5557f82050CDa1bbE98DfF6595BE969a,2.063857294,0,2.063857294
0x0604E36672dcC192c4880Dfc7FE8B39Ac8E3542a,2.05336348,0,2.05336348
0xFaca00C761491e853f9336F378D903D87b77B68d,2.047054707,0,2.047054707
0x2b95890732184B1017cF61cd92B0e42CB8b3CA17,2.037575309,0,2.037575309
0x9E3e4F6535C7d20853a271f4F45A81fDED8C7DAA,0.361245453,1.668169818,2.029415271
0xBfBD59C39f83068Ebe8EF181B927B85400222292,0.360667283,1.668169818,2.028837101
0x73719C0C85a430aB716bafC6A2A6768e40F7D334,0.356581047,1.668169818,2.024750865
0xe73B5632eE888fDC43C1E95885d746FfCeF07b16,0.32861978,1.668169818,1.996789599
0xa23B4bc39070Fdb30779F3e587B720fefEF328EC,0.327247684,1.668169818,1.995417502
0x585E184Dc84968F83e5702659e7e4546545979C0,0.312567399,1.668169818,1.980737217
0x00987cbCE7014389197f9D5468Dab5A8facFfeE0,0.311568444,1.668169818,1.979738262
0x2FAf55a544c5F73666438BC185aeCC9D685E6E3C,0.285891127,1.668169818,1.954060945
0x546c1528319f9Fc621F5752D98690f28293a5c1D,0.27991609,1.668169818,1.948085908
0xD147F5D14D5542A128fd1245Af8987298Ee9963D,0.259706604,1.668169818,1.927876422
0xa865fF51D15dcAc4973F73E13A8656ac3E748720,0.254544343,1.668169818,1.922714161
0xca247f64eD79B76B2555971B9Eea802C68D1dB2B,1.921682719,0,1.921682719
0x49a5492FDFe5AcC966dD5f41310dfDfe8dAA349C,0.248354984,1.668169818,1.916524802
0x7Ceb9F8cEb7f6ffBa4897a72883C4a9C0a241EB5,0.220500326,1.668169818,1.888670144
0x03B3fD15405225146cc87F51F35c194E3c8ae590,0.217267584,1.668169818,1.885437402
0x3BaC1185Ce631D2AfF051C4894BeAf4071be1993,0.205336528,1.668169818,1.873506346
0x203E487561135682397E48aB2973B2d3C28c4633,0.204405976,1.668169818,1.872575794
0x508cc508c415Bf1DB6d35C0D53eC7BEBdcCe6A84,0.202805476,1.668169818,1.870975294
0x7Ac90F34185a32Bcd8fD74c20d54fb540d76eA07,0.202370283,1.668169818,1.870540101
0x60A6d0d70046BaD24C50D93Db91218987C265D86,0.193585601,1.668169818,1.861755419
0xDD8A1300d7802A1D00f4dA440Bc0306D8ee77701,0.182150117,1.668169818,1.850319935
0xAb7559304eAd66D8CA0BC1e0365b6d1aE89c9077,0.172667399,1.668169818,1.840837217
0xAF51e6E946263e1d7B474073ee64EA0c5Bc01dA9,0.164051798,1.668169818,1.832221616
0x10f22cf62CB5a88e86F844Dd21674f757057C30c,0.16375757,1.668169818,1.831927388
0xD8d462958Fe3194cAbb95d502F1Ad7ddcF7E0558,1.820309405,0,1.820309405
0xF48FB2676746809D59A4753767D0cF391D072620,0.123420705,1.668169818,1.791590523
0x1D86709a5ce724d88f94175591bF6Ce11ba39476,0.111544641,1.668169818,1.779714459
0xBF7725eCE8c2fa6023882Bb8B7D94a21b80c7E3d,0.11113901,1.668169818,1.779308828
0xF3080047c88F0561B310dfa4e79592F277E13B26,0.10853291,1.668169818,1.776702728
0xD94d15D519F020af8dDC6654C374c19ea025a3B6,0.107336455,1.668169818,1.775506273
0x11cF16447f9312B4fFd1c99C4390dF04CC8e33ac,0.103763723,1.668169818,1.771933541
0xe73C22aFA04271bd351eD38981F364c2Bb4c978b,0.102399086,1.668169818,1.770568904
0xf6Cac2bf40a8c6DD6052B443627a24A86A75f674,0.101535648,1.668169818,1.769705466
0x0818AF898D8C84A10A28d0b9c7cD1969a374B15E,0.098112879,1.668169818,1.766282697
0xAD549C7fcF1bd3E57BCa464D9Dce0A0D561599D1,0.094140589,1.668169818,1.762310407
0xb7D1FEa82f881cac4720a78afdA125b33A02185c,0.090158002,1.668169818,1.75832782
0x54966bA0beF2e7aC9E3fD83c7e44C5Fd47B4d8e9,0.081713773,1.668169818,1.749883591
0x495Def9Bf5ca8B6B855784A65cF1E7C27081bEEa,0.071642884,1.668169818,1.739812702
0x48AacA81C945e1E84da4d662E0De579522BEF4C6,0.067546469,1.668169818,1.735716287
0xa53c56EE83B2f0Cf3D00B360FF79eAd4d7A3a663,0.06312104,1.668169818,1.731290859
0x1E1ec9a2A1d331192eAe8b9B36B8DF9Cef3A0a6c,0.049877085,1.668169818,1.718046903
0x636bFC1dAde24c7E60E5807795E4534D42cb5803,0.032492348,1.668169818,1.700662166
0x9a60c82Cce9E97eBc78bfdA5e81fd705068EF9dc,0.025100638,1.668169818,1.693270456
0xf47462597741c21032e36F6299422818ee67615b,0.023206692,1.668169818,1.69137651
0x491002Ab1DC8878e085f75D21Faa6EfBA92ac2c0,0.022336019,1.668169818,1.690505837
0xf85ea6Bb6C717e733e91760f19D5f4AC382eeeD5,0.022335618,1.668169818,1.690505436
0xB306E2DABC78cC94559c6b39769c254068E180Fa,0.020476259,1.668169818,1.688646077
0x5AA59e166E4405C05ABF85AD44A8ED84A1d51a06,0.020469025,1.668169818,1.688638843
0xe2c0eA29434b11E8aFa2A1649831Ce53Bc975e5D,0.018943753,1.668169818,1.687113571
0x82E9B5B3F64b424d00e554fD1CCD24D7e62B22Db,0.018446684,1.668169818,1.686616502
0xD8e367019Dc5C28290F1e036790d72B975d35EDA,0.012433558,1.668169818,1.680603376
0xA11f19D27A73C6dfb7A700175357c1dedf79367D,0.012271007,1.668169818,1.680440825
0x4572581Fc62D4477B9E11bb65eA8a1c306CbBa3D,0.008270216,1.668169818,1.676440034
0x6d38939dE57C10B880f1EB2227Da45fF9174A095,0.007962146,1.668169818,1.676131964
0xb76951378Af8c5eBc1c93D0A41Cc902ed19E729a,0.006135596,1.668169818,1.674305414
0x40Ac62d5AA80cEddAB0de954C29bD62C75D514D2,0.004863052,1.668169818,1.67303287
0x65D3FeBC3112cef66BE36df9A62Ac0f94079BD42,0.004103226,1.668169818,1.672273044
0xBB6182A3De745892Dd68F50F3EBc890Ba4719de1,0.004090554,1.668169818,1.672260372
0x408674FC7fd6654b345b2331bDE6336Ab3ea10A3,0.004061408,1.668169818,1.672231226
0xD15eF7Db60B1bbf54D0C9c56496f118adD9Ed02b,0.001639236,1.668169818,1.669809054
0x8728a49fE293A20345826493D9a82Bc9CF1953af,0.001460806,1.668169818,1.669630624
0x783FF1952E1D8bd4A9d60D579F92cbC4b8c6ec4d,0.000145525,1.668169818,1.668315343
0xDF97540FD25F355bA8eD53A9eBBe3D7a3b37ee44,1.14428E-07,1.668169818,1.668169932
0x90B90ed0266711066e3ca74A3C89582ea53De0E9,1.1334E-07,1.668169818,1.668169931
0xe78bCB254E84231164b8845aC5D01E55541C8aB5,1.09863E-07,1.668169818,1.668169928
0x0224b2311d5968fA00a42103788b2F4CCd0651aD,6.88723E-08,1.668169818,1.668169887
0xBB5B9e70345e2679c73373758694ecE96C550612,5.71454E-08,1.668169818,1.668169875
0x4217f967a8923C071B2a76Dc57e6dA369f5Bca7F,4.51618E-08,1.668169818,1.668169863
0x43edCBE5be576B5FdAC57e3ab552B36a256bCBA7,2.08308E-09,1.668169818,1.66816982
0xDdA1839117919BB842F5F35ED026Dc8613f1a223,0,1.668169818,1.668169818
0xDA5b2cd0d0Bb26E79FB3210233dDABdB7de131C9,0,1.668169818,1.668169818
0x260EDfEa92898A3C918A80212e937e6033F8489E,0,1.668169818,1.668169818
0xf1FCeD5B0475a935b49B95786aDBDA2d40794D2d,0,1.668169818,1.668169818
0x3437c5b790b878c357aCff653349AA5072Ea5B00,0,1.668169818,1.668169818
0xf5ED909Ff51045A4c1a8fc194809108a6F33d656,0,1.668169818,1.668169818
0xBdDbc13abDC4d3b617c2e573C26cd5a7F24A0478,0,1.668169818,1.668169818
0xe4174066e7dE8D09F9E661EB03D9d4A632e896b5,0,1.668169818,1.668169818
0x9eDd192f2fd97698CD7332Ba2d9dda0c2ddd3E2D,0,1.668169818,1.668169818
0xCfA1868661fEFb8b9499D255685dE3f2eB6E98f2,0,1.668169818,1.668169818
0xf7Fc209829fEE6481726BD7cC493334f5465F89d,0,1.668169818,1.668169818
0x54C3A6d1DB1c37264411F7944f354Ea582Db6d80,0,1.668169818,1.668169818
0x54008ab19ae9D2AB8b3751B3Be11Bb562aF1a578,0,1.668169818,1.668169818
0x76bb5542F854430F31369369E9d690287DAe33fa,0,1.668169818,1.668169818
0x92a686623d801fB043d19dDDC0E034DAD0958f8C,0,1.668169818,1.668169818
0xD3ef3B3F952fA7c931463FFE65A92f51bb1b0f1F,0,1.668169818,1.668169818
0x596B74e6111b493167dfb0f570A3c07caAD78E57,0,1.668169818,1.668169818
0xa111ec0f48F2c4E99fEfa0A05E4F49f5d9d2871C,0,1.668169818,1.668169818
0xd79DB8A3111C7deAF206FDFb0dcC77C5d28EFE40,0,1.668169818,1.668169818
0xd41705a53272ac68AF2fb5E2be3469a3464500cc,0,1.668169818,1.668169818
0x516649dBd606A980E767BDedbCD882d91c859C9c,0,1.668169818,1.668169818
0x289D545e52B97524278f94672D2BE8c44eB3f369,0,1.668169818,1.668169818
0xe546E60D8cc8a85cF103d7B174bf1692DFA3f838,0,1.668169818,1.668169818
0xd0f46a5d48596409264d4eFc1f3B229878fFf743,0,1.668169818,1.668169818
0x71ce9Ac68B6E90D6847e040cd199F9d6A44828e5,0,1.668169818,1.668169818
0xa5f695d845Fee3aca1932Bee84f34A2485603b02,0,1.668169818,1.668169818
0x178379B4BbA3B5ACab18BEbb9E03abBd899827F8,0,1.668169818,1.668169818
0x3813f37d9f24190174B2517d955F691cB643bDbe,0,1.668169818,1.668169818
0xEf3FEA148B4933A9d8716842E093AACbFC96600c,0,1.668169818,1.668169818
0xD5B3D2A4fac2372CeB7E84ed23bE44AEb201F7FE,0,1.668169818,1.668169818
0x8449264E10F4181fB1e9218ec9b073a298fAF9D8,0,1.668169818,1.668169818
0xb87951b4cA89D476652187B23a7cff9E7809FDC3,0,1.668169818,1.668169818
0xAe0323a1122574a98dE50DA74465AB55a3529067,0,1.668169818,1.668169818
0x2fa37cb96c19E9B1F9aD060AEd00C0CFC727AE39,0,1.668169818,1.668169818
0x8761e0DD63d14cf566aCf4b730f3540f164B6b56,0,1.668169818,1.668169818
0xb0cd1B4d8635Fa0eCCa73D4Ede07ab7812D3a7e4,0,1.668169818,1.668169818
0x5D5CC66fc2f3829c399E47F7B71A5be4918a8851,0,1.668169818,1.668169818
0x75DE31874ecd755C6B000411074b74Ba5a467C19,0,1.668169818,1.668169818
0xb93aeb0E49f3c9E1F8dDb96460e44d478Ca1C505,0,1.668169818,1.668169818
0xC933c5634e4B973daeB4060eCeF618a56693Ac86,0,1.668169818,1.668169818
0x48E20Aa71bB52d7d17d93A868234510702F15603,0,1.668169818,1.668169818
0x968Fea58d680060ca1C547884eE40a02a8B53c23,1.569458189,0,1.569458189
0x639e82fDc52b3e6E5DcA32aDa7d73270E21903a8,1.506686021,0,1.506686021
0x1b51A36bB32bA6303e76aac15ef2058d362a59f9,1.492472936,0,1.492472936
0xe6374801AC57D72Ae89e2bf56c7bdb61FCA90C30,1.489715314,0,1.489715314
0x68DEb97E36275fe189f4d9db80e53aA96B17a04c,1.48642647,0,1.48642647
0x0327d97fE559fb16B3C63D90927487186219283E,1.475493121,0,1.475493121
0xC9E3FF1da87F942A54e91e83Cef6Dbe97af98A38,1.440812017,0,1.440812017
0x7FA3715BFffcE74a55d0FeCA8f5e14CbefD4c412,1.395160194,0,1.395160194
0xc87e3788764823CEDdD132CA2E697767de5ed4de,1.352294769,0,1.352294769
0x475476708AE9d5eE62b0E977aA37d4dd16281926,1.306878537,0,1.306878537
0x750B482C447700D5E17c0b8e6178a54e3769eCE3,1.259942374,0,1.259942374
0xbe19c6549874591367f0e1f91EC8aCa01Ae7b2AF,1.191258348,0,1.191258348
0x71A0Adb369DA76e300A9eC9f6e1ffcBa6e185182,1.174792271,0,1.174792271
0xbed58fA67Bd966A40460b42f065DccCb0fD4fE4f,1.034989106,0,1.034989106
0xDa5D339742caAc045B625A5dBE240162932f2C10,1.03167266,0,1.03167266
0xbC5e6cF484D1317ee285a1A441149657fA424a7d,1.018567888,0,1.018567888
0x335D81BdE46e127228b1E6a767B9A5A764bFCbDe,1.0140798,0,1.0140798
0xDbD7744f7dEfBcFFC0A327aE289Ad6345861C467,0.985231899,0,0.985231899
0xdba64f019c92649CF645D598322AE1aE2318e55b,0.974621795,0,0.974621795
0xaE8e6Cd806Ab8C593984ba275b4a2e45b27986eB,0.955345057,0,0.955345057
0xC81f4eF4Fbb4Fb8E7b92c99bb20E8AfD5D32D50F,0.933400414,0,0.933400414
0xe9aF007819204ae349808A8C12C2c5134C6A1f33,0.924354357,0,0.924354357
0xD95eFDa6a57AEa121d2eFCc4Dc0f14A93D5502aa,0.922629205,0,0.922629205
0xfa4a45D755eA1c2b72Dd581b3E05dde3bFc13fad,0.922320747,0,0.922320747
0x4F979e912D035d9AD0AbDF8c17E5B7a5a180762b,0.876097886,0,0.876097886
0x22dA1eEdeBC60C1b8c3a0c48f5C81BBE2b943dD9,0.873437187,0,0.873437187
0x422aCB80ca3fEe41D87C088ebC5659c7EB62Cf87,0.859640672,0,0.859640672
0xE1bCD0f5c6c855ee3452B38E16FeD0b7Cb0CC507,0.848654163,0,0.848654163
0x3d2B23962EBCc882f9f65452658BBBa9Fa72d170,0.83924449,0,0.83924449
0x0545a605a6B0c42Bb5bD01F918e17d7347095ACC,0.825305539,0,0.825305539
0x62eD8ea00796e46fDf8E1f5F84fE51484BF3daEf,0.815333342,0,0.815333342
0x29A4a663C6B44e4a9B49A429ef09bf3eD3FBF9f3,0.808743391,0,0.808743391
0x41b7533741E01B47aCD3B41292a7D109E5a3d8Fc,0.785777799,0,0.785777799
0xDF001929353D47Be8B50D84206910fAD4C64429f,0.758323357,0,0.758323357
0xD98b668744767aE6E9F437c0a09C4E414E05f832,0.741194704,0,0.741194704
0x80adc6DA57e97F33035899962278A5FAfF8492E4,0.709692789,0,0.709692789
0x49D2ee9822027E4596F9ccA57c1b52285b1e938D,0.708009345,0,0.708009345
0x87DF62ce33694fdf1ECf6AD930d533fAda05D62B,0.66826984,0,0.66826984
0xAE53c04D9bCcc1198167E538782805546f851603,0.667660478,0,0.667660478
0x3DD1B656fcC459Cc4CF203b53AAAbF8C85181f1d,0.645488539,0,0.645488539
0xfE3f16B1cB7CE908B5386F6643a691526d2a0A84,0.624843829,0,0.624843829
0x002d2715b179d0DB3e17cC28317A98F2F65E6884,0.615084213,0,0.615084213
0x4D64152d23260F399af956c6A777740Cfc263d1C,0.614326927,0,0.614326927
0x9Cf3B9716eb5AC0B8c4e8915796ADB3f478aB0e9,0.612851729,0,0.612851729
0xc8728Ae130381EB77Fc9a8b715564B00e83E19Df,0.605593619,0,0.605593619
0x67b4F300e6623DbE6f0358A87B16727781DF2160,0.603123013,0,0.603123013
0xb7b1Cc940Cc88640089028d4910De22E39e6D117,0.596716966,0,0.596716966
0x63Eb17f24FDF1a9e286831fE21ACf72C975E88fE,0.588713932,0,0.588713932
0x0F7c548C3c100e1AD6A1F092D95884Cc4dCEf4bB,0.575054057,0,0.575054057
0xE7dcF2B7bb30C638c67c3C2A6f3bb18335570B92,0.571834919,0,0.571834919
0xA4EAa59ea27a22D5e1B5D0a048991634dE3ba14e,0.571095641,0,0.571095641
0xB16C93cb45553bB442812034981FE44446Fd776B,0.565876605,0,0.565876605
0xc3fd1227DA579220Afeb28B400DaCC4Ad6523c7c,0.557736164,0,0.557736164
0xDFBCd20078b4346c185DEe24d143ad2f98956Ac7,0.533110666,0,0.533110666
0x44a529F72C9F5888C69e0F4A2614D91fd289aF7a,0.511742405,0,0.511742405
0xCBf382B27fd7Ef5729EA350a68E44b83e89756f7,0.511591147,0,0.511591147
0xA65BfcB60b3DCCB68Be2F9AF7b53eC6864eD6098,0.508602134,0,0.508602134
0x23554eA86b2a86111f8a2d3a65C0B1d39ec0c9b8,0.507730124,0,0.507730124
0xCf3c8e131AE0838d973BD0711e34F3199CFD2949,0.507698482,0,0.507698482
0x870Dc279570833A8c5A72FC7972681Db9A96CFb7,0.507328892,0,0.507328892
0x19223782AD6556B0De843156E968270e32A5c10c,0.507292323,0,0.507292323
0xBb24D282b6D733B9B575fbECF42c730333869ccD,0.495432066,0,0.495432066
0x1FB9a4D95f9271ccaa758E1F51eAD80dc117080a,0.491155583,0,0.491155583
0x1A920434d3E1320cb1806e14b9939499d8Fc8e56,0.489025927,0,0.489025927
0x7542A876BcCb7aD335370E27c0e0988476a95F46,0.487356669,0,0.487356669
0x54c053F4127b6bA19BACDd7bBF45646D95CaE49b,0.481795454,0,0.481795454
0xBaD81E37c8D4657672e4AE61BA5a49084dc5949E,0.476259417,0,0.476259417
0x83fEBcf72458393A3957cc9793A9F04FF59A3d45,0.47127493,0,0.47127493
0x17103203eb867DA8f0D5545cbA3894e743c33a06,0.465029371,0,0.465029371
0x935361EB81FFE4eEf326902AC37E8Aba82eDf403,0.436844537,0,0.436844537
0x36eFd9914d30b16575429516bfFf0f196062DCe9,0.407411229,0,0.407411229
0x348914e7a022A6dea361ED32E2555Db258d3cFbd,0.406545822,0,0.406545822
0x92CF1E3EE8b67Ee478C64706705Bdb4836146fc5,0.402925229,0,0.402925229
0x512a519A8C6b35b6AF39c3A6d219c56ab380dA13,0.38259933,0,0.38259933
0x44a3fa3c92F1421592ceCEb4D717907A217EbC62,0.366928286,0,0.366928286
0x3DF761F1845358003018e4Ca55E45F12F7e87C41,0.352605646,0,0.352605646
0x78C76e3DbE8E4081A42F4666c7Eca33F41678686,0.328258062,0,0.328258062
0x65D7624883aC2a33855AAE52969b5BD80EB4bf4C,0.325668425,0,0.325668425
0xe7DABc911F5a7250872da534a3eA5DFBAfbbaEd4,0.325195532,0,0.325195532
0x9023EfED128bd40917547722dB12c396Af044b50,0.319199022,0,0.319199022
0xcEf5aA3DfcE54388f477d0f6b6428729368f17C9,0.319030751,0,0.319030751
0x8F747EB4F5e4eDb0702FbADebe2Da915AF91fd90,0.311853424,0,0.311853424
0x7af3e669EBC7e6BE1a6c4bD6F6F8981B2f1B9032,0.305213629,0,0.305213629
0x9942796AfeFEa0C2C651b80fA0024B46F5827506,0.29450501,0,0.29450501
0x5e175E89eE8AC083f974210a75C1bA1d542A4fE4,0.287985699,0,0.287985699
0x0014c642ebEe2273D3790A485e4CF7674c34D886,0.274564638,0,0.274564638
0x2bD0C9219cedEeE318480cc8419941ac36E16c98,0.274122653,0,0.274122653
0x7D3E4e3B30572B3a0b28b2B8CC9FdDD2Bd77cd5d,0.270052189,0,0.270052189
0x463c31D1b752d39Fd205fBaa4cBBA6a8541AeFfa,0.266122927,0,0.266122927
0x26e138FEBc4912659D24C97343e99c1e7b7a8D5F,0.264681582,0,0.264681582
0x8C6d52329C31820F9f3Cf468E29309F9848f7942,0.263034061,0,0.263034061
0xBEE8bbBC85f226F2FC2490901f48958c41DF152d,0.262967506,0,0.262967506
0xf623146b3EE93BC86A626732fF177f8470ffE9cc,0.249514896,0,0.249514896
0x8351769502d43205668d6cDe2B83b362122f5f4A,0.241536683,0,0.241536683
0x526Fd056069DCf7B5c487Af4FA2b6ECC846E9152,0.238263147,0,0.238263147
0x4929f4d38F2955649b5aa34343da04cf790B9D92,0.226421076,0,0.226421076
0xCD8b301Ed7AD1B3Ad31c144023D75b1B8a5021fb,0.212772328,0,0.212772328
0xc99333906D6D3A854f819617f6eF48870ae78435,0.209111613,0,0.209111613
0x0EaC8004975d60eD458FDC3290f819C5CbEAD43c,0.208610815,0,0.208610815
0xf7c668dFCACA968F2cE01226DdB15EEB7210CF1D,0.208043142,0,0.208043142
0xEf4a6681Fbfa02b677B4e09b595ff94D8d794C6d,0.205962122,0,0.205962122
0xFb91A0D6Dff39F19d0Ea9c988Ad8DfB93244C40b,0.20470255,0,0.20470255
0x9Eb39D6694fe7cd61bE2Db9791c1Bde45aBE15c9,0.203063199,0,0.203063199
0xDFC1256E1DbB03257b18B5448adF43aAf57C5E9b,0.202473146,0,0.202473146
0x1F751b1da0e87B6372d7bE92106b6239fa7eFc60,0.200705267,0,0.200705267
0x0839f5C6cd90FdF95de496d0196C1e6016954c94,0.199586421,0,0.199586421
0x4d39a1758e3f5008123F81D4c1d2fbAA6Ee27Aae,0.196510634,0,0.196510634
0x209cC72C78999A4536Df882D969e49029605cd04,0.195981541,0,0.195981541
0xD4921407422A3E64F6ae78A0c38221a1119C8B7c,0.191780596,0,0.191780596
0x6facc0aA7783B18Af871a1388d5E516e1f249df9,0.190480873,0,0.190480873
0xfbA3DB1F52fcdcF93f23b16650C5b2443AC38763,0.173362691,0,0.173362691
0x1e7bb53C1Eefa4513B69FcBfA900b6bcE051A77B,0.159810643,0,0.159810643
0xFefd7E49FD2Ba5a3449D952fe883355bDad33dB5,0.15367594,0,0.15367594
0x25E441081898bA179D77362cE6E48Bcd1E949Ce8,0.152467635,0,0.152467635
0x24435Da3AcBAe0532b2Fb12839a938A78B32911C,0.151627929,0,0.151627929
0xbA431c3f9B6dFB27450616506B330E3Dd5f72E0a,0.148009451,0,0.148009451
0xa605c28Fad3E79B93B0003379b1A766Ee798E93A,0.14513061,0,0.14513061
0xA045622D9E30BF5F9A510089463f759773927308,0.139962794,0,0.139962794
0x9DA27A8692A96F1002c548DFcD9381E6157De4E7,0.136776458,0,0.136776458
0xaaD8F4b64EdDa413ab113FDb475Be706e2503478,0.134056534,0,0.134056534
0x6a7e0209AFAf36119F856c32E873c6E223dAC523,0.133946377,0,0.133946377
0x77f379C6EDEE12340a4Ea062d3bc571417E2b2aA,0.132885918,0,0.132885918
0xDb1345a4a059280fD1511339e372EfD026f2f6db,0.131048474,0,0.131048474
0x9730299b10A30bDbAF81815c99b4657c685314AB,0.127238316,0,0.127238316
0xfD9A9bCb6A7f3a26b7D0dE1Cb80458395429cc41,0.123997218,0,0.123997218
0x1B6242EFf17dF6e785DbAb2451D061796E7e1F3c,0.12145761,0,0.12145761
0xB50f74390506Fb87B7847E6f6e562db9c7f741ae,0.118544336,0,0.118544336
0x1CA8Ac289DcC10d24785091161890D76f6d54DD9,0.117765234,0,0.117765234
0x79d29F42b32ed8d77A1eECbAB3084912bbA55DaA,0.117728791,0,0.117728791
0x606233fDdcBdd318dE540395536e03708738Cea8,0.11675345,0,0.11675345
0x4Edf18EF30760e5d6500B789c9Ed37D5CD6B2264,0.116123362,0,0.116123362
0x4eDb4161D16c89b71Aec027930a943c3d4cf0777,0.11013577,0,0.11013577
0xD04f7a558d972dD15fe44Aa18266259DFe4cC52C,0.107554856,0,0.107554856
0x1Aa98720CB03feE96a17CC17919a021DE143887e,0.106773397,0,0.106773397
0x249880A80769b060A9CaaaaDd2CFf1c2F9072150,0.106418072,0,0.106418072
0xa03dEdE2EeCC86e590D343E42137940ab647d14b,0.10463343,0,0.10463343
0x147695813ef21fC2999Cb7a145Ffd9554146F721,0.104457408,0,0.104457408
0xFA7Bd4B2b8Ec60b35d881131f71D364A76cAd888,0.102383824,0,0.102383824
0x237F1Cb9C39fF08D7C3127749Cd82e2967fb38BB,0.102272845,0,0.102272845
0x10904e913f025d0DFe119D0D68A43c4754BB24d6,0.101546025,0,0.101546025
0x658AB0A138F70105859050d625f7b9893C64C325,0.101466322,0,0.101466322
0xA32f37Be0c7D84984c04F38122698E68935Af8a2,0.1011631,0,0.1011631
0xd74428cCdf2d1f5fe5Ae660C970F1f24c5907046,0.099842693,0,0.099842693
0x103Fd682DA21AC6c6D600dB095975eBACEf81306,0.099820797,0,0.099820797
0x5Cb4dB7c9f48A97115E8ADA31D0E974F36d8Fd49,0.098970635,0,0.098970635
0xC1c1d9b640A87a38b0C6dCAa045C747676d0E8E8,0.098560153,0,0.098560153
0x07557E561E7baA14BC8ac7040271AA1443d566e9,0.096962899,0,0.096962899
0x99c2880092d24ebA9ef37e96ECF1B36e6c9278Cd,0.096717183,0,0.096717183
0x0ed2442C03091BD58Cf49710D793a634FF695B7d,0.095512389,0,0.095512389
0x251762e6013f0B366D3FCB24A1451a110F65675d,0.095390146,0,0.095390146
0xaCf87623Ce89e5b0976D137406D77B271F31C422,0.092265909,0,0.092265909
0x4aD9d5d0C75542795c5b92EbF34f63a52464a5B9,0.084971155,0,0.084971155
0xd34bc82B9092f5334056daC1aF8cd5d32aBc6802,0.083914217,0,0.083914217
0x8D0734865F984374435d5E9f814a9704fdc51a64,0.083167146,0,0.083167146
0xa930042ED3c445CddE4566751F304A0bb25dB33A,0.081813372,0,0.081813372
0xec13489D022102dDE8234d8C22b25b0BEd2E7B54,0.081322042,0,0.081322042
0xb7aD24ef67E01c5a353477Abf81E867cAb48A132,0.076517311,0,0.076517311
0x6F3d718e611C6B8D18656923D0FbCeB59A3221A8,0.075778532,0,0.075778532
0x531C30b870fb23FbFC31e7D06cAC342f3B2D9840,0.073630962,0,0.073630962
0xB8aaFBE4999Ca1057e26DcF7B1470070c3101ba5,0.072858334,0,0.072858334
0x883A5Ed5ea342F1d14695d8A0CfaDa210466de37,0.069421347,0,0.069421347
0x002E7eA05D6721A04cD36ab5E9f2c72338d7f7f3,0.068982852,0,0.068982852
0xc0A9281B18FBff16019f497be053cc9864047347,0.063346647,0,0.063346647
0x005f16f017aA933bb41965b52848cEb8ee48b171,0.061935095,0,0.061935095
0x6Bfc2cc988C513A481607777990F7799E84B1442,0.061358941,0,0.061358941
0x70d545fB144Db628f7Ef75cb7Bc2a3E80d1798fC,0.061130844,0,0.061130844
0x30AF6Bcfd680f01Df88bf267aF097bd84eF7e0c5,0.060825241,0,0.060825241
0xB9c2cd6bc7291297377E32B9c40c20fbA3C49352,0.055677141,0,0.055677141
0x5A010c2f9182c03a2247b2dAa9fe5033B727A06a,0.053236493,0,0.053236493
0xf5a8E355621E487c1E2F2D55f0070a084427661F,0.051206938,0,0.051206938
0x86d0b57d59e67a57623fd0119aE141Db1140ff79,0.051164183,0,0.051164183
0xa4D8854dB6e5405eef75da8B401Da7D7c713787f,0.051130653,0,0.051130653
0x15252F0327D916Be16b4FE23a6e846c223fE9CdE,0.047879291,0,0.047879291
0x5F8C61DDf6a4d971866c5923409293fc36A6041a,0.045551555,0,0.045551555
0xed50Ae645CB182D97e9cd59c7E939a09d54E70Da,0.044997071,0,0.044997071
0xDa7Ba364dc71527055608A76f816BEF129AE6dBa,0.041658511,0,0.041658511
0x246d9F7DAE566063990d9BF138a8b38c59089310,0.041176389,0,0.041176389
0x37fD5Ad757C529a88F144d9D5F72dF8AE3083049,0.040939958,0,0.040939958
0xB87E0Cd193517B91364A04d510ac23c7C20a32b7,0.040746837,0,0.040746837
0xfDF7fb637a50192BC9016e6156babb3f9004EF9b,0.040558235,0,0.040558235
0x64f961EeC2ba222DCba8Fa354F03e27529b96F5B,0.039447495,0,0.039447495
0x006be8Ae03459bCd73DaEDA911dE34Bc98F387A5,0.038818156,0,0.038818156
0xF5647bEaBA520C2BD06eD77212E22aF093FE70E3,0.038809656,0,0.038809656
0x9c92C1ef6606396B8dE0D0620A4Dd37f7c0A7527,0.037635406,0,0.037635406
0xFfF6b41a29881fC97bD6E8778529B1E37597d94a,0.026402848,0,0.026402848
0xB3C523b3c77414837C5ca605BE570FD9a04d531D,0.025369879,0,0.025369879
0xDb8935b2e0002E7927FB7a109f31E5f7F2E73f70,0.024446056,0,0.024446056
0x85AF33A8875e07524C8a220F5aB2922C69DEC15D,0.022340118,0,0.022340118
0xE83B9A1B9056B21a01b85162E77AD76a42A1c64B,0.021128303,0,0.021128303
0xfe0D666e2B1A69d57475C4D516AF1fD47FD2173c,0.02047008,0,0.02047008
0x04C873241fe90e09CEaa93CDab3cC5C55ab863Cd,0.020453109,0,0.020453109
0xBf8aB1e63A9b883A6B5A396cb5A36138af6E020A,0.020451781,0,0.020451781
0x2c640AC98E293Daa246F98D2828E328A06FA6936,0.02034672,0,0.02034672
0x8a213bEf3fa155c26F14277A7a3b16DCE39772A0,0.020306709,0,0.020306709
0x346D3581ccB117c09B6F4D34c576A4651bec99aD,0.016362674,0,0.016362674
0xa42aA9581D82E538E4c0966E9d88ED2090928219,0.016248269,0,0.016248269
0x3D1b6e6757cC0334f0b468F4c7C93b3B30859649,0.014317063,0,0.014317063
0x824877Ea01fbc2dF1DD89c5492FA724aE3A8e8AE,0.013428109,0,0.013428109
0x3560af9b737676483f8c8f2803Ee4F95368941fC,0.012268598,0,0.012268598
0xF61397E4b0FF46E78b34D5f72B49b4d46e8c96DD,0.010238615,0,0.010238615
0x2127AA7265D573Aa467f1D73554D17890b872E76,0.010235811,0,0.010235811
0xa768b6A093198Aab126F199AE9bcb234DDB62326,0.010226384,0,0.010226384
0x46aafAe06C3e1dF6Cd7Dd5898399BFdD178fFb01,0.009870274,0,0.009870274
0xB71Fb919489092f5262cc39235F1bD18F728Dd4B,0.009809888,0,0.009809888
0xc2fB773304Dbe9215Fa1ff1AAe87815f4f8A27ca,0.009776319,0,0.009776319
0xe69C2f976bdF4Eb965f4807C03eedF810Fe7C97A,0.00613595,0,0.00613595
0xcd950256f924a0Eadb6B705f7A43EDF1F67C92Fa,0.006131751,0,0.006131751
0x656ff4527625b80c1516414fd0F965e6d24Acbb8,0.005523886,0,0.005523886
0x87a78919AdC0A79303940418A9C35AD7A5F31561,0.004103226,0,0.004103226
0xE2C6a4a3A83399775BA104f16F94D2eAe905d409,0.004103226,0,0.004103226
0x9517DD3573A349AeCaba61b67fa22d74aB2E7460,0.004061379,0,0.004061379
0x3b486D3B5DedD0f87C6A58A2217CDC305Cd43a1b,0.003574419,0,0.003574419
0x4734e2F2d5C314DAd4ab38403B56dc0c48d2e5A4,0.003391155,0,0.003391155
0xdB19555BE6b11dA29b4DBB8D977Db92fBED4407c,0.002052231,0,0.002052231
0x23a057A8289B8E636905cb9eE46b791Ab1AB5f63,0.002037314,0,0.002037314
0xD4b1a5c065C53D89fA2018f17aD6396DE87a390d,0.001474236,0,0.001474236
0xBfe09443556773958bae1699b786d8E9680B5571,0.001288318,0,0.001288318
0x03aD93E9F86e7D1AF7603D968db5898110091Fc8,0.001154818,0,0.001154818
0x010afb8548a5D1a3a3D62f58CA0a5A1329974206,0.00101546,0,0.00101546
0x212607B0B98e8b81CF7127858491f00a9aa9e382,0.001014021,0,0.001014021
0xC43c932Afd7046d2b608405B6edc0F4E03F990Ba,0.000876654,0,0.000876654
0xe2E0ce6A344E6E4f2811C430d1827Ff66c6417E9,0.000245438,0,0.000245438
0xA64a287F973700388C631378067Ab8F01618514d,0.000133038,0,0.000133038
0xb9D8286cB05C873AEb564cd5Fe1338a38Fb3Bb39,0.000118942,0,0.000118942
0x9fBD237a72292a475D6470b7bE99a9c237D28fdA,7.64996E-06,0,7.64996E-06
0xdCDc977e90Ad7980d8BbA4090dbB0EB70530B845,1.85373E-06,0,1.85373E-06
0x09949281E3247d8901Be507d32Ac8D8e12242a21,2.00084E-07,0,2.00084E-07
0x793646171f7Fa0440429B3e8b25C2e12Cc397477,1.91552E-07,0,1.91552E-07
0x2c628914A9C4809C4A6AaBff889851444F64e457,1.83793E-07,0,1.83793E-07
0x2D5fb2F4ba7CF302028ED417c16f22A76b835a51,1.78132E-07,0,1.78132E-07
0x741DF195c5c1d860A13AF1A984303feB1cc7F001,1.77283E-07,0,1.77283E-07
0x8EA8721F27eFcAaBB3901Ed6756505Ab873F15a7,1.77131E-07,0,1.77131E-07
0x941a95E58A293f1D8b5b43dFBdE07569ca96Bd90,1.75664E-07,0,1.75664E-07
0xb26B4A4BBA425aC28224cFDd45B4Bd00C886cC33,1.75206E-07,0,1.75206E-07
0x841D4Ff88010194DC7d4370E3Ae94bE1B4caa573,1.74673E-07,0,1.74673E-07
0x5Fc75cbbCdDf4398c5c2949a5736e299C1440576,1.67002E-07,0,1.67002E-07
0x90C341b5aF48Eb1777cDc2C985b547A8eb9Ea9da,1.62002E-07,0,1.62002E-07
0x73CB48Cf053B3C50Dd61B07d86617fDb8c070d25,1.60897E-07,0,1.60897E-07
0x9E0cb017C0E96b2fBc06Cd30B6F38f8E474e100A,1.59776E-07,0,1.59776E-07
0x680800F9e4A4bf3D61856beB12F58f0f62c99257,1.59608E-07,0,1.59608E-07
0x7989E741E0859b8C46475424c1a4A95D7F91Eea3,1.4457E-07,0,1.4457E-07
0xc19feA1B78A7E21E77B3160C10e69A3869A7b75A,1.41586E-07,0,1.41586E-07
0x789C552F1F3ac2FaA8fbD901CF4C3FD3b45C1A66,1.4104E-07,0,1.4104E-07
0xd949B19355f86cED38aAa7B58630404aC46e9B7b,1.3691E-07,0,1.3691E-07
0x29F4BC513421e123fd9A8cd4C159E40405eA02FE,1.32324E-07,0,1.32324E-07
0x5bb504E6f93E19C806d19083a8EC31d0D1e16856,1.32131E-07,0,1.32131E-07
0x2b734fa9B33CE0FaEbF93Ee0FAcA874b15BEB2cA,1.2566E-07,0,1.2566E-07
0xd362054D9703dE62c985222f40DD8b6b3Ce2D8DE,1.22639E-07,0,1.22639E-07
0x4BC0D1333D0a2ACa84c52a96C089798a1f41dbc3,1.07957E-07,0,1.07957E-07
0x0Dc7eB59fD19687cED582801dD89856fa13B8f41,1.07318E-07,0,1.07318E-07
0x9A8ab692a6D73242C74a727Ac7587aEda778B131,9.77351E-08,0,9.77351E-08
0x1758aC3FaB3C0Eaba6314e098e23bCcF456d33A2,9.46916E-08,0,9.46916E-08
0x7244B81B70Cd21Fb720e8E43E6491D9b87c1C23E,8.21847E-08,0,8.21847E-08
0x8CbF96319b3C56d50a7C82EFb6d3c46bD6f889Ba,7.52817E-08,0,7.52817E-08
0x20Bfd85C389A85551A02C3feFDEb8B74402a79cA,6.7758E-08,0,6.7758E-08
0x0c404F55595ab844D519a084fF1B8cB36AAAD1d1,6.7267E-08,0,6.7267E-08
0x968f1d35f721606d8079e42670b6D153CD4626F6,5.76569E-08,0,5.76569E-08
0xBd617f592d27cFCD015F6d554B2e83133b663182,5.56827E-08,0,5.56827E-08
0x71C38305448e21f9CA3ed8d89e8Ad38dd0ea244F,5.41597E-08,0,5.41597E-08
0x3D16451A4B73e778BFEC126025bA79716a17E32d,4.59009E-08,0,4.59009E-08
0x9a0E09d47c84F1Ac3800E9a0FB0D732CA1c3F6b3,3.62313E-08,0,3.62313E-08
0x3049CFDADC637212740b7061b2169E6e0311422E,3.3753E-08,0,3.3753E-08
0x100EF369bcbC42e47B712CC6E29eaF141F70443E,3.34394E-08,0,3.34394E-08
0xbD538A24BeE43033aDFD4EEee99003eFa31c31bc,1.70429E-08,0,1.70429E-08
0x5EeDe1C45E4401d7D95E55446dAd71B511328534,1.13623E-08,0,1.13623E-08
0x8B6E7c1a343EFd9c7D1E9E06cdae24d5A664DEF3,4.6335E-09,0,4.6335E-09
0x6E9886aC892EC46A4CBb77E28B94Db4ddfc8Fb21,2.65248E-09,0,2.65248E-09
0x763c823E2bdd66538C85736B1784031Fa4d993F6,1.41876E-11,0,1.41876E-11
0xD390Fc3C23AB8C8bD20416F1ABcaac05637AC501,1.40279E-12,0,1.40279E-12
,,,
,4675.88,4675.88,9351.76