token_type,token_address,receiver,amount,id
erc20,0x580A84C73811E1839F75d86d75d88cCa0c241fF4,0x329c54289Ff5D6B7b7daE13592C6B1EDA1543eD4,203.195,
erc20,0x580A84C73811E1839F75d86d75d88cCa0c241fF4,0x5e5FFEf1103717f17a9A155D0c7646EC5e16551E,455.7938683,
erc20,0x580A84C73811E1839F75d86d75d88cCa0c241fF4,0x00dEcFEec5d6D9D77275CFdc1e447cF284Ae13e2,195.9843406,
erc20,0x580A84C73811E1839F75d86d75d88cCa0c241fF4,0x8c0ad528b58b83b50206C81AD35631C02478039b,192.5999028,
erc20,0x580A84C73811E1839F75d86d75d88cCa0c241fF4,0x54008ab19ae9D2AB8b3751B3Be11Bb562aF1a578,111.0932755,
erc20,0x580A84C73811E1839F75d86d75d88cCa0c241fF4,0xefb3141fF2CC4BAcC32274560F67Ce44A02b47a2,82.1992361,
erc20,0x580A84C73811E1839F75d86d75d88cCa0c241fF4,0x0883090dA1AfEcbD88Cd18e5Df1A671A13cA8f77,74.70077324,
erc20,0x580A84C73811E1839F75d86d75d88cCa0c241fF4,0xF981a33484E26Cab32963AA37618c4440Abf67cf,74.68241299,
erc20,0x580A84C73811E1839F75d86d75d88cCa0c241fF4,0x8565faab405b06936014C8b6bD5Ab60376Cc051B,74.65870672,
erc20,0x580A84C73811E1839F75d86d75d88cCa0c241fF4,0xbA018D9d99714616BaBfA208d2fAA921fa0c2D28,73.25403446,
erc20,0x580A84C73811E1839F75d86d75d88cCa0c241fF4,0xd281F988242C900d67fF2aafABe683B8004Ee778,63.12526404,
erc20,0x580A84C73811E1839F75d86d75d88cCa0c241fF4,0x59bdFB381CA2080D0D042903e776D3DCb548050A,52.20121842,
erc20,0x580A84C73811E1839F75d86d75d88cCa0c241fF4,0x9824697F7c12CAbAda9b57842060931c48dEA969,43.00237404,
erc20,0x580A84C73811E1839F75d86d75d88cCa0c241fF4,0xc5Df8672232f1C2b75310e4f2B80863721705a12,30.99830018,
erc20,0x580A84C73811E1839F75d86d75d88cCa0c241fF4,0x4a39beD3F97ac8e4774b7407dE7090E7A1050A69,24.48693931,
erc20,0x580A84C73811E1839F75d86d75d88cCa0c241fF4,0xF1E34bdc4D2316f27a5A61E2d5679292Faf67A4f,23.07192946,
erc20,0x580A84C73811E1839F75d86d75d88cCa0c241fF4,0xf2B9ec5724dC97362A53907c0b4cc0AA72369e63,11.53977232,
erc20,0x580A84C73811E1839F75d86d75d88cCa0c241fF4,0xe7d51F5419dd26320a8d75507f214c8deF731bF8,10.18830041,
erc20,0x580A84C73811E1839F75d86d75d88cCa0c241fF4,0xF17fAf9978B2F0087E6c78553Ede42D15abF76c5,9.858906199,
erc20,0x580A84C73811E1839F75d86d75d88cCa0c241fF4,0xb74125Df13CB9194D93d8b62e0DB30352f2B8001,8.697539548,
erc20,0x580A84C73811E1839F75d86d75d88cCa0c241fF4,0x4177a5c0E2369F6830A4c3825aFc8fB3Dd47790D,7.68073843,
erc20,0x580A84C73811E1839F75d86d75d88cCa0c241fF4,0xbed58fA67Bd966A40460b42f065DccCb0fD4fE4f,7.613711815,
erc20,0x580A84C73811E1839F75d86d75d88cCa0c241fF4,0x636bFC1dAde24c7E60E5807795E4534D42cb5803,7.475501645,
erc20,0x580A84C73811E1839F75d86d75d88cCa0c241fF4,0xd0548DbBc3683a6C0B6A98445372C403585Dea20,7.465870672,
erc20,0x580A84C73811E1839F75d86d75d88cCa0c241fF4,0xc0AFEF712a1341cA78dA145B2AFAd346E8C3574F,7.465870672,
erc20,0x580A84C73811E1839F75d86d75d88cCa0c241fF4,0xa05f67c36cb5fE19Aca3fDb8b4671F4b2d46E421,7.224359462,
erc20,0x580A84C73811E1839F75d86d75d88cCa0c241fF4,0x56f820BC0bB5326C74b804CEbAA37C3EE7524f8E,7.077645397,
erc20,0x580A84C73811E1839F75d86d75d88cCa0c241fF4,0xF3080047c88F0561B310dfa4e79592F277E13B26,6.913918853,
erc20,0x580A84C73811E1839F75d86d75d88cCa0c241fF4,0x99655CA16C742b46A4a05AFAf0f7798C336Fd279,6.643579676,
erc20,0x580A84C73811E1839F75d86d75d88cCa0c241fF4,0xaB9786A5e330B50e44579132b8A3Cf7C1c3A9517,6.262399973,
erc20,0x580A84C73811E1839F75d86d75d88cCa0c241fF4,0x1163E75d2bf3E0ffDB3602FBe0aBA099D5c20e3c,5.838758818,
erc20,0x580A84C73811E1839F75d86d75d88cCa0c241fF4,0x1e204ED6B3BC5e976c5103EfF2f624BcCB8D8bC1,5.521996413,
erc20,0x580A84C73811E1839F75d86d75d88cCa0c241fF4,0x157DD18CF70815dF7c25948ced9760aA61f6DF17,5.309503246,
erc20,0x580A84C73811E1839F75d86d75d88cCa0c241fF4,0xC7c7D9d19069312918147905e20b003D3B3B1E35,4.954316869,
erc20,0x580A84C73811E1839F75d86d75d88cCa0c241fF4,0xe7ef5F4803E85f91871Bc8f4a609b954F2112ac9,4.932402118,
erc20,0x580A84C73811E1839F75d86d75d88cCa0c241fF4,0xb7b1Cc940Cc88640089028d4910De22E39e6D117,4.584044593,
erc20,0x580A84C73811E1839F75d86d75d88cCa0c241fF4,0x8C9F3175d8aa227ecCdBc21B95bC5fA328006A0f,4.571725906,
erc20,0x580A84C73811E1839F75d86d75d88cCa0c241fF4,0x0b3CEf9F913f4F08bba1ED0FD5BA892C0FeC5617,4.571725906,
erc20,0x580A84C73811E1839F75d86d75d88cCa0c241fF4,0xB27f6Df486ef5dEE2e3A4DC4f257DD63E5A5e371,4.365067608,
erc20,0x580A84C73811E1839F75d86d75d88cCa0c241fF4,0x605572243c30Af7493707C9c8E8aA2Ee25537e9A,3.896460942,
erc20,0x580A84C73811E1839F75d86d75d88cCa0c241fF4,0xe0f1F6d9b57DB098a1c786a835A55A1Ff64d39EE,3.732935336,
erc20,0x580A84C73811E1839F75d86d75d88cCa0c241fF4,0x7af4922fc22037D573e889201bE7C38E42f22220,3.679703678,
erc20,0x580A84C73811E1839F75d86d75d88cCa0c241fF4,0x88d5EB1993dD04bf2175f940e64fD49A90D13F8b,3.661486954,
erc20,0x580A84C73811E1839F75d86d75d88cCa0c241fF4,0x090445BA57A90EdC50CB7Ca50DC33D6b05125e20,2.856864964,
erc20,0x580A84C73811E1839F75d86d75d88cCa0c241fF4,0x9F533Eec49dc2DBbf495F1cD687c2536d424bE07,2.754309008,
erc20,0x580A84C73811E1839F75d86d75d88cCa0c241fF4,0x3DD1B656fcC459Cc4CF203b53AAAbF8C85181f1d,2.618928665,
erc20,0x580A84C73811E1839F75d86d75d88cCa0c241fF4,0x5EB476bFD8C1a9Ba7A9663543a6686193b42600c,2.612980077,
erc20,0x580A84C73811E1839F75d86d75d88cCa0c241fF4,0x1A760e3A431c8B9C075eD1280C8835a1a0F1651b,2.598122994,
erc20,0x580A84C73811E1839F75d86d75d88cCa0c241fF4,0xe7DABc911F5a7250872da534a3eA5DFBAfbbaEd4,2.501066675,
erc20,0x580A84C73811E1839F75d86d75d88cCa0c241fF4,0xc928499a080594C8854D1A46DCAe5E862acC5d08,2.439860109,
erc20,0x580A84C73811E1839F75d86d75d88cCa0c241fF4,0x5039E2936ec2a588CaD92E4EDCf41a1D3a443186,2.31001244,
erc20,0x580A84C73811E1839F75d86d75d88cCa0c241fF4,0x79a0E19c6410284598AFf270fCef21cb7827E61E,2.261489899,
erc20,0x580A84C73811E1839F75d86d75d88cCa0c241fF4,0xa1BbD8D39eD536DEa030A32F3F6C5916C845A800,2.242190394,
erc20,0x580A84C73811E1839F75d86d75d88cCa0c241fF4,0xc8728Ae130381EB77Fc9a8b715564B00e83E19Df,2.239761202,
erc20,0x580A84C73811E1839F75d86d75d88cCa0c241fF4,0x612356EA7E7F2D9d9BDC1aF83043Eb6f14061Dd4,2.042064946,
erc20,0x580A84C73811E1839F75d86d75d88cCa0c241fF4,0xA9bEA5C0C25E4D02d56CBFE9A7564c3CcF599617,1.926194633,
erc20,0x580A84C73811E1839F75d86d75d88cCa0c241fF4,0xfa4a45D755eA1c2b72Dd581b3E05dde3bFc13fad,1.866467668,
erc20,0x580A84C73811E1839F75d86d75d88cCa0c241fF4,0x4961a4c211E482C45b09e02848575324cf86F988,1.698560237,
erc20,0x580A84C73811E1839F75d86d75d88cCa0c241fF4,0xa499Df2Bdae854093e5576c26C9e53E1b30d25E5,1.557057966,
erc20,0x580A84C73811E1839F75d86d75d88cCa0c241fF4,0x31F10E898CA5432c95e287e671BC1EFef8Ce5362,1.493846063,
erc20,0x580A84C73811E1839F75d86d75d88cCa0c241fF4,0xdB19555BE6b11dA29b4DBB8D977Db92fBED4407c,1.425909351,
erc20,0x580A84C73811E1839F75d86d75d88cCa0c241fF4,0x349a163d796546d34e8998948a205FdAeE14e718,1.382455272,
erc20,0x580A84C73811E1839F75d86d75d88cCa0c241fF4,0x4A32007040567190BeD4fa6Ff3f5A03C0d47C9D7,1.37778755,
erc20,0x580A84C73811E1839F75d86d75d88cCa0c241fF4,0xf1FCeD5B0475a935b49B95786aDBDA2d40794D2d,1.299061497,
erc20,0x580A84C73811E1839F75d86d75d88cCa0c241fF4,0xCFB7Ab914C8B93391cB5B2Ba95fa7239e1ee2bbc,1.21693692,
erc20,0x580A84C73811E1839F75d86d75d88cCa0c241fF4,0x3237835f43A7336005262C724CE5886ac406417F,1.172531558,
erc20,0x580A84C73811E1839F75d86d75d88cCa0c241fF4,0x603A2531b6BAb9666C77042B1dA1639c9C5D1c33,1.136828127,
erc20,0x580A84C73811E1839F75d86d75d88cCa0c241fF4,0x8c904FacfcC37c5c9d09f014e4b657342524F1e4,1.109503041,
erc20,0x580A84C73811E1839F75d86d75d88cCa0c241fF4,0xd07f70Dd326A34a00961139458d86c6A30FcdCA5,1.093573262,
erc20,0x580A84C73811E1839F75d86d75d88cCa0c241fF4,0x18829e507e072aF3697eD1A33a6d8D53a86f11a9,1.013422584,
erc20,0x580A84C73811E1839F75d86d75d88cCa0c241fF4,0x04f34aAfD1cB080F5ad336532223c3A058B3F0b6,0.990646379,
erc20,0x580A84C73811E1839F75d86d75d88cCa0c241fF4,0xB728311c5557f82050CDa1bbE98DfF6595BE969a,0.955631446,
erc20,0x580A84C73811E1839F75d86d75d88cCa0c241fF4,0x0AfC923A39acCF090540CC67480b6dd338188144,0.918526069,
erc20,0x580A84C73811E1839F75d86d75d88cCa0c241fF4,0xBb46A8ee4315a37C56AEcE45783045722dFD72a7,0.906151283,
erc20,0x580A84C73811E1839F75d86d75d88cCa0c241fF4,0x34EC9c1D89cE8Afa701D079FD908FcA95f49667a,0.895904481,
erc20,0x580A84C73811E1839F75d86d75d88cCa0c241fF4,0x005f16f017aA933bb41965b52848cEb8ee48b171,0.875082308,
erc20,0x580A84C73811E1839F75d86d75d88cCa0c241fF4,0x5d5D7CA38EB488F49DD700c786a1b7Baa31b4486,0.873506869,
erc20,0x580A84C73811E1839F75d86d75d88cCa0c241fF4,0x8E13649613B774Ab67D1C1eDfc22a2202270fD81,0.814088017,
erc20,0x580A84C73811E1839F75d86d75d88cCa0c241fF4,0xEb7989a7C04b70cEA2bef6C2160ab7AFCa2A0d98,0.798178504,
erc20,0x580A84C73811E1839F75d86d75d88cCa0c241fF4,0x294C3c4F59b7A422230e59700BC0ae11020Aa1c8,0.765923672,
erc20,0x580A84C73811E1839F75d86d75d88cCa0c241fF4,0x0b81aC392FDdF9d9cDebf238757Df5e834a8AFe2,0.759652341,
erc20,0x580A84C73811E1839F75d86d75d88cCa0c241fF4,0xd6715f048B7812F6fcFd04a84CcE9F391968e705,0.753354895,
erc20,0x580A84C73811E1839F75d86d75d88cCa0c241fF4,0xaA983Fe498c300094B708c3B48deDE9bd91A0183,0.748528194,
erc20,0x580A84C73811E1839F75d86d75d88cCa0c241fF4,0x6Bfc2cc988C513A481607777990F7799E84B1442,0.746587067,
erc20,0x580A84C73811E1839F75d86d75d88cCa0c241fF4,0x25612e8bd7683De22dA45D717D0493B0e96424b4,0.746587067,
erc20,0x580A84C73811E1839F75d86d75d88cCa0c241fF4,0x4C5d1029C2c64fC6477529d5A391cA667a514B4C,0.677378446,
erc20,0x580A84C73811E1839F75d86d75d88cCa0c241fF4,0xa8bd174385B14F880F8b7F06894Cc1bF265Db32e,0.67689766,
erc20,0x580A84C73811E1839F75d86d75d88cCa0c241fF4,0x9C48c80064975C01d5E4b7ed528aC1d124355CAF,0.653786295,
erc20,0x580A84C73811E1839F75d86d75d88cCa0c241fF4,0x8CbF96319b3C56d50a7C82EFb6d3c46bD6f889Ba,0.634599007,
erc20,0x580A84C73811E1839F75d86d75d88cCa0c241fF4,0x002d2715b179d0DB3e17cC28317A98F2F65E6884,0.607348579,
erc20,0x580A84C73811E1839F75d86d75d88cCa0c241fF4,0x6129aEAf582DD8B748772E19FB7A80Af26d4C2d3,0.589654466,
erc20,0x580A84C73811E1839F75d86d75d88cCa0c241fF4,0x251762e6013f0B366D3FCB24A1451a110F65675d,0.587330498,
erc20,0x580A84C73811E1839F75d86d75d88cCa0c241fF4,0x7a9A2FFA209C212e8c36e74FB209518E959F65dB,0.561060181,
erc20,0x580A84C73811E1839F75d86d75d88cCa0c241fF4,0xCD05a3969c5158D658a9bDF3Ee6eBcC0712a0292,0.560850763,
erc20,0x580A84C73811E1839F75d86d75d88cCa0c241fF4,0xB203df26AF3666f4214661f7f903C46EDF9403b0,0.517057004,
erc20,0x580A84C73811E1839F75d86d75d88cCa0c241fF4,0x260EDfEa92898A3C918A80212e937e6033F8489E,0.514398489,
erc20,0x580A84C73811E1839F75d86d75d88cCa0c241fF4,0x4a47096E0dDD4EEd05eF00f0F081bc7700c6DD75,0.514099854,
erc20,0x580A84C73811E1839F75d86d75d88cCa0c241fF4,0xfE3f16B1cB7CE908B5386F6643a691526d2a0A84,0.480578095,
erc20,0x580A84C73811E1839F75d86d75d88cCa0c241fF4,0xE1bCD0f5c6c855ee3452B38E16FeD0b7Cb0CC507,0.44810906,
erc20,0x580A84C73811E1839F75d86d75d88cCa0c241fF4,0x5687a9eC9d71AE22D738D0Bc4Cc64f23e8345E34,0.441830226,
erc20,0x580A84C73811E1839F75d86d75d88cCa0c241fF4,0x9ded7B691962446704C7bD7D0dfb1F028a2a52F1,0.416147631,
erc20,0x580A84C73811E1839F75d86d75d88cCa0c241fF4,0xB71Fb919489092f5262cc39235F1bD18F728Dd4B,0.411993565,
erc20,0x580A84C73811E1839F75d86d75d88cCa0c241fF4,0x956F1CE3ff2ea59A8b41DF83Ce9F85ED59D73F92,0.411145498,
erc20,0x580A84C73811E1839F75d86d75d88cCa0c241fF4,0x7Fe4D3F9A56444A7A779d691B1C1c2421c0C9AaB,0.405210081,
erc20,0x580A84C73811E1839F75d86d75d88cCa0c241fF4,0xbEE2D469AACB46251aE33Cca91F482e26c971dFF,0.403157016,
erc20,0x580A84C73811E1839F75d86d75d88cCa0c241fF4,0xEc503C9FAC9ccc823ab7F7cebe8953d7ee4CC5AC,0.385085311,
erc20,0x580A84C73811E1839F75d86d75d88cCa0c241fF4,0x329c54289Ff5D6B7b7daE13592C6B1EDA1543eD4,0.363890566,
erc20,0x580A84C73811E1839F75d86d75d88cCa0c241fF4,0x11f11DAFde2eD523CD935184dd28876cE52F1652,0.348357526,
erc20,0x580A84C73811E1839F75d86d75d88cCa0c241fF4,0x5a5D07EF209bF2e2608405cfB0B7D7d5df396a36,0.342086194,
erc20,0x580A84C73811E1839F75d86d75d88cCa0c241fF4,0xf1CD34aFA3e93559Ef2e26e06d39A1A707bE4fB4,0.341488925,
erc20,0x580A84C73811E1839F75d86d75d88cCa0c241fF4,0xC5aFc3a0F462C5a387393421b6A253204a3Be8D2,0.32849831,
erc20,0x580A84C73811E1839F75d86d75d88cCa0c241fF4,0xf041e368e33d7f28dec1918D52D691C383f42e2d,0.299232097,
erc20,0x580A84C73811E1839F75d86d75d88cCa0c241fF4,0x60523Cd3F5CF0061C6f042545371Fa6ff8cD397B,0.298634827,
erc20,0x580A84C73811E1839F75d86d75d88cCa0c241fF4,0x13E965baAFDa80C7501c23cbED282d5e53e3066B,0.292378427,
erc20,0x580A84C73811E1839F75d86d75d88cCa0c241fF4,0x547c0dbd2FC303c8e97475Ec072A58DE60EC134a,0.281605176,
erc20,0x580A84C73811E1839F75d86d75d88cCa0c241fF4,0x6994ba66FD6789044c4aD43786CC16840d099C8a,0.263097282,
erc20,0x580A84C73811E1839F75d86d75d88cCa0c241fF4,0x071D217637b6322a7faaC6895a9EB00e529D3424,0.228082349,
erc20,0x580A84C73811E1839F75d86d75d88cCa0c241fF4,0x37fD5Ad757C529a88F144d9D5F72dF8AE3083049,0.227444934,
erc20,0x580A84C73811E1839F75d86d75d88cCa0c241fF4,0xBD2402D96474493BaDC395C3Db061A71b3f0cEB7,0.226663834,
erc20,0x580A84C73811E1839F75d86d75d88cCa0c241fF4,0x937Df4e3d6dB229A10ff0098ab3A1bCC40C33ea4,0.22397612,
erc20,0x580A84C73811E1839F75d86d75d88cCa0c241fF4,0x7821f46f652D5485d6E4FE3B66F30DA3351fc6f7,0.22397612,
erc20,0x580A84C73811E1839F75d86d75d88cCa0c241fF4,0x282c8d5CAD767a93e1E042E33E7A15877A8E6A1b,0.22397612,
erc20,0x580A84C73811E1839F75d86d75d88cCa0c241fF4,0x1F751b1da0e87B6372d7bE92106b6239fa7eFc60,0.212513528,
erc20,0x580A84C73811E1839F75d86d75d88cCa0c241fF4,0x435b7D470767Cb121F37dD296B2AC7913fDF5427,0.197024327,
erc20,0x580A84C73811E1839F75d86d75d88cCa0c241fF4,0x3FbacD52FA6F1F15Bc3D776474FdAB07ec9D8d59,0.188486319,
erc20,0x580A84C73811E1839F75d86d75d88cCa0c241fF4,0x8a26529afDDcf6DB1f54A8F24b6834B0761b7E66,0.186646767,
erc20,0x580A84C73811E1839F75d86d75d88cCa0c241fF4,0xBe9e265c78a22e31d6a41Fc2710D9590ED2d5a96,0.185825521,
erc20,0x580A84C73811E1839F75d86d75d88cCa0c241fF4,0x5AA59e166E4405C05ABF85AD44A8ED84A1d51a06,0.180945828,
erc20,0x580A84C73811E1839F75d86d75d88cCa0c241fF4,0x32f8c8b40b62A73D514E8bE0f58074eDBA533937,0.173357517,
erc20,0x580A84C73811E1839F75d86d75d88cCa0c241fF4,0xEc46DB756a85Cb85BD90C0E74b1d0394021dae54,0.17201366,
erc20,0x580A84C73811E1839F75d86d75d88cCa0c241fF4,0xe64757d213bA264D511a85CC9B53A24CC9e10859,0.164622448,
erc20,0x580A84C73811E1839F75d86d75d88cCa0c241fF4,0x92CB71850Aa43263EBaAa1E0ED3E78Cb984915Ff,0.164249155,
erc20,0x580A84C73811E1839F75d86d75d88cCa0c241fF4,0xb646e04fA4dbf9f69b5A8dBaD9dd7c83E4033654,0.156050841,
erc20,0x580A84C73811E1839F75d86d75d88cCa0c241fF4,0x41b7533741E01B47aCD3B41292a7D109E5a3d8Fc,0.138267925,
erc20,0x580A84C73811E1839F75d86d75d88cCa0c241fF4,0xafae1E9EcD3a355b93960402E875b886f718C55E,0.134825574,
erc20,0x580A84C73811E1839F75d86d75d88cCa0c241fF4,0x040528e6eBdcBC6e37e3C78350dE0a59AedCe622,0.132145911,
erc20,0x580A84C73811E1839F75d86d75d88cCa0c241fF4,0xE8f4Db2D3476b3EE198CC1d32651cD9d082eFF89,0.130279443,
erc20,0x580A84C73811E1839F75d86d75d88cCa0c241fF4,0x80adc6DA57e97F33035899962278A5FAfF8492E4,0.127069119,
erc20,0x580A84C73811E1839F75d86d75d88cCa0c241fF4,0x4eDb4161D16c89b71Aec027930a943c3d4cf0777,0.125575945,
erc20,0x580A84C73811E1839F75d86d75d88cCa0c241fF4,0x442e783Df75dF94AaA3D88136528810c06DaBae5,0.117309983,
erc20,0x580A84C73811E1839F75d86d75d88cCa0c241fF4,0x6877FdEAC0d0D5d61B4cA3BBd42501a2fF02c144,0.1166169,
erc20,0x580A84C73811E1839F75d86d75d88cCa0c241fF4,0x78bfA2a0241804733c58091d431b5a840D9D6F73,0.114750432,
erc20,0x580A84C73811E1839F75d86d75d88cCa0c241fF4,0x3967D78660bCBc95c625d58A40C42Ce10bd905D6,0.11474744,
erc20,0x580A84C73811E1839F75d86d75d88cCa0c241fF4,0x5642111A57c82f2f50716C397efF0eefC25a2501,0.112659988,
erc20,0x580A84C73811E1839F75d86d75d88cCa0c241fF4,0xA78171Ee1f73dc95a8f11409Ba3fCF41e1CDbd85,0.112039685,
erc20,0x580A84C73811E1839F75d86d75d88cCa0c241fF4,0xa4dDA080E000478EB51C5a9e1122f98Ca76ebD8E,0.11198806,
erc20,0x580A84C73811E1839F75d86d75d88cCa0c241fF4,0xDa7Ba364dc71527055608A76f816BEF129AE6dBa,0.11198806,
erc20,0x580A84C73811E1839F75d86d75d88cCa0c241fF4,0xdba64f019c92649CF645D598322AE1aE2318e55b,0.106388657,
erc20,0x580A84C73811E1839F75d86d75d88cCa0c241fF4,0x9098B23Ed9cc4cA858B642af81442E9E591Ff073,0.104820824,
erc20,0x580A84C73811E1839F75d86d75d88cCa0c241fF4,0x482d63381DeD49C5374C346F38fcb9cD27B5D2Ba,0.099358618,
erc20,0x580A84C73811E1839F75d86d75d88cCa0c241fF4,0x9023EfED128bd40917547722dB12c396Af044b50,0.097877565,
erc20,0x580A84C73811E1839F75d86d75d88cCa0c241fF4,0x0224b2311d5968fA00a42103788b2F4CCd0651aD,0.093622018,
erc20,0x580A84C73811E1839F75d86d75d88cCa0c241fF4,0xAe5499976FfD3e58Be47BDD51c787A5201D957f4,0.091980833,
erc20,0x580A84C73811E1839F75d86d75d88cCa0c241fF4,0xBfBD59C39f83068Ebe8EF181B927B85400222292,0.091531574,
erc20,0x580A84C73811E1839F75d86d75d88cCa0c241fF4,0xa605c28Fad3E79B93B0003379b1A766Ee798E93A,0.089814424,
erc20,0x580A84C73811E1839F75d86d75d88cCa0c241fF4,0x2ba7F536fF0A4a043C2f3c25163F0384681657e8,0.089590448,
erc20,0x580A84C73811E1839F75d86d75d88cCa0c241fF4,0x741DF195c5c1d860A13AF1A984303feB1cc7F001,0.08874495,
erc20,0x580A84C73811E1839F75d86d75d88cCa0c241fF4,0x8CE134D810f5361f3D4bB0707482bcDe92c26777,0.08544076,
erc20,0x580A84C73811E1839F75d86d75d88cCa0c241fF4,0x1C190aea1409aC9036ED45E829de2018002Ac3D7,0.085110926,
erc20,0x580A84C73811E1839F75d86d75d88cCa0c241fF4,0xfD9A9bCb6A7f3a26b7D0dE1Cb80458395429cc41,0.083991045,
erc20,0x580A84C73811E1839F75d86d75d88cCa0c241fF4,0xb4D502361a3c6f823EEb9A99Af09E110382206ee,0.082124577,
erc20,0x580A84C73811E1839F75d86d75d88cCa0c241fF4,0x209cC72C78999A4536Df882D969e49029605cd04,0.07794369,
erc20,0x580A84C73811E1839F75d86d75d88cCa0c241fF4,0x281AAE78f08b69a514AaBe0A17916387eDA3ddcF,0.075405294,
erc20,0x580A84C73811E1839F75d86d75d88cCa0c241fF4,0xD147F5D14D5542A128fd1245Af8987298Ee9963D,0.075255976,
erc20,0x580A84C73811E1839F75d86d75d88cCa0c241fF4,0x3A631b481a1B225e32D20C28BB531587e9F32dA0,0.074753907,
erc20,0x580A84C73811E1839F75d86d75d88cCa0c241fF4,0xe00EaA2787a8830A485153b7Bf508Bc781E4A220,0.074658707,
erc20,0x580A84C73811E1839F75d86d75d88cCa0c241fF4,0xf5ED909Ff51045A4c1a8fc194809108a6F33d656,0.074658707,
erc20,0x580A84C73811E1839F75d86d75d88cCa0c241fF4,0x7A05B87F0e95c3ABE3f296017C69b5A62C82e286,0.074658707,
erc20,0x580A84C73811E1839F75d86d75d88cCa0c241fF4,0xA65BfcB60b3DCCB68Be2F9AF7b53eC6864eD6098,0.072002353,
erc20,0x580A84C73811E1839F75d86d75d88cCa0c241fF4,0xf5Ae09413941Aa09c211aD7A745Df4864151336d,0.068100445,
erc20,0x580A84C73811E1839F75d86d75d88cCa0c241fF4,0xAb2e11C99D8830D5d9B2494A565c974595e39eef,0.06696886,
erc20,0x580A84C73811E1839F75d86d75d88cCa0c241fF4,0xE2C67350D0A0768De07E556073BeeEc0AE86a684,0.065178192,
erc20,0x580A84C73811E1839F75d86d75d88cCa0c241fF4,0x01e9E7D4e589cFDF2853178a2cBF666FD3708A60,0.063086607,
erc20,0x580A84C73811E1839F75d86d75d88cCa0c241fF4,0x68Db64A8cC0AEA50b479BdD5Bc3B3Dd5E5821ed4,0.062116044,
erc20,0x580A84C73811E1839F75d86d75d88cCa0c241fF4,0x68D3d9291424331063E74086d514F19E3F4Edd5e,0.055461042,
erc20,0x580A84C73811E1839F75d86d75d88cCa0c241fF4,0x50754d43E7694998FE3Ca282cbb391Bc8E7698C1,0.050917238,
erc20,0x580A84C73811E1839F75d86d75d88cCa0c241fF4,0xd34bc82B9092f5334056daC1aF8cd5d32aBc6802,0.050842579,
erc20,0x580A84C73811E1839F75d86d75d88cCa0c241fF4,0x8238892095d3BAc5322894e84F349BCd52F843d5,0.048901453,
erc20,0x580A84C73811E1839F75d86d75d88cCa0c241fF4,0x64931189b070Fc7C8c80839C8a2d9a10b83082AB,0.048229525,
erc20,0x580A84C73811E1839F75d86d75d88cCa0c241fF4,0xAF51e6E946263e1d7B474073ee64EA0c5Bc01dA9,0.040465019,
erc20,0x580A84C73811E1839F75d86d75d88cCa0c241fF4,0x23c3472fc4F75E882226b6295D3fa817cCfDe28C,0.038299917,
erc20,0x580A84C73811E1839F75d86d75d88cCa0c241fF4,0x9942796AfeFEa0C2C651b80fA0024B46F5827506,0.037329353,
erc20,0x580A84C73811E1839F75d86d75d88cCa0c241fF4,0x07557E561E7baA14BC8ac7040271AA1443d566e9,0.037254695,
erc20,0x580A84C73811E1839F75d86d75d88cCa0c241fF4,0xfb19EC463183F414bE8f65674d18a015a0200baf,0.034417664,
erc20,0x580A84C73811E1839F75d86d75d88cCa0c241fF4,0x49a338c8A8C92f3f7E5A4700A191bb41595591b2,0.031804609,
erc20,0x580A84C73811E1839F75d86d75d88cCa0c241fF4,0xF036e411717bf8E123c245Ff5A7604DABE0Ab1ca,0.029866043,
erc20,0x580A84C73811E1839F75d86d75d88cCa0c241fF4,0x6d7b212d1C91E735a2d0C3Cca20074c4285E8a44,0.029191554,
erc20,0x580A84C73811E1839F75d86d75d88cCa0c241fF4,0xD8e367019Dc5C28290F1e036790d72B975d35EDA,0.028594285,
erc20,0x580A84C73811E1839F75d86d75d88cCa0c241fF4,0x63712C2f30f48FF20BeB3837578071b70CEa9F07,0.028539935,
erc20,0x580A84C73811E1839F75d86d75d88cCa0c241fF4,0xb19BC46C52A1352A071fe2389503B6FE1ABD50Ff,0.02829565,
erc20,0x580A84C73811E1839F75d86d75d88cCa0c241fF4,0xD1288262eD6E22d415f72AB85c450b277BE130c3,0.027101111,
erc20,0x580A84C73811E1839F75d86d75d88cCa0c241fF4,0x3172aee5e0B47bB23e87db93327F58E06e6A73B6,0.02538396,
erc20,0x580A84C73811E1839F75d86d75d88cCa0c241fF4,0xeBa1db3E9B6384df08dE527300FfB904A38EF60e,0.025152913,
erc20,0x580A84C73811E1839F75d86d75d88cCa0c241fF4,0xC0aEf1759A279CED58223F34E0fe6426610B1bEE,0.023293516,
erc20,0x580A84C73811E1839F75d86d75d88cCa0c241fF4,0xa07dAB9273Fe521A55eAFF0F00a89bA34A6E5811,0.022397612,
erc20,0x580A84C73811E1839F75d86d75d88cCa0c241fF4,0xBB5B9e70345e2679c73373758694ecE96C550612,0.02075512,
erc20,0x580A84C73811E1839F75d86d75d88cCa0c241fF4,0x3E184AF75c982E16eEAF97c9A66cC607d8966f2D,0.02023251,
erc20,0x580A84C73811E1839F75d86d75d88cCa0c241fF4,0xBB848BD68E52D7DA5A8921E637e38079eE0728D4,0.019824551,
erc20,0x580A84C73811E1839F75d86d75d88cCa0c241fF4,0x97945356AcB19a96B4B88cf870AA78EC2c712F99,0.019219533,
erc20,0x580A84C73811E1839F75d86d75d88cCa0c241fF4,0x2bD7716Ce2c43B9c0D58982F5BAC67633bf2E7dC,0.018142066,
erc20,0x580A84C73811E1839F75d86d75d88cCa0c241fF4,0xce88686553686DA562CE7Cea497CE749DA109f9F,0.017049966,
erc20,0x580A84C73811E1839F75d86d75d88cCa0c241fF4,0x31426Feb31a80bDf5EBf7150DdB1e437a3d2346f,0.015678328,
erc20,0x580A84C73811E1839F75d86d75d88cCa0c241fF4,0xe1690f5153aD0BBc683964aA81645C49b3cF6567,0.015454352,
erc20,0x580A84C73811E1839F75d86d75d88cCa0c241fF4,0xd15B0342DED129C3baE109f4731ff0AE614592E3,0.014931741,
erc20,0x580A84C73811E1839F75d86d75d88cCa0c241fF4,0x00553b963DE06016C68681C9BEE10A79c51c5D8A,0.013917577,
erc20,0x580A84C73811E1839F75d86d75d88cCa0c241fF4,0xf929a6e76b4Bed6D81bcD58E0aC2991854892214,0.013719193,
erc20,0x580A84C73811E1839F75d86d75d88cCa0c241fF4,0x007De57773B6EB4ebbf6A740dFdE1EfDd5629630,0.01209471,
erc20,0x580A84C73811E1839F75d86d75d88cCa0c241fF4,0xCc55D35a19c166d9dC720D894BFfF14827D9385C,0.011796076,
erc20,0x580A84C73811E1839F75d86d75d88cCa0c241fF4,0x0AE57350662045c32B34f3b1E70C36E4EF1502E2,0.011098101,
erc20,0x580A84C73811E1839F75d86d75d88cCa0c241fF4,0x4734e2F2d5C314DAd4ab38403B56dc0c48d2e5A4,0.010923474,
erc20,0x580A84C73811E1839F75d86d75d88cCa0c241fF4,0xf746A85E0e1A8f5E9E5c221135FacA5ADF71eb14,0.010676195,
erc20,0x580A84C73811E1839F75d86d75d88cCa0c241fF4,0x521866351B73EAE5aCb8962469526B38CBE47372,0.009826604,
erc20,0x580A84C73811E1839F75d86d75d88cCa0c241fF4,0x2718E86f5793Ac08bd3C4A301382E8c1DA2a1e30,0.009406997,
erc20,0x580A84C73811E1839F75d86d75d88cCa0c241fF4,0x19223782AD6556B0De843156E968270e32A5c10c,0.00925768,
erc20,0x580A84C73811E1839F75d86d75d88cCa0c241fF4,0x551d3A37E1613E8b21f2AD613A01Bf97ec2d2389,0.009183021,
erc20,0x580A84C73811E1839F75d86d75d88cCa0c241fF4,0x25E441081898bA179D77362cE6E48Bcd1E949Ce8,0.007465871,
erc20,0x580A84C73811E1839F75d86d75d88cCa0c241fF4,0xd30126cDd9BbB338E0ca5A8d504B2EC2d43488c7,0.007465871,
erc20,0x580A84C73811E1839F75d86d75d88cCa0c241fF4,0x6256f45198Fb506188cE154dC083ae568160B98f,0.007113932,
erc20,0x580A84C73811E1839F75d86d75d88cCa0c241fF4,0xCd8Eddd0A27047D53D65f23D483A8A169D54526B,0.006644625,
erc20,0x580A84C73811E1839F75d86d75d88cCa0c241fF4,0x2017E5195fF122d29AB94Dd422C50e4B52b7Abd7,0.005375427,
erc20,0x580A84C73811E1839F75d86d75d88cCa0c241fF4,0x9517DD3573A349AeCaba61b67fa22d74aB2E7460,0.004180888,
erc20,0x580A84C73811E1839F75d86d75d88cCa0c241fF4,0x373D41B30a9255e67934329539076c5A8354a2Ab,0.003113774,
erc20,0x580A84C73811E1839F75d86d75d88cCa0c241fF4,0xED3dB70381c81E349d55f14bf0A333cB140f948D,0.001629352,
erc20,0x580A84C73811E1839F75d86d75d88cCa0c241fF4,0x00987cbCE7014389197f9D5468Dab5A8facFfeE0,0.001418515,
erc20,0x580A84C73811E1839F75d86d75d88cCa0c241fF4,0x3Fc3E6514fD4925f55fB3Ae17bbfbca2eb126608,0.000223976,
erc20,0x580A84C73811E1839F75d86d75d88cCa0c241fF4,0x650c1E71fD009DBD8344BB63a8727b538397B5D3,0.000139827,
erc20,0x580A84C73811E1839F75d86d75d88cCa0c241fF4,0xF43B6b81A4Fd23B3482cfa48E4A4450F20e0dbd7,5.35805E-05,
erc20,0x580A84C73811E1839F75d86d75d88cCa0c241fF4,0x0C84cd406B8a4E07dF9a1B15ef348023a1DCD075,1.16885E-08,