Block 26689818,Wallet,Balance 26689818,Balance 26964727,eligible?,amt eligible,% total,Qi distribution,APR,,,,,Block 26964727,Wallet,Balance
,0xBA12222222228d8Ba445958a75a0704d566BF2C8,80556.59248,84324.55199,,0,0,0,,,,,,,0xBA12222222228d8Ba445958a75a0704d566BF2C8,84324.55199
,0x5e5FFEf1103717f17a9A155D0c7646EC5e16551E,61050.33,61050.33,yes,61050.33,0.249237251,455.7938683,0.388225275,,,,,,0x5e5FFEf1103717f17a9A155D0c7646EC5e16551E,61050.33
,0x00dEcFEec5d6D9D77275CFdc1e447cF284Ae13e2,26250.70126,26250.70126,yes,26250.70126,0.107168178,195.9843406,0.388225275,,Qi received:,"2,031.95",,,0x8c0ad528b58b83b50206C81AD35631C02478039b,30797.38
,0x8c0ad528b58b83b50206C81AD35631C02478039b,25797.38,30797.38,yes,25797.38,0.105317499,192.5999028,0.388225275,,10% to Marc:,203.195,,,0x00dEcFEec5d6D9D77275CFdc1e447cF284Ae13e2,26250.70126
,0x54008ab19ae9D2AB8b3751B3Be11Bb562aF1a578,14880.15,14880.15,yes,14880.15,0.060748036,111.0932755,0.388225275,,90% to vQi:,1828.755,,,0x8565faab405b06936014C8b6bD5Ab60376Cc051B,18000
,0xefb3141fF2CC4BAcC32274560F67Ce44A02b47a2,11010,11010,yes,11010,0.044948195,82.1992361,0.388225275,,,,,,0x54008ab19ae9D2AB8b3751B3Be11Bb562aF1a578,14880.15
,0x0883090dA1AfEcbD88Cd18e5Df1A671A13cA8f77,10005.63451,12532.53461,yes,10005.63451,0.040847885,74.70077324,0.388225275,,,,,,0x0883090dA1AfEcbD88Cd18e5Df1A671A13cA8f77,12532.53461
,0xF981a33484E26Cab32963AA37618c4440Abf67cf,10003.17529,10003.17529,yes,10003.17529,0.040837845,74.68241299,0.388225275,,,,,,0xefb3141fF2CC4BAcC32274560F67Ce44A02b47a2,11010
,0x8565faab405b06936014C8b6bD5Ab60376Cc051B,10000,18000,yes,10000,0.040824882,74.65870672,0.388225275,,,,,,0xF981a33484E26Cab32963AA37618c4440Abf67cf,10003.17529
,0xbA018D9d99714616BaBfA208d2fAA921fa0c2D28,9811.854194,9811.854194,yes,9811.854194,0.040056779,73.25403446,0.388225275,,,,,,0xbA018D9d99714616BaBfA208d2fAA921fa0c2D28,9811.854194
,0xd281F988242C900d67fF2aafABe683B8004Ee778,8455.17781,8575.994959,yes,8455.17781,0.034518163,63.12526404,0.388225275,,,,,,0xd281F988242C900d67fF2aafABe683B8004Ee778,8575.994959
,0xe5Ae5AAc9A19Ec43aBdd161e95640A1cc12aE348,8000.086157,7059.086157,,0,0,0,0,,,,,,0xe5Ae5AAc9A19Ec43aBdd161e95640A1cc12aE348,7059.086157
,0x59bdFB381CA2080D0D042903e776D3DCb548050A,6991.98,7045.96073,yes,6991.98,0.028544676,52.20121842,0.388225275,,,,,,0x59bdFB381CA2080D0D042903e776D3DCb548050A,7045.96073
,0x9824697F7c12CAbAda9b57842060931c48dEA969,5759.860561,5759.860561,yes,5759.860561,0.023514563,43.00237404,0.388225275,,,,,,0x9824697F7c12CAbAda9b57842060931c48dEA969,5759.860561
,0x947ebecd725e07baC225363F328De957AA5819b3,4185.336109,3663.514714,,0,0,0,0,,,,,,0xc5Df8672232f1C2b75310e4f2B80863721705a12,4152.00069
,0xc5Df8672232f1C2b75310e4f2B80863721705a12,4152.00069,4152.00069,yes,4152.00069,0.016950494,30.99830018,0.388225275,,,,,,0x947ebecd725e07baC225363F328De957AA5819b3,3663.514714
,0x4a39beD3F97ac8e4774b7407dE7090E7A1050A69,3279.850454,3469.326432,yes,3279.850454,0.013389951,24.48693931,0.388225275,,,,,,0x4a39beD3F97ac8e4774b7407dE7090E7A1050A69,3469.326432
,0xF1E34bdc4D2316f27a5A61E2d5679292Faf67A4f,3090.32,3090.32,yes,3090.32,0.012616195,23.07192946,0.388225275,,,,,,0xF1E34bdc4D2316f27a5A61E2d5679292Faf67A4f,3090.32
,0xf2B9ec5724dC97362A53907c0b4cc0AA72369e63,1545.67,2016.918124,yes,1545.67,0.00631018,11.53977232,0.388225275,,,,,,0xd0548DbBc3683a6C0B6A98445372C403585Dea20,3000.208453
,0xe7d51F5419dd26320a8d75507f214c8deF731bF8,1364.65,1364.65,yes,1364.65,0.005571167,10.18830041,0.388225275,,,,,,0xf2B9ec5724dC97362A53907c0b4cc0AA72369e63,2016.918124
,0xF17fAf9978B2F0087E6c78553Ede42D15abF76c5,1320.53,1322,yes,1320.53,0.005391048,9.858906199,0.388225275,,,,,,0x99655CA16C742b46A4a05AFAf0f7798C336Fd279,1548.895775
,0xb74125Df13CB9194D93d8b62e0DB30352f2B8001,1164.97324,1176.126073,yes,1164.97324,0.004755989,8.697539548,0.388225275,,,,,,0xe7d51F5419dd26320a8d75507f214c8deF731bF8,1364.65
,0x4177a5c0E2369F6830A4c3825aFc8fB3Dd47790D,1028.78,1195.343795,yes,1028.78,0.004199982,7.68073843,0.388225275,,,,,,0xF17fAf9978B2F0087E6c78553Ede42D15abF76c5,1322
,0xbed58fA67Bd966A40460b42f065DccCb0fD4fE4f,1019.802264,1019.802264,yes,1019.802264,0.004163331,7.613711815,0.388225275,,,,,,0x67fC284F546B2C5eCEb2DBE438d063A73192e6D4,1271.843399
,0x636bFC1dAde24c7E60E5807795E4534D42cb5803,1001.29,1112.790894,yes,1001.29,0.004087755,7.475501645,0.388225275,,,,,,0x4177a5c0E2369F6830A4c3825aFc8fB3Dd47790D,1195.343795
,0xd0548DbBc3683a6C0B6A98445372C403585Dea20,1000,3000.208453,yes,1000,0.004082488,7.465870672,0.388225275,,,,,,0xb74125Df13CB9194D93d8b62e0DB30352f2B8001,1176.126073
,0xc0AFEF712a1341cA78dA145B2AFAd346E8C3574F,1000,1000,yes,1000,0.004082488,7.465870672,0.388225275,,,,,,0xa05f67c36cb5fE19Aca3fDb8b4671F4b2d46E421,1129.424302
,0xa05f67c36cb5fE19Aca3fDb8b4671F4b2d46E421,967.6513,1129.424302,yes,967.6513,0.003950425,7.224359462,0.388225275,,,,,,0x636bFC1dAde24c7E60E5807795E4534D42cb5803,1112.790894
,0x56f820BC0bB5326C74b804CEbAA37C3EE7524f8E,948,948,yes,948,0.003870199,7.077645397,0.388225275,,,,,,0xaB9786A5e330B50e44579132b8A3Cf7C1c3A9517,1095.812775
,0xF3080047c88F0561B310dfa4e79592F277E13B26,926.07,926.07,yes,926.07,0.00378067,6.913918853,0.388225275,,,,,,0xCE8Fc6755EfCaf7F85C28901Bca4F4b936591542,1069.75161
,0x99655CA16C742b46A4a05AFAf0f7798C336Fd279,889.86,1548.895775,yes,889.86,0.003632843,6.643579676,0.388225275,,,,,,0x605572243c30Af7493707C9c8E8aA2Ee25537e9A,1056.137115
,0xaB9786A5e330B50e44579132b8A3Cf7C1c3A9517,838.8037039,1095.812775,yes,838.8037039,0.003424406,6.262399973,0.388225275,,,,,,0xbed58fA67Bd966A40460b42f065DccCb0fD4fE4f,1019.802264
,0x1163E75d2bf3E0ffDB3602FBe0aBA099D5c20e3c,782.06,825.27,yes,782.06,0.003192751,5.838758818,0.388225275,,,,,,0xc0AFEF712a1341cA78dA145B2AFAd346E8C3574F,1000
,0x1e204ED6B3BC5e976c5103EfF2f624BcCB8D8bC1,739.6319406,740.8079338,yes,739.6319406,0.003019539,5.521996413,0.388225275,,,,,,0x56f820BC0bB5326C74b804CEbAA37C3EE7524f8E,948
,0x157DD18CF70815dF7c25948ced9760aA61f6DF17,711.17,711.17,yes,711.17,0.002903343,5.309503246,0.388225275,,,,,,0xe7ef5F4803E85f91871Bc8f4a609b954F2112ac9,945.4
,0xC7c7D9d19069312918147905e20b003D3B3B1E35,663.5953242,684.0777429,yes,663.5953242,0.00270912,4.954316869,0.388225275,,,,,,0xF3080047c88F0561B310dfa4e79592F277E13B26,926.07
,0xe7ef5F4803E85f91871Bc8f4a609b954F2112ac9,660.66,945.4,yes,660.66,0.002697137,4.932402118,0.388225275,,,,,,0x1163E75d2bf3E0ffDB3602FBe0aBA099D5c20e3c,825.27
,0x86c7e05B935eC835610531Ae5c716e081FABc828,637.96,443.0826154,,0,0,0,0,,,,,,0xB27f6Df486ef5dEE2e3A4DC4f257DD63E5A5e371,758.6078714
,0xb7b1Cc940Cc88640089028d4910De22E39e6D117,614,625.9559091,yes,614,0.002506648,4.584044593,0.388225275,,,,,,0x1e204ED6B3BC5e976c5103EfF2f624BcCB8D8bC1,740.8079338
,0x8C9F3175d8aa227ecCdBc21B95bC5fA328006A0f,612.35,721.1892155,yes,612.35,0.002499912,4.571725906,0.388225275,,,,,,0x8C9F3175d8aa227ecCdBc21B95bC5fA328006A0f,721.1892155
,0x0b3CEf9F913f4F08bba1ED0FD5BA892C0FeC5617,612.35,612.35,yes,612.35,0.002499912,4.571725906,0.388225275,,,,,,0x157DD18CF70815dF7c25948ced9760aA61f6DF17,711.17
,0xB27f6Df486ef5dEE2e3A4DC4f257DD63E5A5e371,584.6695985,758.6078714,yes,584.6695985,0.002386907,4.365067608,0.388225275,,,,,,0x7af4922fc22037D573e889201bE7C38E42f22220,709.1696872
,0xDeE45f774FA311199c5900e7C99A609E27EdCd4E,565.3099657,0,,0,0,0,0,,,,,,0xC7c7D9d19069312918147905e20b003D3B3B1E35,684.0777429
,0x605572243c30Af7493707C9c8E8aA2Ee25537e9A,521.9030857,1056.137115,yes,521.9030857,0.002130663,3.896460942,0.388225275,,,,,,0xb7b1Cc940Cc88640089028d4910De22E39e6D117,625.9559091
,0xe0f1F6d9b57DB098a1c786a835A55A1Ff64d39EE,500,500,yes,500,0.002041244,3.732935336,0.388225275,,,,,,0x0b3CEf9F913f4F08bba1ED0FD5BA892C0FeC5617,612.35
,0x7af4922fc22037D573e889201bE7C38E42f22220,492.87,709.1696872,yes,492.87,0.002012136,3.679703678,0.388225275,,,,,,0xE8f4Db2D3476b3EE198CC1d32651cD9d082eFF89,566.8841784
,0x88d5EB1993dD04bf2175f940e64fD49A90D13F8b,490.43,490.43,yes,490.43,0.002002175,3.661486954,0.388225275,,,,,,0x04f34aAfD1cB080F5ad336532223c3A058B3F0b6,557.7997115
,0x090445BA57A90EdC50CB7Ca50DC33D6b05125e20,382.6566371,382.6566371,yes,382.6566371,0.001562191,2.856864964,0.388225275,,,,,,0xF036e411717bf8E123c245Ff5A7604DABE0Ab1ca,545.9610967
,0x5279c6792D38F3c8d7d870178EF3cC26C7AB5d1E,372.13,0,,0,0,0,0,,,,,,0xe0f1F6d9b57DB098a1c786a835A55A1Ff64d39EE,500
,0x9F533Eec49dc2DBbf495F1cD687c2536d424bE07,368.92,368.92,yes,368.92,0.001506112,2.754309008,0.388225275,,,,,,0x88d5EB1993dD04bf2175f940e64fD49A90D13F8b,490.43
,0xC76b85Cd226518DAF2027081dEfF2Eac4Cc91a00,351.2868622,0,,0,0,0,0,,,,,,0x86c7e05B935eC835610531Ae5c716e081FABc828,443.0826154
,0x3DD1B656fcC459Cc4CF203b53AAAbF8C85181f1d,350.7867708,350.7867708,yes,350.7867708,0.001432083,2.618928665,0.388225275,,,,,,0x5039E2936ec2a588CaD92E4EDCf41a1D3a443186,407.8059083
,0x5EB476bFD8C1a9Ba7A9663543a6686193b42600c,349.99,349.99,yes,349.99,0.00142883,2.612980077,0.388225275,,,,,,0xc928499a080594C8854D1A46DCAe5E862acC5d08,406.3599719
,0x1A760e3A431c8B9C075eD1280C8835a1a0F1651b,348,348,yes,348,0.001420706,2.598122994,0.388225275,,,,,,0x090445BA57A90EdC50CB7Ca50DC33D6b05125e20,382.6566371
,0x2FAf55a544c5F73666438BC185aeCC9D685E6E3C,345.06,0,,0,0,0,0,,,,,,0x9F533Eec49dc2DBbf495F1cD687c2536d424bE07,368.92
,0xe7DABc911F5a7250872da534a3eA5DFBAfbbaEd4,335,335,yes,335,0.001367634,2.501066675,0.388225275,,,,,,0x4A32007040567190BeD4fa6Ff3f5A03C0d47C9D7,354.7090975
,0xc928499a080594C8854D1A46DCAe5E862acC5d08,326.801818,406.3599719,yes,326.801818,0.001334165,2.439860109,0.388225275,,,,,,0x3DD1B656fcC459Cc4CF203b53AAAbF8C85181f1d,350.7867708
,0x5039E2936ec2a588CaD92E4EDCf41a1D3a443186,309.4096511,407.8059083,yes,309.4096511,0.001263161,2.31001244,0.388225275,,,,,,0xa1BbD8D39eD536DEa030A32F3F6C5916C845A800,350.2851836
,0x79a0E19c6410284598AFf270fCef21cb7827E61E,302.9104037,339.6335441,yes,302.9104037,0.001236628,2.261489899,0.388225275,,,,,,0x5EB476bFD8C1a9Ba7A9663543a6686193b42600c,349.99
,0xa1BbD8D39eD536DEa030A32F3F6C5916C845A800,300.3253729,350.2851836,yes,300.3253729,0.001226075,2.242190394,0.388225275,,,,,,0x1A760e3A431c8B9C075eD1280C8835a1a0F1651b,348
,0xc8728Ae130381EB77Fc9a8b715564B00e83E19Df,300,301.0604675,yes,300,0.001224746,2.239761202,0.388225275,,,,,,0x6d7b212d1C91E735a2d0C3Cca20074c4285E8a44,344.5100864
,0x612356EA7E7F2D9d9BDC1aF83043Eb6f14061Dd4,273.52,273.52,yes,273.52,0.001116642,2.042064946,0.388225275,,,,,,0x79a0E19c6410284598AFf270fCef21cb7827E61E,339.6335441
,0xA9bEA5C0C25E4D02d56CBFE9A7564c3CcF599617,258,258,yes,258,0.001053282,1.926194633,0.388225275,,,,,,0xe7DABc911F5a7250872da534a3eA5DFBAfbbaEd4,335
,0xfa4a45D755eA1c2b72Dd581b3E05dde3bFc13fad,250,300,yes,250,0.001020622,1.866467668,0.388225275,,,,,,0xc8728Ae130381EB77Fc9a8b715564B00e83E19Df,301.0604675
,0x4961a4c211E482C45b09e02848575324cf86F988,227.51,227.51,yes,227.51,0.000928807,1.698560237,0.388225275,,,,,,0xfa4a45D755eA1c2b72Dd581b3E05dde3bFc13fad,300
,0xa499Df2Bdae854093e5576c26C9e53E1b30d25E5,208.5567825,208.5567825,yes,208.5567825,0.000851431,1.557057966,0.388225275,,,,,,0x612356EA7E7F2D9d9BDC1aF83043Eb6f14061Dd4,273.52
,0x31F10E898CA5432c95e287e671BC1EFef8Ce5362,200.09,206.4671719,yes,200.09,0.000816865,1.493846063,0.388225275,,,,,,0xA9bEA5C0C25E4D02d56CBFE9A7564c3CcF599617,258
,0xdB19555BE6b11dA29b4DBB8D977Db92fBED4407c,190.9903631,190.9903631,yes,190.9903631,0.000779716,1.425909351,0.388225275,,,,,,0x02AEe0CE756fa0157294Ff3Ff48c1Dd02ADCCF04,234.9314353
,0x349a163d796546d34e8998948a205FdAeE14e718,185.17,185.17,yes,185.17,0.000755954,1.382455272,0.388225275,,,,,,0x4961a4c211E482C45b09e02848575324cf86F988,227.51
,0x4A32007040567190BeD4fa6Ff3f5A03C0d47C9D7,184.544792,354.7090975,yes,184.544792,0.000753402,1.37778755,0.388225275,,,,,,0xa499Df2Bdae854093e5576c26C9e53E1b30d25E5,208.5567825
,0xf1FCeD5B0475a935b49B95786aDBDA2d40794D2d,174,174,yes,174,0.000710353,1.299061497,0.388225275,,,,,,0x31F10E898CA5432c95e287e671BC1EFef8Ce5362,206.4671719
,0xCFB7Ab914C8B93391cB5B2Ba95fa7239e1ee2bbc,163,163,yes,163,0.000665446,1.21693692,0.388225275,,,,,,0xdB19555BE6b11dA29b4DBB8D977Db92fBED4407c,190.9903631
,0x3237835f43A7336005262C724CE5886ac406417F,157.0522193,157.0522193,yes,157.0522193,0.000641164,1.172531558,0.388225275,,,,,,0xd07f70Dd326A34a00961139458d86c6A30FcdCA5,188.9791049
,0x603A2531b6BAb9666C77042B1dA1639c9C5D1c33,152.27,152.27,yes,152.27,0.00062164,1.136828127,0.388225275,,,,,,0x349a163d796546d34e8998948a205FdAeE14e718,185.17
,0x8c904FacfcC37c5c9d09f014e4b657342524F1e4,148.61,148.61,yes,148.61,0.000606699,1.109503041,0.388225275,,,,,,0xf1FCeD5B0475a935b49B95786aDBDA2d40794D2d,174
,0xd07f70Dd326A34a00961139458d86c6A30FcdCA5,146.47632,188.9791049,yes,146.47632,0.000597988,1.093573262,0.388225275,,,,,,0x6877FdEAC0d0D5d61B4cA3BBd42501a2fF02c144,172.015218
,0x18829e507e072aF3697eD1A33a6d8D53a86f11a9,135.7407097,135.7407097,yes,135.7407097,0.00055416,1.013422584,0.388225275,,,,,,0xE2C67350D0A0768De07E556073BeeEc0AE86a684,168.4266381
,0x04f34aAfD1cB080F5ad336532223c3A058B3F0b6,132.69,557.7997115,yes,132.69,0.000541705,0.990646379,0.388225275,,,,,,0xCFB7Ab914C8B93391cB5B2Ba95fa7239e1ee2bbc,163
,0xB728311c5557f82050CDa1bbE98DfF6595BE969a,128,128,yes,128,0.000522558,0.955631446,0.388225275,,,,,,0x3237835f43A7336005262C724CE5886ac406417F,157.0522193
,0x0AfC923A39acCF090540CC67480b6dd338188144,123.03,123.03,yes,123.03,0.000502269,0.918526069,0.388225275,,,,,,0x603A2531b6BAb9666C77042B1dA1639c9C5D1c33,152.27
,0xBb46A8ee4315a37C56AEcE45783045722dFD72a7,121.3724859,121.3724859,yes,121.3724859,0.000495502,0.906151283,0.388225275,,,,,,0xb26B4A4BBA425aC28224cFDd45B4Bd00C886cC33,150.0495158
,0x34EC9c1D89cE8Afa701D079FD908FcA95f49667a,120,150,yes,120,0.000489899,0.895904481,0.388225275,,,,,,0x34EC9c1D89cE8Afa701D079FD908FcA95f49667a,150
,0x005f16f017aA933bb41965b52848cEb8ee48b171,117.2110189,136.6471091,yes,117.2110189,0.000478513,0.875082308,0.388225275,,,,,,0x8c904FacfcC37c5c9d09f014e4b657342524F1e4,148.61
,0x5d5D7CA38EB488F49DD700c786a1b7Baa31b4486,117,117,yes,117,0.000477651,0.873506869,0.388225275,,,,,,0x294C3c4F59b7A422230e59700BC0ae11020Aa1c8,139.7826254
,0x8E13649613B774Ab67D1C1eDfc22a2202270fD81,109.0412697,137.9020215,yes,109.0412697,0.00044516,0.814088017,0.388225275,,,,,,0x8E13649613B774Ab67D1C1eDfc22a2202270fD81,137.9020215
,0xEb7989a7C04b70cEA2bef6C2160ab7AFCa2A0d98,106.9103041,126.9138056,yes,106.9103041,0.00043646,0.798178504,0.388225275,,,,,,0x005f16f017aA933bb41965b52848cEb8ee48b171,136.6471091
,0x294C3c4F59b7A422230e59700BC0ae11020Aa1c8,102.59,139.7826254,yes,102.59,0.000418822,0.765923672,0.388225275,,,,,,0x18829e507e072aF3697eD1A33a6d8D53a86f11a9,135.7407097
,0x0b81aC392FDdF9d9cDebf238757Df5e834a8AFe2,101.75,101.75,yes,101.75,0.000415393,0.759652341,0.388225275,,,,,,0xB728311c5557f82050CDa1bbE98DfF6595BE969a,128
,0xd6715f048B7812F6fcFd04a84CcE9F391968e705,100.9065022,103.3356003,yes,100.9065022,0.00041195,0.753354895,0.388225275,,,,,,0xEb7989a7C04b70cEA2bef6C2160ab7AFCa2A0d98,126.9138056
,0xaA983Fe498c300094B708c3B48deDE9bd91A0183,100.26,100.8945814,yes,100.26,0.00040931,0.748528194,0.388225275,,,,,,0x0AfC923A39acCF090540CC67480b6dd338188144,123.03
,0x6Bfc2cc988C513A481607777990F7799E84B1442,100,100,yes,100,0.000408249,0.746587067,0.388225275,,,,,,0xBb46A8ee4315a37C56AEcE45783045722dFD72a7,121.3724859
,0x25612e8bd7683De22dA45D717D0493B0e96424b4,100,100,yes,100,0.000408249,0.746587067,0.388225275,,,,,,0x5d5D7CA38EB488F49DD700c786a1b7Baa31b4486,117
,0x4C5d1029C2c64fC6477529d5A391cA667a514B4C,90.73,90.73,yes,90.73,0.000370404,0.677378446,0.388225275,,,,,,0xB3D88863240DBEc830e989E6333cD3F98B25e46F,112.3642765
,0xa8bd174385B14F880F8b7F06894Cc1bF265Db32e,90.66560211,90.66560211,yes,90.66560211,0.000370141,0.67689766,0.388225275,,,,,,0x97495531A4073953c39e61a09Cc5B4eD69Da1F2B,105.33
,0x9C48c80064975C01d5E4b7ed528aC1d124355CAF,87.57,87.57,yes,87.57,0.000357503,0.653786295,0.388225275,,,,,,0xd6715f048B7812F6fcFd04a84CcE9F391968e705,103.3356003
,0x8CbF96319b3C56d50a7C82EFb6d3c46bD6f889Ba,85,85,yes,85,0.000347011,0.634599007,0.388225275,,,,,,0x0b81aC392FDdF9d9cDebf238757Df5e834a8AFe2,101.75
,0x002d2715b179d0DB3e17cC28317A98F2F65E6884,81.35,81.35,yes,81.35,0.00033211,0.607348579,0.388225275,,,,,,0xaA983Fe498c300094B708c3B48deDE9bd91A0183,100.8945814
,0x6129aEAf582DD8B748772E19FB7A80Af26d4C2d3,78.98,83.50856376,yes,78.98,0.000322435,0.589654466,0.388225275,,,,,,0x6Bfc2cc988C513A481607777990F7799E84B1442,100
,0x251762e6013f0B366D3FCB24A1451a110F65675d,78.66872114,78.66872114,yes,78.66872114,0.000321164,0.587330498,0.388225275,,,,,,0x25612e8bd7683De22dA45D717D0493B0e96424b4,100
,0x7a9A2FFA209C212e8c36e74FB209518E959F65dB,75.15,75.15,yes,75.15,0.000306799,0.561060181,0.388225275,,,,,,0x741DF195c5c1d860A13AF1A984303feB1cc7F001,96.07983475
,0xCD05a3969c5158D658a9bDF3Ee6eBcC0712a0292,75.12195,78.53243965,yes,75.12195,0.000306684,0.560850763,0.388225275,,,,,,0x4C5d1029C2c64fC6477529d5A391cA667a514B4C,90.73
,0xB203df26AF3666f4214661f7f903C46EDF9403b0,69.25608907,69.25608907,yes,69.25608907,0.000282737,0.517057004,0.388225275,,,,,,0xa8bd174385B14F880F8b7F06894Cc1bF265Db32e,90.66560211
,0x260EDfEa92898A3C918A80212e937e6033F8489E,68.9,68.9,yes,68.9,0.000281283,0.514398489,0.388225275,,,,,,0x9C48c80064975C01d5E4b7ed528aC1d124355CAF,87.57
,0x4a47096E0dDD4EEd05eF00f0F081bc7700c6DD75,68.86,73.56304515,yes,68.86,0.00028112,0.514099854,0.388225275,,,,,,0x8CbF96319b3C56d50a7C82EFb6d3c46bD6f889Ba,85
,0xfE3f16B1cB7CE908B5386F6643a691526d2a0A84,64.37,64.37,yes,64.37,0.00026279,0.480578095,0.388225275,,,,,,0x6129aEAf582DD8B748772E19FB7A80Af26d4C2d3,83.50856376
,0x58805f572924b83b8c224184d2Cf60ad3302DBDF,64.16618111,12.16018111,,0,0,0,0,,,,,,0x002d2715b179d0DB3e17cC28317A98F2F65E6884,81.35
,0xE1bCD0f5c6c855ee3452B38E16FeD0b7Cb0CC507,60.02100488,63.25891195,yes,60.02100488,0.000245035,0.44810906,0.388225275,,,,,,0x251762e6013f0B366D3FCB24A1451a110F65675d,78.66872114
,0x5687a9eC9d71AE22D738D0Bc4Cc64f23e8345E34,59.18,59.18,yes,59.18,0.000241602,0.441830226,0.388225275,,,,,,0xCD05a3969c5158D658a9bDF3Ee6eBcC0712a0292,78.53243965
,0x9ded7B691962446704C7bD7D0dfb1F028a2a52F1,55.74,55.74,yes,55.74,0.000227558,0.416147631,0.388225275,,,,,,0x7a9A2FFA209C212e8c36e74FB209518E959F65dB,75.15
,0xB71Fb919489092f5262cc39235F1bD18F728Dd4B,55.18359256,55.18359256,yes,55.18359256,0.000225286,0.411993565,0.388225275,,,,,,0x4a47096E0dDD4EEd05eF00f0F081bc7700c6DD75,73.56304515
,0x956F1CE3ff2ea59A8b41DF83Ce9F85ED59D73F92,55.07,55.07,yes,55.07,0.000224823,0.411145498,0.388225275,,,,,,0xB203df26AF3666f4214661f7f903C46EDF9403b0,69.25608907
,0x7Fe4D3F9A56444A7A779d691B1C1c2421c0C9AaB,54.27499339,54.27499339,yes,54.27499339,0.000221577,0.405210081,0.388225275,,,,,,0x260EDfEa92898A3C918A80212e937e6033F8489E,68.9
,0xbEE2D469AACB46251aE33Cca91F482e26c971dFF,54,54,yes,54,0.000220454,0.403157016,0.388225275,,,,,,0xEF66d1cdefc888818CEcb1eac36E8Ae20d1403c5,66.07807365
,0xEc503C9FAC9ccc823ab7F7cebe8953d7ee4CC5AC,51.57942426,56.94205753,yes,51.57942426,0.000210572,0.385085311,0.388225275,,,,,,0xfE3f16B1cB7CE908B5386F6643a691526d2a0A84,64.37
,0x329c54289Ff5D6B7b7daE13592C6B1EDA1543eD4,48.74053967,48.74053967,yes,48.74053967,0.000198983,0.363890566,0.388225275,,,,,,0x46077ac2F9F1c76C075b5964e4dCC02ef441c8eb,63.81847445
,0x11f11DAFde2eD523CD935184dd28876cE52F1652,46.66,46.66,yes,46.66,0.000190489,0.348357526,0.388225275,,,,,,0xE1bCD0f5c6c855ee3452B38E16FeD0b7Cb0CC507,63.25891195
,0x5a5D07EF209bF2e2608405cfB0B7D7d5df396a36,45.82,45.82,yes,45.82,0.00018706,0.342086194,0.388225275,,,,,,0x5687a9eC9d71AE22D738D0Bc4Cc64f23e8345E34,59.18
,0xf1CD34aFA3e93559Ef2e26e06d39A1A707bE4fB4,45.74,45.93620531,yes,45.74,0.000186733,0.341488925,0.388225275,,,,,,0xaFa59C65e2965B6A0f4d7780CeEb4a8ed30786d4,57.75190935
,0xC5aFc3a0F462C5a387393421b6A253204a3Be8D2,44,44,yes,44,0.000179629,0.32849831,0.388225275,,,,,,0xEc503C9FAC9ccc823ab7F7cebe8953d7ee4CC5AC,56.94205753
,0xf041e368e33d7f28dec1918D52D691C383f42e2d,40.08,40.08,yes,40.08,0.000163626,0.299232097,0.388225275,,,,,,0x13E965baAFDa80C7501c23cbED282d5e53e3066B,56.27788465
,0x60523Cd3F5CF0061C6f042545371Fa6ff8cD397B,40,40,yes,40,0.0001633,0.298634827,0.388225275,,,,,,0x9ded7B691962446704C7bD7D0dfb1F028a2a52F1,55.74
,0x13E965baAFDa80C7501c23cbED282d5e53e3066B,39.162,56.27788465,yes,39.162,0.000159878,0.292378427,0.388225275,,,,,,0xB71Fb919489092f5262cc39235F1bD18F728Dd4B,55.18359256
,0x547c0dbd2FC303c8e97475Ec072A58DE60EC134a,37.719,40.559,yes,37.719,0.000153987,0.281605176,0.388225275,,,,,,0x956F1CE3ff2ea59A8b41DF83Ce9F85ED59D73F92,55.07
,0x6994ba66FD6789044c4aD43786CC16840d099C8a,35.24,35.24,yes,35.24,0.000143867,0.263097282,0.388225275,,,,,,0x7Fe4D3F9A56444A7A779d691B1C1c2421c0C9AaB,54.27499339
,0x071D217637b6322a7faaC6895a9EB00e529D3424,30.55,30.55,yes,30.55,0.00012472,0.228082349,0.388225275,,,,,,0xbEE2D469AACB46251aE33Cca91F482e26c971dFF,54
,0x37fD5Ad757C529a88F144d9D5F72dF8AE3083049,30.46462279,30.46462279,yes,30.46462279,0.000124371,0.227444934,0.388225275,,,,,,0xC6A0E24751F56c98aF228274f6fEe0ffD751968D,50.27275939
,0xBD2402D96474493BaDC395C3Db061A71b3f0cEB7,30.36,30.57269013,yes,30.36,0.000123944,0.226663834,0.388225275,,,,,,0x329c54289Ff5D6B7b7daE13592C6B1EDA1543eD4,48.74053967
,0x937Df4e3d6dB229A10ff0098ab3A1bCC40C33ea4,30,30,yes,30,0.000122475,0.22397612,0.388225275,,,,,,0x1F751b1da0e87B6372d7bE92106b6239fa7eFc60,46.75813208
,0x7821f46f652D5485d6E4FE3B66F30DA3351fc6f7,30,30,yes,30,0.000122475,0.22397612,0.388225275,,,,,,0x11f11DAFde2eD523CD935184dd28876cE52F1652,46.66
,0x282c8d5CAD767a93e1E042E33E7A15877A8E6A1b,30,30,yes,30,0.000122475,0.22397612,0.388225275,,,,,,0xf1CD34aFA3e93559Ef2e26e06d39A1A707bE4fB4,45.93620531
,0xE08Fd80d7D0593a616c01A3F2A17bdC3206c71b4,29.87,0,,0,0,0,0,,,,,,0xb646e04fA4dbf9f69b5A8dBaD9dd7c83E4033654,45.91084356
,0x1F751b1da0e87B6372d7bE92106b6239fa7eFc60,28.46466775,46.75813208,yes,28.46466775,0.000116207,0.212513528,0.388225275,,,,,,0x5a5D07EF209bF2e2608405cfB0B7D7d5df396a36,45.82
,0x435b7D470767Cb121F37dD296B2AC7913fDF5427,26.39,26.39,yes,26.39,0.000107737,0.197024327,0.388225275,,,,,,0xC5aFc3a0F462C5a387393421b6A253204a3Be8D2,44
,0x3FbacD52FA6F1F15Bc3D776474FdAB07ec9D8d59,25.24639484,25.24639484,yes,25.24639484,0.000103068,0.188486319,0.388225275,,,,,,0x547c0dbd2FC303c8e97475Ec072A58DE60EC134a,40.559
,0x8a26529afDDcf6DB1f54A8F24b6834B0761b7E66,25,25,yes,25,0.000102062,0.186646767,0.388225275,,,,,,0x1B3c00A967aA935100342eCdf38198E21De1a1CF,40.37763781
,0xBe9e265c78a22e31d6a41Fc2710D9590ED2d5a96,24.89,34.89,yes,24.89,0.000101613,0.185825521,0.388225275,,,,,,0xf041e368e33d7f28dec1918D52D691C383f42e2d,40.08
,0x5AA59e166E4405C05ABF85AD44A8ED84A1d51a06,24.2364,24.2364,yes,24.2364,9.89E-05,0.180945828,0.388225275,,,,,,0x60523Cd3F5CF0061C6f042545371Fa6ff8cD397B,40
,0x32f8c8b40b62A73D514E8bE0f58074eDBA533937,23.22,23.22,yes,23.22,9.48E-05,0.173357517,0.388225275,,,,,,0x6994ba66FD6789044c4aD43786CC16840d099C8a,35.24
,0xEc46DB756a85Cb85BD90C0E74b1d0394021dae54,23.04,30.47030061,yes,23.04,9.41E-05,0.17201366,0.388225275,,,,,,0xBe9e265c78a22e31d6a41Fc2710D9590ED2d5a96,34.89
,0xe64757d213bA264D511a85CC9B53A24CC9e10859,22.05,25.05,yes,22.05,9.00E-05,0.164622448,0.388225275,,,,,,0xBfBD59C39f83068Ebe8EF181B927B85400222292,33.97403614
,0x92CB71850Aa43263EBaAa1E0ED3E78Cb984915Ff,22,22,yes,22,8.98E-05,0.164249155,0.388225275,,,,,,0x4eDb4161D16c89b71Aec027930a943c3d4cf0777,31.82725562
,0xBBeefC36f1947609476097fEB4389e1C89293F4f,21.95,5.407200013,,0,0,0,0,,,,,,0xBD2402D96474493BaDC395C3Db061A71b3f0cEB7,30.57269013
,0xb646e04fA4dbf9f69b5A8dBaD9dd7c83E4033654,20.90189449,45.91084356,yes,20.90189449,8.53E-05,0.156050841,0.388225275,,,,,,0x071D217637b6322a7faaC6895a9EB00e529D3424,30.55
,0x41b7533741E01B47aCD3B41292a7D109E5a3d8Fc,18.52,23.83284708,yes,18.52,7.56E-05,0.138267925,0.388225275,,,,,,0xEc46DB756a85Cb85BD90C0E74b1d0394021dae54,30.47030061
,0xafae1E9EcD3a355b93960402E875b886f718C55E,18.05892175,18.58922775,yes,18.05892175,7.37E-05,0.134825574,0.388225275,,,,,,0x37fD5Ad757C529a88F144d9D5F72dF8AE3083049,30.46462279
,0x040528e6eBdcBC6e37e3C78350dE0a59AedCe622,17.7,17.7,yes,17.7,7.23E-05,0.132145911,0.388225275,,,,,,0x209cC72C78999A4536Df882D969e49029605cd04,30.44
,0xE8f4Db2D3476b3EE198CC1d32651cD9d082eFF89,17.45,566.8841784,yes,17.45,7.12E-05,0.130279443,0.388225275,,,,,,0x937Df4e3d6dB229A10ff0098ab3A1bCC40C33ea4,30
,0xEf3FEA148B4933A9d8716842E093AACbFC96600c,17.22164628,0,,0,0,0,0,,,,,,0x7821f46f652D5485d6E4FE3B66F30DA3351fc6f7,30
,0xe2c0eA29434b11E8aFa2A1649831Ce53Bc975e5D,17.22,0.071866256,,0,0,0,0,,,,,,0x282c8d5CAD767a93e1E042E33E7A15877A8E6A1b,30
,0x80adc6DA57e97F33035899962278A5FAfF8492E4,17.02,20.42,yes,17.02,6.95E-05,0.127069119,0.388225275,,,,,,0xB88B58b5473Ab14E6ce9d2279797A71C13250ACC,29.47810078
,0x4eDb4161D16c89b71Aec027930a943c3d4cf0777,16.82,31.82725562,yes,16.82,6.87E-05,0.125575945,0.388225275,,,,,,0x69344717556C64DC49A2Ba36267A04efAcF34d27,28.99356621
,0x442e783Df75dF94AaA3D88136528810c06DaBae5,15.71283346,15.71283346,yes,15.71283346,6.41E-05,0.117309983,0.388225275,,,,,,0x1C190aea1409aC9036ED45E829de2018002Ac3D7,28.54847869
,0x6877FdEAC0d0D5d61B4cA3BBd42501a2fF02c144,15.62,172.015218,yes,15.62,6.38E-05,0.1166169,0.388225275,,,,,,0x435b7D470767Cb121F37dD296B2AC7913fDF5427,26.39
,0x78bfA2a0241804733c58091d431b5a840D9D6F73,15.37,15.37,yes,15.37,6.27E-05,0.114750432,0.388225275,,,,,,0x3FbacD52FA6F1F15Bc3D776474FdAB07ec9D8d59,25.24639484
,0x3967D78660bCBc95c625d58A40C42Ce10bd905D6,15.36959924,15.36959924,yes,15.36959924,6.27E-05,0.11474744,0.388225275,,,,,,0xe64757d213bA264D511a85CC9B53A24CC9e10859,25.05
,0x5642111A57c82f2f50716C397efF0eefC25a2501,15.09,15.09,yes,15.09,6.16E-05,0.112659988,0.388225275,,,,,,0x8a26529afDDcf6DB1f54A8F24b6834B0761b7E66,25
,0xA78171Ee1f73dc95a8f11409Ba3fCF41e1CDbd85,15.00691486,15.00691486,yes,15.00691486,6.13E-05,0.112039685,0.388225275,,,,,,0x5AA59e166E4405C05ABF85AD44A8ED84A1d51a06,24.2364
,0xa4dDA080E000478EB51C5a9e1122f98Ca76ebD8E,15,15,yes,15,6.12E-05,0.11198806,0.388225275,,,,,,0x41b7533741E01B47aCD3B41292a7D109E5a3d8Fc,23.83284708
,0xDa7Ba364dc71527055608A76f816BEF129AE6dBa,15,15,yes,15,6.12E-05,0.11198806,0.388225275,,,,,,0x32f8c8b40b62A73D514E8bE0f58074eDBA533937,23.22
,0xdba64f019c92649CF645D598322AE1aE2318e55b,14.25,14.25,yes,14.25,5.82E-05,0.106388657,0.388225275,,,,,,0xb4D502361a3c6f823EEb9A99Af09E110382206ee,22.97374769
,0x9098B23Ed9cc4cA858B642af81442E9E591Ff073,14.04,14.04,yes,14.04,5.73E-05,0.104820824,0.388225275,,,,,,0xEfBc827ee8B564C67F7aE80D1B10E8a14E1c4c38,22.9166629
,0x482d63381DeD49C5374C346F38fcb9cD27B5D2Ba,13.30837653,16.79134336,yes,13.30837653,5.43E-05,0.099358618,0.388225275,,,,,,0x92CB71850Aa43263EBaAa1E0ED3E78Cb984915Ff,22
,0x9023EfED128bd40917547722dB12c396Af044b50,13.11,13.11,yes,13.11,5.35E-05,0.097877565,0.388225275,,,,,,0x56E7d2A9D752BbC63B47215eA3608eb85a5968D7,21.08540932
,0x0224b2311d5968fA00a42103788b2F4CCd0651aD,12.54,12.54,yes,12.54,5.12E-05,0.093622018,0.388225275,,,,,,0x80adc6DA57e97F33035899962278A5FAfF8492E4,20.42
,0xAe5499976FfD3e58Be47BDD51c787A5201D957f4,12.32017501,14.39460186,yes,12.32017501,5.03E-05,0.091980833,0.388225275,,,,,,0x7A05B87F0e95c3ABE3f296017C69b5A62C82e286,20
,0xBfBD59C39f83068Ebe8EF181B927B85400222292,12.26,33.97403614,yes,12.26,5.01E-05,0.091531574,0.388225275,,,,,,0x01e9E7D4e589cFDF2853178a2cBF666FD3708A60,19.36350598
,0xa605c28Fad3E79B93B0003379b1A766Ee798E93A,12.03,13.73,yes,12.03,4.91E-05,0.089814424,0.388225275,,,,,,0x4Ea6415289Cf688f8A19381e1a9Af213d2510454,18.81213081
,0x2ba7F536fF0A4a043C2f3c25163F0384681657e8,12,12,yes,12,4.90E-05,0.089590448,0.388225275,,,,,,0xafae1E9EcD3a355b93960402E875b886f718C55E,18.58922775
,0x741DF195c5c1d860A13AF1A984303feB1cc7F001,11.88675152,96.07983475,yes,11.88675152,4.85E-05,0.08874495,0.388225275,,,,,,0x3A631b481a1B225e32D20C28BB531587e9F32dA0,18.01694471
,0x8CE134D810f5361f3D4bB0707482bcDe92c26777,11.4441789,11.4441789,yes,11.4441789,4.67E-05,0.08544076,0.388225275,,,,,,0x040528e6eBdcBC6e37e3C78350dE0a59AedCe622,17.7
,0x1C190aea1409aC9036ED45E829de2018002Ac3D7,11.4,28.54847869,yes,11.4,4.65E-05,0.085110926,0.388225275,,,,,,0x482d63381DeD49C5374C346F38fcb9cD27B5D2Ba,16.79134336
,0xfD9A9bCb6A7f3a26b7D0dE1Cb80458395429cc41,11.25,11.25,yes,11.25,4.59E-05,0.083991045,0.388225275,,,,,,0x8EA8721F27eFcAaBB3901Ed6756505Ab873F15a7,16.60911406
,0xb4D502361a3c6f823EEb9A99Af09E110382206ee,11,22.97374769,yes,11,4.49E-05,0.082124577,0.388225275,,,,,,0xf5Ae09413941Aa09c211aD7A745Df4864151336d,15.84149152
,0x209cC72C78999A4536Df882D969e49029605cd04,10.44,30.44,yes,10.44,4.26E-05,0.07794369,0.388225275,,,,,,0x442e783Df75dF94AaA3D88136528810c06DaBae5,15.71283346
,0x281AAE78f08b69a514AaBe0A17916387eDA3ddcF,10.1,11.83,yes,10.1,4.12E-05,0.075405294,0.388225275,,,,,,0x78bfA2a0241804733c58091d431b5a840D9D6F73,15.37
,0xD147F5D14D5542A128fd1245Af8987298Ee9963D,10.08,11.57,yes,10.08,4.12E-05,0.075255976,0.388225275,,,,,,0x3967D78660bCBc95c625d58A40C42Ce10bd905D6,15.36959924
,0x3A631b481a1B225e32D20C28BB531587e9F32dA0,10.01275146,18.01694471,yes,10.01275146,4.09E-05,0.074753907,0.388225275,,,,,,0x5642111A57c82f2f50716C397efF0eefC25a2501,15.09
,0xe00EaA2787a8830A485153b7Bf508Bc781E4A220,10,10,yes,10,4.08E-05,0.074658707,0.388225275,,,,,,0xA78171Ee1f73dc95a8f11409Ba3fCF41e1CDbd85,15.00691486
,0xf5ED909Ff51045A4c1a8fc194809108a6F33d656,10,10,yes,10,4.08E-05,0.074658707,0.388225275,,,,,,0xa4dDA080E000478EB51C5a9e1122f98Ca76ebD8E,15
,0x7A05B87F0e95c3ABE3f296017C69b5A62C82e286,10,20,yes,10,4.08E-05,0.074658707,0.388225275,,,,,,0xDa7Ba364dc71527055608A76f816BEF129AE6dBa,15
,0xA65BfcB60b3DCCB68Be2F9AF7b53eC6864eD6098,9.644200405,9.644200405,yes,9.644200405,3.94E-05,0.072002353,0.388225275,,,,,,0xAe5499976FfD3e58Be47BDD51c787A5201D957f4,14.39460186
,0xf5Ae09413941Aa09c211aD7A745Df4864151336d,9.121567743,15.84149152,yes,9.121567743,3.72E-05,0.068100445,0.388225275,,,,,,0xdba64f019c92649CF645D598322AE1aE2318e55b,14.25
,0xAb2e11C99D8830D5d9B2494A565c974595e39eef,8.97,8.97,yes,8.97,3.66E-05,0.06696886,0.388225275,,,,,,0x9098B23Ed9cc4cA858B642af81442E9E591Ff073,14.04
,0xE2C67350D0A0768De07E556073BeeEc0AE86a684,8.73015281,168.4266381,yes,8.73015281,3.56E-05,0.065178192,0.388225275,,,,,,0xa605c28Fad3E79B93B0003379b1A766Ee798E93A,13.73
,0x01e9E7D4e589cFDF2853178a2cBF666FD3708A60,8.45,19.36350598,yes,8.45,3.45E-05,0.063086607,0.388225275,,,,,,0x6299dbe5BE8ED5d5DF9Ff5a21B485c7da0cF3476,13.14410674
,0x68Db64A8cC0AEA50b479BdD5Bc3B3Dd5E5821ed4,8.32,8.32,yes,8.32,3.40E-05,0.062116044,0.388225275,,,,,,0x9023EfED128bd40917547722dB12c396Af044b50,13.11
,0x68D3d9291424331063E74086d514F19E3F4Edd5e,7.42861,10.49092799,yes,7.42861,3.03E-05,0.055461042,0.388225275,,,,,,0x0224b2311d5968fA00a42103788b2F4CCd0651aD,12.54
,0x50754d43E7694998FE3Ca282cbb391Bc8E7698C1,6.82,6.82,yes,6.82,2.78E-05,0.050917238,0.388225275,,,,,,0x58805f572924b83b8c224184d2Cf60ad3302DBDF,12.16018111
,0xd34bc82B9092f5334056daC1aF8cd5d32aBc6802,6.81,7.166605785,yes,6.81,2.78E-05,0.050842579,0.388225275,,,,,,0x2ba7F536fF0A4a043C2f3c25163F0384681657e8,12
,0x8238892095d3BAc5322894e84F349BCd52F843d5,6.55,9.041613629,yes,6.55,2.67E-05,0.048901453,0.388225275,,,,,,0x281AAE78f08b69a514AaBe0A17916387eDA3ddcF,11.83
,0x64931189b070Fc7C8c80839C8a2d9a10b83082AB,6.46,6.46,yes,6.46,2.64E-05,0.048229525,0.388225275,,,,,,0x07557E561E7baA14BC8ac7040271AA1443d566e9,11.76734613
,0xAF51e6E946263e1d7B474073ee64EA0c5Bc01dA9,5.42,5.42,yes,5.42,2.21E-05,0.040465019,0.388225275,,,,,,0xD147F5D14D5542A128fd1245Af8987298Ee9963D,11.57
,0x23c3472fc4F75E882226b6295D3fa817cCfDe28C,5.13,9.833333876,yes,5.13,2.09E-05,0.038299917,0.388225275,,,,,,0x8CE134D810f5361f3D4bB0707482bcDe92c26777,11.4441789
,0x9942796AfeFEa0C2C651b80fA0024B46F5827506,5,6.523954879,yes,5,2.04E-05,0.037329353,0.388225275,,,,,,0xfD9A9bCb6A7f3a26b7D0dE1Cb80458395429cc41,11.25
,0x07557E561E7baA14BC8ac7040271AA1443d566e9,4.99,11.76734613,yes,4.99,2.04E-05,0.037254695,0.388225275,,,,,,0x68D3d9291424331063E74086d514F19E3F4Edd5e,10.49092799
,0xfb19EC463183F414bE8f65674d18a015a0200baf,4.61,9.742029218,yes,4.61,1.88E-05,0.034417664,0.388225275,,,,,,0xe00EaA2787a8830A485153b7Bf508Bc781E4A220,10
,0x49a338c8A8C92f3f7E5A4700A191bb41595591b2,4.26,4.26,yes,4.26,1.74E-05,0.031804609,0.388225275,,,,,,0xf5ED909Ff51045A4c1a8fc194809108a6F33d656,10
,0xF036e411717bf8E123c245Ff5A7604DABE0Ab1ca,4.000342981,545.9610967,yes,4.000342981,1.63E-05,0.029866043,0.388225275,,,,,,0xf7c668dFCACA968F2cE01226DdB15EEB7210CF1D,9.954407102
,0x6d7b212d1C91E735a2d0C3Cca20074c4285E8a44,3.91,344.5100864,yes,3.91,1.60E-05,0.029191554,0.388225275,,,,,,0x23c3472fc4F75E882226b6295D3fa817cCfDe28C,9.833333876
,0xD8e367019Dc5C28290F1e036790d72B975d35EDA,3.83,3.83,yes,3.83,1.56E-05,0.028594285,0.388225275,,,,,,0xfb19EC463183F414bE8f65674d18a015a0200baf,9.742029218
,0x63712C2f30f48FF20BeB3837578071b70CEa9F07,3.822720253,6.522527247,yes,3.822720253,1.56E-05,0.028539935,0.388225275,,,,,,0xA65BfcB60b3DCCB68Be2F9AF7b53eC6864eD6098,9.644200405
,0xb19BC46C52A1352A071fe2389503B6FE1ABD50Ff,3.79,3.79,yes,3.79,1.55E-05,0.02829565,0.388225275,,,,,,0x8238892095d3BAc5322894e84F349BCd52F843d5,9.041613629
,0xD1288262eD6E22d415f72AB85c450b277BE130c3,3.63,3.63,yes,3.63,1.48E-05,0.027101111,0.388225275,,,,,,0xAb2e11C99D8830D5d9B2494A565c974595e39eef,8.97
,0x3172aee5e0B47bB23e87db93327F58E06e6A73B6,3.4,6.24,yes,3.4,1.39E-05,0.02538396,0.388225275,,,,,,0xe1690f5153aD0BBc683964aA81645C49b3cF6567,8.756434775
,0xeBa1db3E9B6384df08dE527300FfB904A38EF60e,3.369052882,3.369052882,yes,3.369052882,1.38E-05,0.025152913,0.388225275,,,,,,0x68Db64A8cC0AEA50b479BdD5Bc3B3Dd5E5821ed4,8.32
,0xC0aEf1759A279CED58223F34E0fe6426610B1bEE,3.12,3.12,yes,3.12,1.27E-05,0.023293516,0.388225275,,,,,,0xd34bc82B9092f5334056daC1aF8cd5d32aBc6802,7.166605785
,0xa07dAB9273Fe521A55eAFF0F00a89bA34A6E5811,3,3,yes,3,1.22E-05,0.022397612,0.388225275,,,,,,0x97945356AcB19a96B4B88cf870AA78EC2c712F99,7.10905422
,0xBB5B9e70345e2679c73373758694ecE96C550612,2.78,2.78,yes,2.78,1.13E-05,0.02075512,0.388225275,,,,,,0x50754d43E7694998FE3Ca282cbb391Bc8E7698C1,6.82
,0x3E184AF75c982E16eEAF97c9A66cC607d8966f2D,2.71,2.71,yes,2.71,1.11E-05,0.02023251,0.388225275,,,,,,0x9942796AfeFEa0C2C651b80fA0024B46F5827506,6.523954879
,0xBB848BD68E52D7DA5A8921E637e38079eE0728D4,2.655356894,2.655356894,yes,2.655356894,1.08E-05,0.019824551,0.388225275,,,,,,0x63712C2f30f48FF20BeB3837578071b70CEa9F07,6.522527247
,0x97945356AcB19a96B4B88cf870AA78EC2c712F99,2.574319002,7.10905422,yes,2.574319002,1.05E-05,0.019219533,0.388225275,,,,,,0x64931189b070Fc7C8c80839C8a2d9a10b83082AB,6.46
,0x2bD7716Ce2c43B9c0D58982F5BAC67633bf2E7dC,2.43,2.43,yes,2.43,9.92E-06,0.018142066,0.388225275,,,,,,0x3172aee5e0B47bB23e87db93327F58E06e6A73B6,6.24
,0xce88686553686DA562CE7Cea497CE749DA109f9F,2.283721062,2.707147063,yes,2.283721062,9.32E-06,0.017049966,0.388225275,,,,,,0xe023d9eaD98a431A88E913629599884839cDF92f,6.028011833
,0x31426Feb31a80bDf5EBf7150DdB1e437a3d2346f,2.1,2.1,yes,2.1,8.57E-06,0.015678328,0.388225275,,,,,,0xFefd7E49FD2Ba5a3449D952fe883355bDad33dB5,6
,0xe1690f5153aD0BBc683964aA81645C49b3cF6567,2.07,8.756434775,yes,2.07,8.45E-06,0.015454352,0.388225275,,,,,,0xAF51e6E946263e1d7B474073ee64EA0c5Bc01dA9,5.42
,0xd15B0342DED129C3baE109f4731ff0AE614592E3,2,2,yes,2,8.16E-06,0.014931741,0.388225275,,,,,,0xBBeefC36f1947609476097fEB4389e1C89293F4f,5.407200013
,0x00553b963DE06016C68681C9BEE10A79c51c5D8A,1.86416,1.86416,yes,1.86416,7.61E-06,0.013917577,0.388225275,,,,,,0x658AB0A138F70105859050d625f7b9893C64C325,4.928292218
,0xf929a6e76b4Bed6D81bcD58E0aC2991854892214,1.83758786,1.83758786,yes,1.83758786,7.50E-06,0.013719193,0.388225275,,,,,,0xf746A85E0e1A8f5E9E5c221135FacA5ADF71eb14,4.472618139
,0x007De57773B6EB4ebbf6A740dFdE1EfDd5629630,1.62,1.62,yes,1.62,6.61E-06,0.01209471,0.388225275,,,,,,0x49a338c8A8C92f3f7E5A4700A191bb41595591b2,4.26
,0xCc55D35a19c166d9dC720D894BFfF14827D9385C,1.58,1.898165747,yes,1.58,6.45E-06,0.011796076,0.388225275,,,,,,0x0AE57350662045c32B34f3b1E70C36E4EF1502E2,4.140892591
,0x0AE57350662045c32B34f3b1E70C36E4EF1502E2,1.486511244,4.140892591,yes,1.486511244,6.07E-06,0.011098101,0.388225275,,,,,,0xD8e367019Dc5C28290F1e036790d72B975d35EDA,3.83
,0x4734e2F2d5C314DAd4ab38403B56dc0c48d2e5A4,1.4631212,1.4631212,yes,1.4631212,5.97E-06,0.010923474,0.388225275,,,,,,0xb19BC46C52A1352A071fe2389503B6FE1ABD50Ff,3.79
,0xf746A85E0e1A8f5E9E5c221135FacA5ADF71eb14,1.43,4.472618139,yes,1.43,5.84E-06,0.010676195,0.388225275,,,,,,0xD1288262eD6E22d415f72AB85c450b277BE130c3,3.63
,0x521866351B73EAE5aCb8962469526B38CBE47372,1.316203412,2.617115246,yes,1.316203412,5.37E-06,0.009826604,0.388225275,,,,,,0xeBa1db3E9B6384df08dE527300FfB904A38EF60e,3.369052882
,0x2718E86f5793Ac08bd3C4A301382E8c1DA2a1e30,1.26,2.492356185,yes,1.26,5.14E-06,0.009406997,0.388225275,,,,,,0x4264e905F87a68F67F4E51a1DDcfFFD62bf7Ce73,3.226042007
,0x19223782AD6556B0De843156E968270e32A5c10c,1.24,1.24,yes,1.24,5.06E-06,0.00925768,0.388225275,,,,,,0xC0aEf1759A279CED58223F34E0fe6426610B1bEE,3.12
,0x551d3A37E1613E8b21f2AD613A01Bf97ec2d2389,1.23,1.23,yes,1.23,5.02E-06,0.009183021,0.388225275,,,,,,0xa07dAB9273Fe521A55eAFF0F00a89bA34A6E5811,3
,0x25E441081898bA179D77362cE6E48Bcd1E949Ce8,1,1,yes,1,4.08E-06,0.007465871,0.388225275,,,,,,0x9f32B5A3A6A21dF1671c74372F18415CB3FCaca2,2.975331306
,0xd30126cDd9BbB338E0ca5A8d504B2EC2d43488c7,1,1,yes,1,4.08E-06,0.007465871,0.388225275,,,,,,0xBB5B9e70345e2679c73373758694ecE96C550612,2.78
,0x6256f45198Fb506188cE154dC083ae568160B98f,0.95286029,0.95286029,yes,0.95286029,3.89E-06,0.007113932,0.388225275,,,,,,0x3E184AF75c982E16eEAF97c9A66cC607d8966f2D,2.71
,0xCd8Eddd0A27047D53D65f23D483A8A169D54526B,0.89,0.99,yes,0.89,3.63E-06,0.006644625,0.388225275,,,,,,0xce88686553686DA562CE7Cea497CE749DA109f9F,2.707147063
,0x2017E5195fF122d29AB94Dd422C50e4B52b7Abd7,0.72,0.72,yes,0.72,2.94E-06,0.005375427,0.388225275,,,,,,0xBB848BD68E52D7DA5A8921E637e38079eE0728D4,2.655356894
,0x9517DD3573A349AeCaba61b67fa22d74aB2E7460,0.56,0.56,yes,0.56,2.29E-06,0.004180888,0.388225275,,,,,,0x521866351B73EAE5aCb8962469526B38CBE47372,2.617115246
,0x373D41B30a9255e67934329539076c5A8354a2Ab,0.417067786,0.417067786,yes,0.417067786,1.70E-06,0.003113774,0.388225275,,,,,,0x2718E86f5793Ac08bd3C4A301382E8c1DA2a1e30,2.492356185
,0xED3dB70381c81E349d55f14bf0A333cB140f948D,0.21824,0.21824,yes,0.21824,8.91E-07,0.001629352,0.388225275,,,,,,0x87a78919AdC0A79303940418A9C35AD7A5F31561,2.442695373
,0x00987cbCE7014389197f9D5468Dab5A8facFfeE0,0.19,0.19,yes,0.19,7.76E-07,0.001418515,0.388225275,,,,,,0x2bD7716Ce2c43B9c0D58982F5BAC67633bf2E7dC,2.43
,0x3Fc3E6514fD4925f55fB3Ae17bbfbca2eb126608,0.03,0.326589253,yes,0.03,1.22E-07,0.000223976,0.388225275,,,,,,0x31426Feb31a80bDf5EBf7150DdB1e437a3d2346f,2.1
,0x650c1E71fD009DBD8344BB63a8727b538397B5D3,0.018728808,0.458603028,yes,0.018728808,7.65E-08,0.000139827,0.388225275,,,,,,0xd15B0342DED129C3baE109f4731ff0AE614592E3,2
,0xF43B6b81A4Fd23B3482cfa48E4A4450F20e0dbd7,0.00717673,0.00717673,yes,0.00717673,2.93E-08,5.36E-05,0.388225275,,,,,,0xCc55D35a19c166d9dC720D894BFfF14827D9385C,1.898165747
,0x0C84cd406B8a4E07dF9a1B15ef348023a1DCD075,1.57E-06,1.57E-06,yes,1.57E-06,6.39E-12,1.17E-08,0.388225275,,,,,,0x00553b963DE06016C68681C9BEE10A79c51c5D8A,1.86416
,0xDEF171Fe48CF0115B1d80b88dc8eAB59176FEe57,0,0,yes,0,0,0,#DIV/0!,,,,,,0xf929a6e76b4Bed6D81bcD58E0aC2991854892214,1.83758786
,0x5A010c2f9182c03a2247b2dAa9fe5033B727A06a,0,0,yes,0,0,0,#DIV/0!,,,,,,0x43edCBE5be576B5FdAC57e3ab552B36a256bCBA7,1.732402283
,0xA709f9904a4E3cF50816609834175446C2246577,0,0,yes,0,0,0,#DIV/0!,,,,,,0x007De57773B6EB4ebbf6A740dFdE1EfDd5629630,1.62
,0x6299dbe5BE8ED5d5DF9Ff5a21B485c7da0cF3476,0,13.14410674,yes,0,0,0,#DIV/0!,,,,,,0x07A009e9E98649Bff954cf3032ceB3E21E020f49,1.59
,0xbb899870561D48e823DdfACFFa201dc20214a530,0,0.521234761,yes,0,0,0,#DIV/0!,,,,,,0x4734e2F2d5C314DAd4ab38403B56dc0c48d2e5A4,1.4631212
,0x46dA6594F8f4bfe15daA4a45119EA4bF47Ba4006,0,0,yes,0,0,0,#DIV/0!,,,,,,0x7931ee0C5B306C6D6C8BB8cfDf7F6D275741E09d,1.295193148
,0xaFa59C65e2965B6A0f4d7780CeEb4a8ed30786d4,0,57.75190935,yes,0,0,0,#DIV/0!,,,,,,0x19223782AD6556B0De843156E968270e32A5c10c,1.24
,0x362910Ffbae11381Ab46e93D484CBE694C996366,0,0,yes,0,0,0,#DIV/0!,,,,,,0x551d3A37E1613E8b21f2AD613A01Bf97ec2d2389,1.23
,0xEd71d7586839Db87Ee8D48454969AB8609f24136,0,0,yes,0,0,0,#DIV/0!,,,,,,0x25E441081898bA179D77362cE6E48Bcd1E949Ce8,1
,0xD41213C320d05c0B6882EdF1021328939AA18be6,0,0,yes,0,0,0,#DIV/0!,,,,,,0xd30126cDd9BbB338E0ca5A8d504B2EC2d43488c7,1
,0x6523a02072D736535148aa67DB26F80C2E456547,0,0,yes,0,0,0,#DIV/0!,,,,,,0xCd8Eddd0A27047D53D65f23D483A8A169D54526B,0.99
,0x142C26F781a195FF4a210daf1Ed0B538dD396DD1,0,0,yes,0,0,0,#DIV/0!,,,,,,0x6256f45198Fb506188cE154dC083ae568160B98f,0.95286029
,0x94A468FCB53A043Bf5Cd95EF21892E02C71134Be,0,0,yes,0,0,0,#DIV/0!,,,,,,0x2017E5195fF122d29AB94Dd422C50e4B52b7Abd7,0.72
,0x198a9426C5275d6c612A1c68d11126A75a05c609,0,0,yes,0,0,0,#DIV/0!,,,,,,0xF373359a8A2D828a7b165887d2a27218fDAF6200,0.595104348
,0x8EA8721F27eFcAaBB3901Ed6756505Ab873F15a7,0,16.60911406,yes,0,0,0,#DIV/0!,,,,,,0x9517DD3573A349AeCaba61b67fa22d74aB2E7460,0.56
,0x56f959355470D4b504dbf24E1BC4453a768Bc854,0,0,yes,0,0,0,#DIV/0!,,,,,,0xcCB02E7CBFa20f05391190b219cfDd84A7688D47,0.523692546
,0x6e52a3F199B9E2dA6F9bCe4A395CB015a0C737d9,0,0,yes,0,0,0,#DIV/0!,,,,,,0xbb899870561D48e823DdfACFFa201dc20214a530,0.521234761
,0x56E7d2A9D752BbC63B47215eA3608eb85a5968D7,0,21.08540932,yes,0,0,0,#DIV/0!,,,,,,0x650c1E71fD009DBD8344BB63a8727b538397B5D3,0.458603028
,0xeA9D77121A5fe0d58E1a0734DC4349F21E64B9DC,0,0,yes,0,0,0,#DIV/0!,,,,,,0x373D41B30a9255e67934329539076c5A8354a2Ab,0.417067786
,0xFefd7E49FD2Ba5a3449D952fe883355bDad33dB5,0,6,yes,0,0,0,#DIV/0!,,,,,,0x3Fc3E6514fD4925f55fB3Ae17bbfbca2eb126608,0.326589253
,0x34453671ad02330cBE70C75687f0D1647Aa2B5BA,0,0,yes,0,0,0,#DIV/0!,,,,,,0xED3dB70381c81E349d55f14bf0A333cB140f948D,0.21824
,,,,,,,,,,,,,,0x00987cbCE7014389197f9D5468Dab5A8facFfeE0,0.19
,,,,,,,,,,,,,,0xe2c0eA29434b11E8aFa2A1649831Ce53Bc975e5D,0.071866256
,,,,Total:,244948.6577,,,,,,,,,0xF43B6b81A4Fd23B3482cfa48E4A4450F20e0dbd7,0.00717673
,,,,,,,,,,,,,,0x0C84cd406B8a4E07dF9a1B15ef348023a1DCD075,1.57E-06
,,,,,,,,,,,,,,0xDEF171Fe48CF0115B1d80b88dc8eAB59176FEe57,0
,,,,,,,,,,,,,,0x5A010c2f9182c03a2247b2dAa9fe5033B727A06a,0
,,,,,,,,,,,,,,0xA709f9904a4E3cF50816609834175446C2246577,0
,,,,,,,,,,,,,,0xEf3FEA148B4933A9d8716842E093AACbFC96600c,0
,,,,,,,,,,,,,,0xDeE45f774FA311199c5900e7C99A609E27EdCd4E,0
,,,,,,,,,,,,,,0x46dA6594F8f4bfe15daA4a45119EA4bF47Ba4006,0
,,,,,,,,,,,,,,0x2FAf55a544c5F73666438BC185aeCC9D685E6E3C,0
,,,,,,,,,,,,,,0x362910Ffbae11381Ab46e93D484CBE694C996366,0
,,,,,,,,,,,,,,0xEd71d7586839Db87Ee8D48454969AB8609f24136,0
,,,,,,,,,,,,,,0xD41213C320d05c0B6882EdF1021328939AA18be6,0
,,,,,,,,,,,,,,0x6523a02072D736535148aa67DB26F80C2E456547,0
,,,,,,,,,,,,,,0xE08Fd80d7D0593a616c01A3F2A17bdC3206c71b4,0
,,,,,,,,,,,,,,0x142C26F781a195FF4a210daf1Ed0B538dD396DD1,0
,,,,,,,,,,,,,,0x94A468FCB53A043Bf5Cd95EF21892E02C71134Be,0
,,,,,,,,,,,,,,0x198a9426C5275d6c612A1c68d11126A75a05c609,0
,,,,,,,,,,,,,,0x56f959355470D4b504dbf24E1BC4453a768Bc854,0
,,,,,,,,,,,,,,0x6e52a3F199B9E2dA6F9bCe4A395CB015a0C737d9,0
,,,,,,,,,,,,,,0xeA9D77121A5fe0d58E1a0734DC4349F21E64B9DC,0
,,,,,,,,,,,,,,0x5279c6792D38F3c8d7d870178EF3cC26C7AB5d1E,0
,,,,,,,,,,,,,,0x34453671ad02330cBE70C75687f0D1647Aa2B5BA,0
,,,,,,,,,,,,,,0xC76b85Cd226518DAF2027081dEfF2Eac4Cc91a00,0
,,,,,,,,,,,,,,0xbfD82bD44b3DF57B26e29770D0c8f1690f1c49F1,0
,,,,,,,,,,,,,,0xa03dEdE2EeCC86e590D343E42137940ab647d14b,0
,,,,,,,,,,,,,,0xc0719b1040f7f8e904A6509F99335656C1d881eD,0