Wallet,# gotchis,Gotchis VLT,vGHST balance,vGHST VLT,Total VLT
0x329c54289Ff5D6B7b7daE13592C6B1EDA1543eD4,22,35.26546452,393601.1591,837.6384174,872.9038819
0xd281F988242C900d67fF2aafABe683B8004Ee778,172,275.7118135,234826.2995,499.7432687,775.4550822
0x60eD33735C9C29ec2c26B8eC734e36D5B6fa1EAB,185,296.5504971,99231.29381,211.1780974,507.7285944
0x6994ba66FD6789044c4aD43786CC16840d099C8a,74,118.6201988,144035.431,306.5275793,425.1477781
0x7BFEe91193d9Df2Ac0bFe90191D40F23c773C060,1,1.60297566,177329.3574,377.3817197,378.9846954
0x156E6C5a2Fac34bB2Fcf2Ac1bbAA0E75BDE3aC4F,150,240.446349,16220.91259,34.52037484,274.9667238
0x60c4ae0EE854a20eA7796a9678090767679B30FC,144,230.828495,1.950017506,0.00414991,230.8326449
0x6021DB23296793f8D1e9CdF710b29356DAD1f4A5,110,176.3273226,0,0,176.3273226
0xF17fAf9978B2F0087E6c78553Ede42D15abF76c5,0,0,73837.66568,157.1368986,157.1368986
0x795f50722Cf5ad82F78Dda8dC8F7B235332977C3,90,144.2678094,854.1132493,1.817672671,146.0854821
0xC561C9b7035732B4EbDbAe6aC43D6a293aB53896,30,48.0892698,39531.4396,84.12844255,132.2177123
0x1148501cceB0F7679365c0b8EEbB23305c523946,0,0,61328.12838,130.5148504,130.5148504
0xC76b85Cd226518DAF2027081dEfF2Eac4Cc91a00,43,68.92795338,22865.34573,48.66065958,117.588613
0x2c123fc5C27888571CD525e8ae9b0c5ff848386D,47,75.33985602,15161.53133,32.26586307,107.6057191
0xCe9332f4d44e9Efccc64f88C9bD23E288c0ae5a2,6,9.61785396,45916.45336,97.71664648,107.3345004
0x0c1fD8441C36b288eC0F77E12cA8bA27a27b28bF,1,1.60297566,49376.12505,105.0793126,106.6822883
0xf2B9ec5724dC97362A53907c0b4cc0AA72369e63,9,14.42678094,42489.94754,90.42456199,104.8513429
0xa33Aa58FD2795eA89a84C19CACDad50915194980,56,89.76663696,338.8613045,0.721144337,90.48778129
0xF0Bc763e0A6AF4784a36fa102220FF60eC651f9e,10,16.0297566,33388.39653,71.05518615,87.08494275
0x2957dFa6C3CD17810E6F77Fd9b14aF1F27fdACc5,3,4.80892698,35589.61001,75.73967686,80.54860384
0x07A009e9E98649Bff954cf3032ceB3E21E020f49,49,78.54580734,31.67190457,0.067402251,78.61320959
0x79bF225FBfd40f78B1878A6d1EeC1Bb03dF92AeB,45,72.1339047,0,0,72.1339047
0x33f844352144a9DDd91542b0adCD8Ba0dD142e93,0,0,32869.31196,69.95050145,69.95050145
0x0Bb75bEf057da63a0ae4B25fe9aDaFd35cd92B87,43,68.92795338,104.479118,0.222346203,69.15029958
0xbbA31530Cd8e112be845da468B72fbbFE739387A,25,40.0743915,12408.78798,26.40763951,66.48203101
0xc0893fA01108f50fa2A04e2ccEE815376EC56233,41,65.72200206,309.5878709,0.658846368,66.38084843
0xdf631777df4DebcBcd647e85bdcB868b43663BA0,40,64.1190264,0.924933655,0.001968388,64.12099479
0xD98695E2FCE07e908c9F523387b1b1f8Eb9d41EC,40,64.1190264,0,0,64.1190264
0x2848b9f2D4FaEBaA4838c41071684c70688B455d,18,28.85356188,15874.40658,33.7829615,62.63652338
0x7b3012531aaEd7b48bc9BfbC1cd7E7f20B1BB5b8,39,62.51605074,0,0,62.51605074
0xB3e2A7b1295d9EE03e1f300DfCCaab2ecd47ee53,36,57.70712376,9.45052E-05,2.0112E-07,57.70712396
0x9fBa5259A1a4654212849E87CFdf5B28d5bbcB5e,0,0,25660.83003,54.60984186,54.60984186
0xCeeC48581B3145a575508719f45da07dc57fA7ce,33,52.89819678,617.4903704,1.31410603,54.21230281
0x8B9F39b3c76AaB744BCee37cC56782bAC8eb5FFb,18,28.85356188,10900,23.19672729,52.05028917
0x66ab6A57322aC5FD7026662675Db0E83307e025E,31,49.69224546,0,0,49.69224546
0x76A5Df896413F3B566d07da5AF44326C0f54a25b,31,49.69224546,0,0,49.69224546
0x02AEe0CE756fa0157294Ff3Ff48c1Dd02ADCCF04,21,33.66248886,5654.386329,12.03332639,45.69581525
0x1163E75d2bf3E0ffDB3602FBe0aBA099D5c20e3c,0,0,20978.37139,44.64491378,44.64491378
0x6fcf9D80e2b597F4B3FA764b5626F573a9Fc93D3,18,28.85356188,7243.923019,15.41608319,44.26964507
0xc0AFEF712a1341cA78dA145B2AFAd346E8C3574F,24,38.47141584,0,0,38.47141584
0x3F7C10cBbb1EA1046a80B738b9Eaf3217410c7F6,5,8.0148783,13297.013,28.29790681,36.31278511
0x99655CA16C742b46A4a05AFAf0f7798C336Fd279,6,9.61785396,12275.26358,26.12348088,35.74133484
0xa499Df2Bdae854093e5576c26C9e53E1b30d25E5,0,0,16679.20368,35.4956825,35.4956825
0xc0719b1040f7f8e904A6509F99335656C1d881eD,22,35.26546452,0,0,35.26546452
0x2D5f86cd294cA6c92189340EaEFf41fc63Dc66EF,20,32.0595132,996.9575754,2.121665412,34.18117861
0x4a39beD3F97ac8e4774b7407dE7090E7A1050A69,20,32.0595132,0,0,32.0595132
0x985116F8C174fE13325D36685424d1796cC11f51,0,0,14456.65149,30.76578002,30.76578002
0x38798bfB6016beEeae2b12ed1f7bA2c9bb49334f,19,30.45653754,0,0,30.45653754
0xd32f222283D295f93664B11faAC967e6826b635f,5,8.0148783,10109.39811,21.51421569,29.52909399
0x64dF7AF696e0977771a0E1e1B1a8dD22DED3Cf4b,0,0,13821.00491,29.41303502,29.41303502
0xd07f70Dd326A34a00961139458d86c6A30FcdCA5,18,28.85356188,95.75537014,0.203780845,29.05734272
0xbba2379F5cc9A2f248C5Cf18aD72379AE2478F42,18,28.85356188,0,0,28.85356188
0x9080196182F77B89BB5B0EeE3Ddb48cFA716c4c3,18,28.85356188,0,0,28.85356188
0xd4e42e41FCa01464d36a44ACAb98D2aA1447e8f4,18,28.85356188,0,0,28.85356188
0xbb899870561D48e823DdfACFFa201dc20214a530,3,4.80892698,10909.97546,23.21795647,28.02688345
0xb2ac25160796b5e384EdC1Fd8f4479A020C1B53C,5,8.0148783,9370.551812,19.94184724,27.95672554
0xb74125Df13CB9194D93d8b62e0DB30352f2B8001,1,1.60297566,12195.90506,25.95459483,27.55757049
0x5039E2936ec2a588CaD92E4EDCf41a1D3a443186,14,22.44165924,2298.631677,4.891810289,27.33346953
0x9ff84B91998dF96A6587DB8dDe8D4E47518107d6,0,0,12390.61158,26.3689576,26.3689576
0x8565faab405b06936014C8b6bD5Ab60376Cc051B,0,0,12159.16131,25.87639899,25.87639899
0x60523Cd3F5CF0061C6f042545371Fa6ff8cD397B,15,24.0446349,160.4173565,0.341390612,24.38602551
0x10e11E6443904faF15cdb944f3E99C321Ccc6199,15,24.0446349,45.90327433,0.0976886,24.1423235
0xD52A4333Bd8cc9AB3C77Df19DeD4900b7849A07d,7,11.22082962,5936.277503,12.63323031,23.85405993
0x0Cf1B3360F277976F4FeaE7cbad4a3ba6D7381f9,0,0,11153.97467,23.73722097,23.73722097
0xCC6a751a0E644b445984D74f176E9bABF46B2a97,1,1.60297566,10111.22132,21.51809574,23.1210714
0x7E4724C60718A9F87CE51bcF8812Bf90D0b7B9Db,1,1.60297566,10000.00002,21.28140123,22.88437689
0xdAc12B6ddBF055eE542f0Ed460a32D1e9F361ca4,1,1.60297566,9874.195167,21.01367087,22.61664653
0xE7793581460b2c5C088Ae0D6465DB6fCD33F3E43,6,9.61785396,5617.69982,11.95525236,21.57310632
0xF7B10D603907658F690Da534E9b7dbC4dAB3E2D6,0,0,9969.509705,21.21651356,21.21651356
0x8f9bE4310f9AbB0E5843Cc6363908C9B01dfeB3F,0,0,9969.430023,21.21634399,21.21634399
0x88512CfC901ADB8E17a143310700d6C4BF036F6a,0,0,9884.530139,21.03566514,21.03566514
0x1c9674667D8468204452c52D610a0883E97C22aD,0,0,9811.790664,20.88086534,20.88086534
0x472d7E705f3baa44f82bFF5B397330015d810828,13,20.83868358,0,0,20.83868358
0x4177a5c0E2369F6830A4c3825aFc8fB3Dd47790D,12,19.23570792,600.7673044,1.278517002,20.51422492
0x0b3CEf9F913f4F08bba1ED0FD5BA892C0FeC5617,0,0,9595.773211,20.42114994,20.42114994
0x7af4922fc22037D573e889201bE7C38E42f22220,11,17.63273226,1184.553134,2.520895046,20.15362731
0xa8bd174385B14F880F8b7F06894Cc1bF265Db32e,11,17.63273226,998.0954799,2.124087033,19.75681929
0xaB9786A5e330B50e44579132b8A3Cf7C1c3A9517,0,0,9239.270014,19.66246118,19.66246118
0xCd8Eddd0A27047D53D65f23D483A8A169D54526B,12,19.23570792,65.75886734,0.139944084,19.375652
0x5317Ef9170f26112FBA458958889C15Af78dfCf7,11,17.63273226,778.5916803,1.656952191,19.28968445
0xB27f6Df486ef5dEE2e3A4DC4f257DD63E5A5e371,9,14.42678094,2240.333265,4.7677431,19.19452404
0x6c8E15EC8e35b6ffb246d60AbcA2Ba81d4e247F4,1,1.60297566,8155.718028,17.35651073,18.95948639
0x934dff4d5e1a5138D9863F38ab959b07046Dba45,8,12.82380528,1995.249503,4.246170514,17.06997579
0xfd4476E38d9AfE25C95B45A120C0b07D0dC7C6a9,10,16.0297566,420.5522631,0.894994143,16.92475074
0x5547e568705ed69440b499a2e0EB769c956FCE01,0,0,7921.646936,16.85837465,16.85837465
0x1d4ddCB0E96d99f417919Bc9c94b8348Dc837A32,8,12.82380528,1602.696152,3.410761978,16.23456726
0x4eDb4161D16c89b71Aec027930a943c3d4cf0777,10,16.0297566,53.63676276,0.114146547,16.14390315
0xe5465CEd137EcF8c80bBf7A1e2f2bf457a12A466,10,16.0297566,2.242140099,0.004771588,16.03452819
0x352aC32C9663FB7CAAC363F77B121c34D9ACb420,10,16.0297566,0.201802104,0.000429463,16.03018606
0x0a097a28a9ecdef27380bed164eEDca0561ACCfd,10,16.0297566,9.92185E-05,2.11151E-07,16.02975681
0x50f461F471e7dCe973e27f0e319eBe868135D764,10,16.0297566,0,0,16.0297566
0x750e361EE017e398C922F2B634387ECff810DF6c,10,16.0297566,0,0,16.0297566
0x43FF4C088df0A425d1a519D3030A1a3DFff05CfD,10,16.0297566,0,0,16.0297566
0xfbb073e09D84970d1eFe099aBBE9E626f8FF7024,10,16.0297566,0,0,16.0297566
0x973efE3a49AA9257e2a5f1e7e866DF7e5ee96d8E,4,6.41190264,3860.17062,8.214983961,14.6268866
0xAb2e11C99D8830D5d9B2494A565c974595e39eef,2,3.20595132,5312.202642,11.30511156,14.51106288
0xE1f987CB66D8F0Da79Cb0fE245500200bbFBA51E,0,0,6551.984634,13.94354135,13.94354135
0x1dbF00bc3f40F551d79422a96367A6F58Ae59412,1,1.60297566,5620.556605,11.961332,13.56430766
0x1A760e3A431c8B9C075eD1280C8835a1a0F1651b,6,9.61785396,1699.781876,3.617374003,13.23522796
0x61477Eaa5E33400acC353390Ca001Be0Eb706eb4,8,12.82380528,179.900717,0.382853933,13.20665921
0x172d7a92660006eBecb125c712FA0Fe9dd53e106,8,12.82380528,99.9448428,0.21269663,13.03650191
0xae5b56ca47E84b6c749E0454680C4161B9DA9790,8,12.82380528,13.55428345,0.028845414,12.85265069
0xE08Fd80d7D0593a616c01A3F2A17bdC3206c71b4,8,12.82380528,8.43677E-05,1.79546E-07,12.82380546
0x5477729b43A0A9beA8c41367C62e7864123B57d8,8,12.82380528,0,0,12.82380528
0x8B200F4c81c54d9014B4cDA3F16501069FA20Ab9,8,12.82380528,0,0,12.82380528
0x99F6d5197004FFe49e7b3C627EAd81CDc3A74283,8,12.82380528,0,0,12.82380528
0x7264E14a050fE6A383C654448FCc84d7A4b9eC94,8,12.82380528,0,0,12.82380528
0x59bdFB381CA2080D0D042903e776D3DCb548050A,8,12.82380528,0,0,12.82380528
0x4dAE5b5bf3dC068BDFEC47b8B402AFf28fe6707F,6,9.61785396,1357.538053,2.889031193,12.50688515
0xc928499a080594C8854D1A46DCAe5E862acC5d08,2,3.20595132,4338.395074,9.232712605,12.43866392
0xa05f67c36cb5fE19Aca3fDb8b4671F4b2d46E421,0,0,5810.449785,12.36545129,12.36545129
0x5e16073080f5886f9C79FF5f0462ec938eAaFFa9,5,8.0148783,1942.369561,4.133634587,12.14851289
0xf0Ecf448C3817Bd9bfc2D0D0dC41Ef568367506B,1,1.60297566,4944.859295,10.52335344,12.1263291
0x581dE43B0273915f61D015E394D2C6aF1F9ce8E6,3,4.80892698,3300.01695,7.022898462,11.83182544
0x956F1CE3ff2ea59A8b41DF83Ce9F85ED59D73F92,7,11.22082962,258.8527003,0.550874816,11.77170444
0x9b68185AaDEB867DEd2cf16E0d798D2D6A63eA01,2,3.20595132,3952.804757,8.412122383,11.6180737
0x6794BDa8e07FAA690d6924B259992Ed354aeC9Bb,7,11.22082962,178.2470361,0.379334668,11.60016429
0x59E5fe3a536d2fa69614E0A0692F5C6e3D6dCbfc,7,11.22082962,116.6124959,0.248167731,11.46899735
0xa59e113fbef3B4129bAef6b5355dFf683851aFA7,7,11.22082962,75.2685234,0.160181964,11.38101158
0xdC7Aa225964267c7E0EfB35f4931426209E90312,0,0,5330.793375,11.34467524,11.34467524
0x5551fA79F15CA4592A3950372fD3d4EE8be7b5CC,7,11.22082962,0,0,11.22082962
0x7953bB4AFA683C36396Bee7Dd7d3647cF640B0d2,7,11.22082962,0,0,11.22082962
0x984b148D106c204f2d1a84b0053477971e1DF56a,7,11.22082962,0,0,11.22082962
0x3c2262255793f2b4629F7b9A2D57cE78f7842A8d,7,11.22082962,0,0,11.22082962
0x628cC4601166a44e5378717790c8Da50de0cce9B,3,4.80892698,2927.641728,6.230431813,11.03935879
0xc976895017c81Ac926478C26c347BBEd202d0508,5,8.0148783,1414.863872,3.011028567,11.02590687
0x6B3bE6C88C8875168c694e57E62d1dE554Ee6902,6,9.61785396,554.6698771,1.180415218,10.79826918
0x77f07Ab7B444C7C9FCfAfc76c053A810cD6203CB,3,4.80892698,2736.723119,5.824130262,10.63305724
0x1d5BEdf6B017a282eb7446e86e7C2584E89Ef466,0,0,4944.76657,10.52315611,10.52315611
0x3CF4E2F525C3e755c4aae97846379Ef703252288,0,0,4776.696524,10.16547951,10.16547951
0xE2C67350D0A0768De07E556073BeeEc0AE86a684,0,0,4710.67901,10.02498498,10.02498498
0x579ea3F1e0617Aa237E36C0501822b55bE8D84ED,4,6.41190264,1696.28197,3.609925712,10.02182835
0xE4E98E007e5A4A5a73a4BA2254efEaaE131CbC04,6,9.61785396,18.94621117,0.040320192,9.658174152
0xA709f9904a4E3cF50816609834175446C2246577,6,9.61785396,4.935986144,0.01050447,9.62835843
0x56a356c378C5FA08Dfd32ee4Ca0Dce93F328BA37,6,9.61785396,0,0,9.61785396
0x4E8ffddB1403CF5306C6c7B31dC72EF5f44BC4F5,1,1.60297566,3677.771028,7.826812071,9.429787731
0xa919538CeAb5c64608945865835dbC10540feB1D,0,0,4421.365532,9.409285366,9.409285366
0x10dF55eE5D2977F952f3f264b9e8218D699b36b1,3,4.80892698,2124.176606,4.520545454,9.329472434
0xC61b244fA2B83eFe9EF91dA7390CA5FC1cbb35B1,4,6.41190264,1362.753174,2.9001297,9.31203234
0xa1BbD8D39eD536DEa030A32F3F6C5916C845A800,5,8.0148783,532.6388863,1.133530182,9.148408482
0x70C9666B338795DdAb8f4bd67F580B1D9234b8Dc,3,4.80892698,1996.588272,4.249019601,9.057946581
0x0d03FD0320d95E5E579E5567aBd7B1Ffd18cc0A4,0,0,4234.047,9.010645283,9.010645283
0xBf3FA037a65A6816623BB7fbf836E3540cd857AA,0,0,4187.157905,8.910858718,8.910858718
0x7A8B10716E2e473a541E9E990e711651425E5413,2,3.20595132,2572.810486,5.475301212,8.681252532
0xA0cD89ebDD3c422925696Bb1baefb6c3eD21D8F1,0,0,4073.51511,8.669010928,8.669010928
0xa7687975c0Af79F9D821cd27fc01722a2eC0d8c3,0,0,4039.058446,8.595682319,8.595682319
0x575C13C07b054438a513f4968605c021856f63F8,2,3.20595132,2461.509122,5.238436314,8.444387634
0x6Ca0D65fe5c8700a5cc7A2C3bfE801111A1dEd1a,2,3.20595132,2434.573526,5.181113592,8.387064912
0x29E9315DdBb5c44717D64bD6c0550a692819413d,3,4.80892698,1678.677504,3.572460942,8.381387922
0x75bbECBC4fA323d304E41Dd383f1F1878288DB00,5,8.0148783,170.8107807,0.363509275,8.378387575
0x6b6f5e6a8167d72ac8951aC89E9d490A63912945,5,8.0148783,95.78203652,0.203837595,8.218715894
0x3EF4160952C23c969BfE612DFFd9D945eb967dc1,0,0,3771.658384,8.026617519,8.026617519
0x9993AB06c1eDC0FdeA706b1F6F6359c0c1EC5E5b,5,8.0148783,7.84796E-05,1.67016E-07,8.014878467
0x89A1145FCCAC1a2a9350eC1A4A486E4458D26274,5,8.0148783,9.06232E-06,1.92859E-08,8.014878319
0x0b81747F504dFC906A215e301d8b8aD82E44CBd2,5,8.0148783,0,0,8.0148783
0x2e48Ec0Bb013e7FDbF319E1A2795035204954B0f,5,8.0148783,0,0,8.0148783
0xCC1e0A566dbd10869c071c811aBa436357858f05,5,8.0148783,0,0,8.0148783
0x32f9A1E1125E61bD2756528e7316303f532E4d7F,5,8.0148783,0,0,8.0148783
0xA63519e67dAe9A551AD34ae679cf0E911a78381A,5,8.0148783,0,0,8.0148783
0x6CD71d6Cb7824add7c277F2CA99635D98F8b9248,5,8.0148783,0,0,8.0148783
0x93FC1F35f53a9553534979233caF273214C51Fd7,5,8.0148783,0,0,8.0148783
0x1b2E6C79A0b9a1f19234D45D9A8DB9EE57Bc0b14,5,8.0148783,0,0,8.0148783
0xf31B40DbcBa528f2cD6Ea9D65058BE320175D259,5,8.0148783,0,0,8.0148783
0x7bf4d5E579a26dd09F1ddDB2391566e7BA575B5B,5,8.0148783,0,0,8.0148783
0xdE6b1d60b5c5c0C8a41C8c3241C56E8754D5Ca65,5,8.0148783,0,0,8.0148783
0xA8992310f620dc8f23F9Cf4faD90A2F2380D8d6a,5,8.0148783,0,0,8.0148783
0x3FA9db8d720679E8e5213f6C5D88faB766058e20,3,4.80892698,1403.244537,2.986300995,7.795227975
0x8C9F3175d8aa227ecCdBc21B95bC5fA328006A0f,0,0,3637.78395,7.741713965,7.741713965
0x41Ade9A5803B4676917411Dbb439D357965dBf46,2,3.20595132,2106.333961,4.482573806,7.688525126
0xb4D502361a3c6f823EEb9A99Af09E110382206ee,4,6.41190264,548.1946852,1.166635102,7.578537742
0xeFF1C603739cc71025C23B49C4D661E6b3DF8184,1,1.60297566,2794.56158,5.947218612,7.550194272
0xC144e32f2a0DB6507fDdfA630628b80468c05B75,0,0,3544.765566,7.54375781,7.54375781
0x25612e8bd7683De22dA45D717D0493B0e96424b4,1,1.60297566,2761.330137,5.876497445,7.479473105
0xf041e368e33d7f28dec1918D52D691C383f42e2d,2,3.20595132,1985.10082,4.224572695,7.430524015
0x708800fBf7a7e8E65B1D8BBF651c5c32019e7325,1,1.60297566,2658.673923,5.658030636,7.261006296
0x262336fd3Eda533826Aa4c92C9f23563f9F90693,4,6.41190264,299.0746829,0.636472831,7.048375471
0x76b4D57A195eD129b28d1e320eD53655EF4750f3,3,4.80892698,1024.446204,2.180165066,6.989092046
0xb1F56a37738C16D150C9Aaa5441f056e65f4fBD6,3,4.80892698,997.5611799,2.122949967,6.931876947
0x33Caf1E780FC8a92247F42A220cAEAFdE3B5D553,4,6.41190264,153.4624846,0.32658967,6.73849231
0xB9301C0001065de513aA0cf1bAea9efB58A2E775,4,6.41190264,99.69852171,0.212172424,6.624075063
0xD952fB344DDAcC0c0e8c23cc686C10d5Dda11A97,4,6.41190264,49.86151987,0.106112301,6.51801494
0x4c1Fd4e71E38bDaE5cc0dBce263dBb6Be018B6cB,4,6.41190264,49.85376858,0.106095805,6.517998445
0xB203df26AF3666f4214661f7f903C46EDF9403b0,2,3.20595132,1527.603717,3.250954755,6.456906075
0xe02c707c40c9184a5BF6c3AB1ca2609F32989822,0,0,3026.046517,6.439850993,6.439850993
0x2718E86f5793Ac08bd3C4A301382E8c1DA2a1e30,4,6.41190264,1.000013048,0.002128168,6.414030808
0x47dC446E56D14C5a51fB7cFf0abA7E5433754Be8,4,6.41190264,1.20279E-05,2.55971E-08,6.411902665
0x22CAb81E0FEe2bad5b015DbBEB6A374A1B8738de,4,6.41190264,0,0,6.41190264
0x8886DcA35291F05Ed5d8e21F083998EA8dcEB50f,4,6.41190264,0,0,6.41190264
0xc8d42ec0eA8f543E01bd49199f6a1888AE11023B,4,6.41190264,0,0,6.41190264
0xCBE12068CaB7A49BB9C9746a734dE7A11211A3B1,4,6.41190264,0,0,6.41190264
0xF2c06f90FB58844C09220e01E3116A2293Df6960,4,6.41190264,0,0,6.41190264
0xca4aD39F872E89Ef23eABd5716363Fc22513E147,0,0,2976.986084,6.335443517,6.335443517
0x294C3c4F59b7A422230e59700BC0ae11020Aa1c8,0,0,2956.92153,6.292743334,6.292743334
0x49a338c8A8C92f3f7E5A4700A191bb41595591b2,2,3.20595132,1441.423025,3.067550168,6.273501488
0xaa1158b6bf42C03cA787F71A2f0CbEfBaf98Bb86,2,3.20595132,1373.780252,2.923596868,6.129548188
0x9F533Eec49dc2DBbf495F1cD687c2536d424bE07,3,4.80892698,584.2261894,1.243315192,6.052242172
0xDA9890c4d573fe27f79C0665ae7E740c6a11412F,3,4.80892698,551.5666403,1.173811095,5.982738075
0x92CB71850Aa43263EBaAa1E0ED3E78Cb984915Ff,2,3.20595132,1298.087792,2.762512707,5.968464027
0x0b6bF854CB7c816518a96317893e43AB219BD365,2,3.20595132,1179.619666,2.510395936,5.716347256
0x64eD2D64912e45d004a64b0f9F3D759533C395e8,3,4.80892698,401.7825769,0.855049621,5.6639766
0x97495531A4073953c39e61a09Cc5B4eD69Da1F2B,0,0,2628.917204,5.594704169,5.594704169
0x1B3c00A967aA935100342eCdf38198E21De1a1CF,1,1.60297566,1792.265282,3.81419165,5.41716731
0x2bD7716Ce2c43B9c0D58982F5BAC67633bf2E7dC,3,4.80892698,249.5351695,0.531045805,5.339972785
0xF8F94C0733A28919dCFA6C52668C688234359D88,3,4.80892698,249.5034387,0.530978277,5.339905257
0x3787Eea0767fE73d272aD543651Ada3F4dad8279,0,0,2476.589003,5.270528414,5.270528414
0xe5Ae5AAc9A19Ec43aBdd161e95640A1cc12aE348,0,0,2459.109027,5.233328575,5.233328575
0x7540DB3e26D453EE6298bbdD263a8e4D88BfBE7F,3,4.80892698,197.8503375,0.421053241,5.22998022
0x13E965baAFDa80C7501c23cbED282d5e53e3066B,3,4.80892698,185.8877989,0.395595282,5.204522262
0xa5Fa57608C5698120A7C3c9d50EC346bb3980223,3,4.80892698,169.206561,0.360095271,5.169022251
0x2717C5753df40110905921D77A64c921E1467221,2,3.20595132,892.6593506,1.899704176,5.105655496
0x1279a8132C775edE3e738cc2A753fFe47d009353,3,4.80892698,119.636342,0.254602899,5.063529879
0xff409F636a82cc1bDac186afC247632b7c8bb5f2,3,4.80892698,98.72555503,0.210101814,5.019028794
0xc31372dB84e456193e72a162928539C8F5999Ff6,3,4.80892698,80.00007991,0.17025138,4.979178359
0xCE8Fc6755EfCaf7F85C28901Bca4F4b936591542,3,4.80892698,74.31673586,0.158156427,4.967083407
0xf85e13C32734eA54Ec31BE5C9b3E6ED0ae40cBad,3,4.80892698,39.89064049,0.084892872,4.893819852
0x49e37446d862D0E29934aAF51Cdb128f9c9cA4bA,3,4.80892698,14.88468285,0.031676691,4.840603671
0x15aE010DffeC19729A410B82d51337B385a96b95,3,4.80892698,10.20661784,0.021721113,4.830648093
0xcfbc091F167bBa962790E23Ee2DDA557938b8BAf,3,4.80892698,9.960149771,0.021196594,4.830123574
0xaC21Ba42297Bc030e730A5cDb0aDC962DA149691,1,1.60297566,1512.349183,3.218490969,4.821466628
0xadC045001169071580ad97aF8cF5efB7f235A719,3,4.80892698,0.787138874,0.001675142,4.810602122
0x284aA770c801698e77dbA304c6caADbA6fFDe9ff,3,4.80892698,9.96455E-05,2.1206E-07,4.808927192
0xaFB2735179C625dD1D199b415a88A32C5D0fcCCE,3,4.80892698,6.5435E-05,1.39255E-07,4.808927119
0xAF777F6ff15de8d50527208d8cbd36576b213f97,3,4.80892698,0,0,4.80892698
0x4738c8b9e0d7b48db4056BF017D2F90b2319630d,3,4.80892698,0,0,4.80892698
0x1dce25415D54E6bc694aaFa6cd5e650d28Bb786A,3,4.80892698,0,0,4.80892698
0xc7a00B2635339d1C4EB7A22AC73f53b7a9bD0613,3,4.80892698,0,0,4.80892698
0x87cdacBEC845896b11D449884B7430B89060bBa5,3,4.80892698,0,0,4.80892698
0x50F27CdB650879A41fb07038bF2B818845c20e17,3,4.80892698,0,0,4.80892698
0xd6874acC7Cd2f875AD577BcCfDDC16a939188E68,3,4.80892698,0,0,4.80892698
0x01e6fd0aE73D9194b19f9B376065577927A0D5f5,3,4.80892698,0,0,4.80892698
0x8fF077D2A138C2f6Bd5De99D91BE50Ce4322f312,3,4.80892698,0,0,4.80892698
0xA1958a37C21372482DEfF4618BAEbbeC23C9a449,3,4.80892698,0,0,4.80892698
0x770aaA6828E3659f2D12D6b8CA999D34344385E8,3,4.80892698,0,0,4.80892698
0x1af1f839Bc24CDcb12c2028bA7c0D51B30d10d11,3,4.80892698,0,0,4.80892698
0x402C2A801aFbB6641c19FD0FC8fe6282D53D137F,3,4.80892698,0,0,4.80892698
0x4a47096E0dDD4EEd05eF00f0F081bc7700c6DD75,3,4.80892698,0,0,4.80892698
0x8B8B67CD569882e9f200a58e875802e5017D88c0,3,4.80892698,0,0,4.80892698
0x3172aee5e0B47bB23e87db93327F58E06e6A73B6,2,3.20595132,705.1868844,1.5007365,4.706687819
0x31849CbcD3Ab8835455296CCDf77AD78AF99196e,0,0,2194.896677,4.671047673,4.671047673
0xeDD0d71F2b7703E1642ea83d8A6f9790aCda1fdA,2,3.20595132,648.3155417,1.379706314,4.585657633
0x9b328488a8f0fa20628bb959769F0BA78de06466,0,0,2154.470929,4.585016017,4.585016017
0x4Cd3210Ce0E7AEF75eCFf5475B75034dc328B1d4,2,3.20595132,639.8530761,1.361697001,4.567648321
0x5642111A57c82f2f50716C397efF0eefC25a2501,0,0,2121.315235,4.514456054,4.514456054
0xEc503C9FAC9ccc823ab7F7cebe8953d7ee4CC5AC,2,3.20595132,584.0778902,1.24299959,4.44895091
0xc15E011B8E117FbA8cC241C70950fC79f515AB3E,1,1.60297566,1335.350007,2.841811922,4.444787582
0x4958CE329Ed1Eb97e02c59cB847c692941081219,1,1.60297566,1290.109032,2.745532788,4.348508447
0x481A2be12532D5CD1295239557168d01C5d09708,2,3.20595132,498.0397987,1.059898476,4.265849796
0xBb46A8ee4315a37C56AEcE45783045722dFD72a7,0,0,1992.884401,4.241137245,4.241137245
0x7b0B5fbb7B5CA042D82128F66965bfD185Ac30DC,2,3.20595132,476.9288359,1.014971389,4.220922709
0xdAa11DD2F1c174391EAC8C1426D5491b21FA9cd3,0,0,1974.404816,4.201810099,4.201810099
0x65C2433Db1FB9e6EAb8be06460D599B3AB645D58,0,0,1942.789634,4.134528561,4.134528561
0x6877FdEAC0d0D5d61B4cA3BBd42501a2fF02c144,1,1.60297566,1189.354682,2.531113414,4.134089074
0xC17f20335080cD0b7283e042C89F16605f3A085f,1,1.60297566,1188.686282,2.529690964,4.132666624
0x8bA89f1c8e3D7543E1D74a82e0388373F28C36bA,2,3.20595132,414.5059435,0.882126728,4.088078047
0xE1bCD0f5c6c855ee3452B38E16FeD0b7Cb0CC507,2,3.20595132,413.2995306,0.879559312,4.085510632
0x518a8463FFFf4435431d889E507Fa1a9E1c34502,2,3.20595132,378.1911448,0.804843748,4.010795067
0x25955561740Ee18502B1A329a664C2Cd77B23e48,1,1.60297566,1131.325336,2.407618834,4.010594494
0x3A631b481a1B225e32D20C28BB531587e9F32dA0,1,1.60297566,1099.295736,2.339455358,3.942431018
0x0998460853aBFa4D8ef6F2591AabeAE4D060Fb93,0,0,1843.845698,3.923962002,3.923962002
0xC0fca04Ff8721462c53d848610818b25427B5b29,2,3.20595132,315.0410425,0.670451481,3.876402801
0xba96a2ba89eA249148ee599d2BBcD669DE94d4B6,0,0,1820.853504,3.875031391,3.875031391
0xD8dB8f3369EFAFb47175e9078B83D6C4f724BD5d,2,3.20595132,296.4919973,0.630976514,3.836927834
0xD153F676B14eC35461E652300cFC1599C0dAEBA4,0,0,1796.187609,3.822538911,3.822538911
0x697203445B51cc43664EeB8D87dB3117425b3F52,2,3.20595132,269.46234,0.573453616,3.779404936
0xafae1E9EcD3a355b93960402E875b886f718C55E,2,3.20595132,254.1876593,0.540946955,3.746898275
0x1AF8AF5ab89536BDeC74F51676ae24fA7E70C21b,0,0,1731.482077,3.684836472,3.684836472
0x59F76c18a614085E16A0B9e8455b8999f76b0DCa,1,1.60297566,956.9841819,2.03659643,3.63957209
0x995b14DAdC423C93C816D3A96d392A0a3F203304,2,3.20595132,203.4590096,0.432989281,3.638940601
0x001900845643957d031eCdB3c5fd84EF08F6AaCa,2,3.20595132,199.4481949,0.424453705,3.630405025
0x7bB85b553c04cF2dFCBbDac998eA3621e17236c3,2,3.20595132,197.832211,0.421014665,3.626965985
0x38dAEa6f17E4308b0Da9647dB9ca6D84a3A7E195,2,3.20595132,140.939261,0.299938495,3.505889815
0xC44F63485Ed5A23FbEEaE300adCA6a08A506aEF1,2,3.20595132,126.5020317,0.269214049,3.475165369
0x11f11DAFde2eD523CD935184dd28876cE52F1652,1,1.60297566,879.2618699,1.87119246,3.47416812
0x551d3A37E1613E8b21f2AD613A01Bf97ec2d2389,2,3.20595132,118.3525275,0.251870762,3.457822082
0x3FbacD52FA6F1F15Bc3D776474FdAB07ec9D8d59,0,0,1607.815124,3.421655869,3.421655869
0x00553b963DE06016C68681C9BEE10A79c51c5D8A,2,3.20595132,100.0000798,0.212814182,3.418765502
0x3e05FC835a92fa1AD481C623d1F5097BFd55Bb18,2,3.20595132,99.77072095,0.212326074,3.418277394
0x7909759B82EB27aB3Cc886C5f3fCE3A72a565b39,2,3.20595132,99.69133685,0.212157133,3.418108453
0x1CBd483CDa3AeADCC668be6e1252B01Bf3824411,2,3.20595132,98.24695184,0.20908328,3.4150346
0xA839199aC9Ae19b15265659e45C60B67bcA1B477,2,3.20595132,96.70686913,0.205805768,3.411757088
0xbfD82bD44b3DF57B26e29770D0c8f1690f1c49F1,2,3.20595132,81.5640074,0.173579636,3.379530956
0xb910119F8B1838A95F9fbcF575E51e1E72469517,0,0,1582.453457,3.367682688,3.367682688
0xEd71d7586839Db87Ee8D48454969AB8609f24136,1,1.60297566,825.226531,1.756197687,3.359173347
0xaA99157856D8785C3A0BAB85F070766554A1d882,2,3.20595132,66.19418147,0.140870493,3.346821813
0xF18da6a854c715e2a6Cc74C3f12c9c2417ee3312,2,3.20595132,43.15921887,0.091848865,3.297800185
0x157DD18CF70815dF7c25948ced9760aA61f6DF17,0,0,1545.730849,3.289531833,3.289531833
0xaA983Fe498c300094B708c3B48deDE9bd91A0183,2,3.20595132,30.60059332,0.06512235,3.27107367
0x0b788B9010252F7ec849E436ad94e8Bf0BA327b2,2,3.20595132,29.61749076,0.06303017,3.26898149
0x735DDe08A1D36939DA610CE5B7b9688db97234Bf,2,3.20595132,29.616551,0.06302817,3.26897949
0x2b62Cb060e78500B482a02aCc7a111b62d46E5A9,0,0,1535.933389,3.268681464,3.268681464
0xA9bEA5C0C25E4D02d56CBFE9A7564c3CcF599617,1,1.60297566,780.0659609,1.660089666,3.263065326
0x80E7E06F096380DD0D3f9ceC4fDEcE370DB4CDbD,2,3.20595132,24.72399946,0.052616135,3.258567455
0xfcB10582215d7fa7e65d6B31dB47380056EEF65E,0,0,1531.066346,3.258323715,3.258323715
0x9f32B5A3A6A21dF1671c74372F18415CB3FCaca2,1,1.60297566,771.539128,1.641943371,3.244919031
0x0030B9F1925408D79be83C7cecfffdbACb638e9B,2,3.20595132,12.26953432,0.026111288,3.232062608
0x73c65A848607560345d363848a94862cdD26a3d4,2,3.20595132,10,0.021281401,3.227232721
0x826088b7174bd1f07BeCf359025Fa751E6AC11CB,2,3.20595132,9.908786089,0.021087285,3.227038605
0x56f820BC0bB5326C74b804CEbAA37C3EE7524f8E,2,3.20595132,7.780686458,0.016558391,3.222509711
0x22afACf0338dB23D9DEE2ECE5399ec6b24ac8Ab4,2,3.20595132,0.803735839,0.001710462,3.207661782
0xbFf36B0e434F7DDd28c523571c3B9F93f60132F6,2,3.20595132,9.55982E-05,2.03446E-07,3.205951523
0xCD05a3969c5158D658a9bDF3Ee6eBcC0712a0292,2,3.20595132,8.04535E-05,1.71216E-07,3.205951491
0x5CD4EF55C339ef01f79f494c0a568df90699Aa22,2,3.20595132,6.32638E-05,1.34634E-07,3.205951454
0x482d63381DeD49C5374C346F38fcb9cD27B5D2Ba,2,3.20595132,5.57404E-05,1.18623E-07,3.205951438
0xa275d3995032B468898c6AA80E132a307ac086D7,2,3.20595132,4.07369E-05,8.66939E-08,3.205951407
0x0E0934c9cB01a700B2e849E4b80c85ca93939C9D,2,3.20595132,2.86796E-05,6.10342E-08,3.205951381
0xE9bb842F4535fB16aeFd984C4C06e97E55a50318,2,3.20595132,2.13867E-05,4.55138E-08,3.205951365
0x2baBeffa4B15E481bCD7c106a5A3951Bd1Ceb268,2,3.20595132,0,0,3.20595132
0x7784981924567c0AA2c0c3e17ce9b1eE309E5701,2,3.20595132,0,0,3.20595132
0x5B71ab89a74Eb8515585bf100A69BcF12F9eaA3b,2,3.20595132,0,0,3.20595132
0x2F1eA6322C976925F5121674196a364c05A2Eec9,2,3.20595132,0,0,3.20595132
0x4dC5Ea211E424cE66dD451A7Ac3BfdB99eb1889B,2,3.20595132,0,0,3.20595132
0x33E580CEe928D83a61B98905a1F9bE68eA6279B8,2,3.20595132,0,0,3.20595132
0x231e1e1e60893435c879172d47F7C867448DC11D,2,3.20595132,0,0,3.20595132
0x86137e70bB6B57462230477BbCD923B0E3ec5054,2,3.20595132,0,0,3.20595132
0xE2dE15659663F7024699E1e573C033e2EFD5bCb1,2,3.20595132,0,0,3.20595132
0x3b66bcA9b58ACb2e0894654f27EDC96fa1b6B0F1,2,3.20595132,0,0,3.20595132
0x9319674B4532aCb79B45831D8f2380A80867a445,2,3.20595132,0,0,3.20595132
0x6C522c94c3f5b213Ccf3298e03D5C947b760a2cB,2,3.20595132,0,0,3.20595132
0xE7c8712fC60B20693046c71E5012801eaAfc7217,2,3.20595132,0,0,3.20595132
0x72Da31304a7245195f4f4cB3bd7607e08fF9648B,2,3.20595132,0,0,3.20595132
0x65E856C356f0c220fC69C51A66B007748C7596e4,2,3.20595132,0,0,3.20595132
0x9FddE4a5bb911BdcFbF95b37470e85D466d810d7,2,3.20595132,0,0,3.20595132
0x5173b8EA30cbCfFa8e049B762f2D1a92c21b02C9,2,3.20595132,0,0,3.20595132
0x4DDcDC7404233772A8887fA89bfB4ae41B47a087,2,3.20595132,0,0,3.20595132
0x505d867c40931Bf56393F23CFA766fff8FA406e3,2,3.20595132,0,0,3.20595132
0x5dA5F4c020f856aBdB168fd35c957D6006ba2edE,2,3.20595132,0,0,3.20595132
0x288d3b021202293788d76F76947C74a65450374C,2,3.20595132,0,0,3.20595132
0xf7ea3A3aa86aA4E8877D1B93C554AaA55694CFEA,2,3.20595132,0,0,3.20595132
0x445ba6F9f553872Fa9cDC14F5c0639365b39C140,2,3.20595132,0,0,3.20595132
0x15af88de8616dabF0e67589fe4Ec172191346176,2,3.20595132,0,0,3.20595132
0x3FD60F2fE62BA9cA4816dB450fe8B2054a6A39B3,2,3.20595132,0,0,3.20595132
0xad82aECD14D42Aa19f5B6175E23937F33d25BaBe,2,3.20595132,0,0,3.20595132
0x72f412C983d8bbFb8D3896E31B470a03c47DE953,2,3.20595132,0,0,3.20595132
0xE1e92C34B4a26e95da314D818b5D904eFB3961bD,1,1.60297566,741.628322,1.578288985,3.181264645
0xdeba9a360C9da03e5Fb30D617b6d28426E3c7Fc6,1,1.60297566,730.6340916,1.554891722,3.157867382
0xdc25324B8186DE47A976191a54ea0366428Af632,0,0,1483.768314,3.157666876,3.157666876
0xF79C329A2EB7e98E58a24178777b72Eb64306298,0,0,1482.452704,3.154867074,3.154867074
0xb19BC46C52A1352A071fe2389503B6FE1ABD50Ff,1,1.60297566,701.4043658,1.49268677,3.09566243
0xad6034C145530682eD7643478b6678e2E2bBaad6,1,1.60297566,642.854067,1.36808353,2.97105919
0x62B5c94aF16F8b5b53BEd8DA61ecB5Ba41C14931,1,1.60297566,633.9939567,1.349227974,2.952203634
0x9702235d4999201f3Ab13226232942593E84B576,1,1.60297566,612.5627873,1.303619443,2.906595103
0x7a1979A89c39E64b4c2dc6fd87f4f719Ae96a0ec,1,1.60297566,607.1754211,1.292154372,2.895130032
0xa915023B3eD1e00E078789e63de079b4D6dCc348,1,1.60297566,601.4539516,1.279978284,2.882953944
0x6D881ED51C6e660a44901A81BE6363B68F5d8A37,0,0,1303.931749,2.774949466,2.774949466
0x0AE57350662045c32B34f3b1E70C36E4EF1502E2,1,1.60297566,548.6596106,1.167624529,2.770600189
0xA5ba6Ae9CDF56761be100a33DE63363660ef744A,1,1.60297566,544.6010008,1.158987238,2.761962898
0x4F086538EA410fe7aD1fd369E586cf39DCCA024D,0,0,1291.324088,2.748118597,2.748118597
0x552398406EAf406c6a9A52c7D7D3C601E588Dc98,1,1.60297566,530.0095281,1.12793454,2.7309102
0x04E60C358Da4d51DB8c7be369B94039Af465AdFf,1,1.60297566,497.5777032,1.058915072,2.661890732
0xf5Fe364D18F4a5A53BADCe9a046ba74cfC97f6Fb,1,1.60297566,496.1632522,1.055904922,2.658880582
0x6d96f02af1b8701E831A05AB273B75C6E2F02D1d,0,0,1228.703366,2.614852927,2.614852927
0xc9c026d92314aaA032cf493DB1058B143DBf9AFF,1,1.60297566,474.6611191,1.01014537,2.61312103
0x68CC67e6899bE5a34002091449CB8860B132cCA3,0,0,1181.505782,2.514409855,2.514409855
0xBfBD59C39f83068Ebe8EF181B927B85400222292,1,1.60297566,423.1005895,0.900417339,2.503392999
0xFCEE120094854fBfdc98cE8a80b8057BDEb928a7,1,1.60297566,416.8058737,0.887021301,2.489996961
0xDBD30B8A960264a5d0aF925666199320AE3e629d,0,0,1166.853713,2.483228198,2.483228198
0x88d5EB1993dD04bf2175f940e64fD49A90D13F8b,1,1.60297566,386.4514293,0.82242279,2.42539845
0xde46215e67d35972f4C880D59969DD08a4c9fA28,1,1.60297566,362.9516422,0.772411951,2.375387611
0x31F10E898CA5432c95e287e671BC1EFef8Ce5362,1,1.60297566,356.5295287,0.758744793,2.361720453
0x9720bB804ACA0a01BFF95AF749B34eCA59eD5fb4,1,1.60297566,346.1752884,0.736709519,2.339685179
0x9ded7B691962446704C7bD7D0dfb1F028a2a52F1,1,1.60297566,338.3881282,0.720137351,2.323113011
0x8E13649613B774Ab67D1C1eDfc22a2202270fD81,0,0,1087.584326,2.314531837,2.314531837
0xdd3Fb1acB6d176852e70aA736E9Ef11Ec6D2B251,0,0,1068.075692,2.27301473,2.27301473
0x7dA08FBa7A69c67c0D06fD433aF0C53F9c75CeE8,1,1.60297566,314.5318274,0.6693678,2.27234346
0x3BaC1185Ce631D2AfF051C4894BeAf4071be1993,1,1.60297566,296.1579324,0.630265577,2.233241237
0x4Faf6D6819A7f9085bA6587b867Ec6ac20aC6641,1,1.60297566,289.1075692,0.615261417,2.218237076
0x507F0F88f638AA8a9b26a954A1e0aB680F663D4a,1,1.60297566,280.8297909,0.597645144,2.200620804
0xdE312Cc0910EB6b6a30e9Ee0c9C4A08c40CD2265,1,1.60297566,279.1229144,0.594012672,2.196988332
0xc78652Eae0b73256F0598ddDA47B6814B23a8D8F,1,1.60297566,275.8133858,0.586969531,2.189945191
0xAE35f25d082B33db3d3A8d37f41E12fF2f979071,1,1.60297566,274.2916767,0.583731121,2.186706781
0xbA5589313Ee771863f923AaEde36027901364AA7,1,1.60297566,259.18771,0.551587764,2.154563424
0x13cb2A37ce9B30F1bA27f527347dc636E33272d7,0,0,1010.192253,2.149830661,2.149830661
0xB728311c5557f82050CDa1bbE98DfF6595BE969a,0,0,1005.110548,2.139016081,2.139016081
0x0604E36672dcC192c4880Dfc7FE8B39Ac8E3542a,0,0,1000,2.128140118,2.128140118
0xFaca00C761491e853f9336F378D903D87b77B68d,0,0,996.9275904,2.1216016,2.1216016
0xa4dDA080E000478EB51C5a9e1122f98Ca76ebD8E,0,0,994.2293254,2.115859314,2.115859314
0x2b95890732184B1017cF61cd92B0e42CB8b3CA17,0,0,992.3110684,2.111776995,2.111776995
0x2994d42Ff4547f5C88F97FE3c11e4c97f85A0283,1,1.60297566,237.1174603,0.50461918,2.10759484
0x84820DE436C3ACc9412e43FFE571737113718269,1,1.60297566,225.2508645,0.479365401,2.082341061
0xcBeF46a7Cbe1f46a94ab77501EAa32596Ab3c538,1,1.60297566,218.9496371,0.465955507,2.068931167
0xb86737F3b14dE6eB7970e2D440B0ad91cb008133,1,1.60297566,210.3460391,0.447645844,2.050621504
0xedfb6Cd3069fe177C1cBe63C066Cae12D754d124,1,1.60297566,199.3873214,0.424324158,2.027299818
0xB698be40b6fF59CecDC5472BCc6ba5dC8C087786,0,0,936.6889529,1.993405339,1.993405339
0xca247f64eD79B76B2555971B9Eea802C68D1dB2B,0,0,935.8707005,1.991663983,1.991663983
0x9E3e4F6535C7d20853a271f4F45A81fDED8C7DAA,1,1.60297566,175.9286439,0.374400805,1.977376465
0x78B3367B0F547Cd16Bac453F788956AfcE92447B,1,1.60297566,174.7251547,0.371839611,1.974815271
0x73719C0C85a430aB716bafC6A2A6768e40F7D334,1,1.60297566,173.657051,0.369566537,1.972542197
0xe73B5632eE888fDC43C1E95885d746FfCeF07b16,1,1.60297566,160.0397512,0.340587015,1.943562675
0xa23B4bc39070Fdb30779F3e587B720fefEF328EC,1,1.60297566,159.3715321,0.339164951,1.942140611
0x585E184Dc84968F83e5702659e7e4546545979C0,1,1.60297566,152.2221478,0.32395006,1.926925719
0x00987cbCE7014389197f9D5468Dab5A8facFfeE0,1,1.60297566,151.7356507,0.322914726,1.925890386
0x2FAf55a544c5F73666438BC185aeCC9D685E6E3C,1,1.60297566,139.2306476,0.296302327,1.899277987
0x546c1528319f9Fc621F5752D98690f28293a5c1D,1,1.60297566,136.3207695,0.290109699,1.893085358
0xD8d462958Fe3194cAbb95d502F1Ad7ddcF7E0558,0,0,886.5013048,1.886598992,1.886598992
0xD147F5D14D5542A128fd1245Af8987298Ee9963D,1,1.60297566,126.4786322,0.269164251,1.872139911
0xa865fF51D15dcAc4973F73E13A8656ac3E748720,1,1.60297566,123.9645806,0.263813997,1.866789657
0x49a5492FDFe5AcC966dD5f41310dfDfe8dAA349C,1,1.60297566,120.9503268,0.257399243,1.860374903
0x7Ceb9F8cEb7f6ffBa4897a72883C4a9C0a241EB5,1,1.60297566,107.3849459,0.228530211,1.831505871
0x03B3fD15405225146cc87F51F35c194E3c8ae590,1,1.60297566,105.8105817,0.225179744,1.828155404
0x203E487561135682397E48aB2973B2d3C28c4633,1,1.60297566,99.54690354,0.211849759,1.814825419
0x508cc508c415Bf1DB6d35C0D53eC7BEBdcCe6A84,1,1.60297566,98.76745053,0.210190974,1.813166634
0x7Ac90F34185a32Bcd8fD74c20d54fb540d76eA07,1,1.60297566,98.55550898,0.209739933,1.812715592
0x60A6d0d70046BaD24C50D93Db91218987C265D86,1,1.60297566,94.27731779,0.200635342,1.803611002
0xDD8A1300d7802A1D00f4dA440Bc0306D8ee77701,1,1.60297566,88.70817022,0.188783416,1.791759076
0xAb7559304eAd66D8CA0BC1e0365b6d1aE89c9077,1,1.60297566,84.0900309,0.178955368,1.781931028
0xAF51e6E946263e1d7B474073ee64EA0c5Bc01dA9,1,1.60297566,79.89418306,0.170026016,1.773001676
0x10f22cf62CB5a88e86F844Dd21674f757057C30c,1,1.60297566,79.75089226,0.169721073,1.772696733
0xF48FB2676746809D59A4753767D0cF391D072620,1,1.60297566,60.10660384,0.127915275,1.730890935
0x1D86709a5ce724d88f94175591bF6Ce11ba39476,1,1.60297566,54.32289118,0.115606724,1.718582384
0xF3080047c88F0561B310dfa4e79592F277E13B26,1,1.60297566,52.85616046,0.112485316,1.715460976
0x11cF16447f9312B4fFd1c99C4390dF04CC8e33ac,1,1.60297566,50.53353865,0.107542451,1.710518111
0xe73C22aFA04271bd351eD38981F364c2Bb4c978b,1,1.60297566,49.86895256,0.106128119,1.709103779
0xf6Cac2bf40a8c6DD6052B443627a24A86A75f674,1,1.60297566,49.44845317,0.105233237,1.708208897
0x7BcEc44C7486143Ee875103De66006047CaE8Df7,1,1.60297566,49.35990729,0.105044799,1.708020459
0x0818AF898D8C84A10A28d0b9c7cD1969a374B15E,1,1.60297566,47.7815447,0.101685822,1.704661482
0xAD549C7fcF1bd3E57BCa464D9Dce0A0D561599D1,1,1.60297566,45.84701633,0.097568875,1.700544535
0xb7D1FEa82f881cac4720a78afdA125b33A02185c,1,1.60297566,43.90747321,0.093441255,1.696416915
0x54966bA0beF2e7aC9E3fD83c7e44C5Fd47B4d8e9,1,1.60297566,39.79508457,0.084689516,1.687665176
0x495Def9Bf5ca8B6B855784A65cF1E7C27081bEEa,1,1.60297566,34.89050274,0.074251879,1.677227539
0x48AacA81C945e1E84da4d662E0De579522BEF4C6,1,1.60297566,32.89552477,0.070006286,1.672981946
0xa53c56EE83B2f0Cf3D00B360FF79eAd4d7A3a663,1,1.60297566,30.74031514,0.065419698,1.668395358
0xf977516D80205560EE3810a2241EddDc4fde8D2d,1,1.60297566,29.05633233,0.061835947,1.664811606
0x1E1ec9a2A1d331192eAe8b9B36B8DF9Cef3A0a6c,1,1.60297566,24.29043136,0.051693441,1.654669101
0x636bFC1dAde24c7E60E5807795E4534D42cb5803,1,1.60297566,15.82396302,0.033675611,1.63665127
0x2ba7F536fF0A4a043C2f3c25163F0384681657e8,1,1.60297566,14.80689757,0.031511153,1.634486813
0xe2c0eA29434b11E8aFa2A1649831Ce53Bc975e5D,1,1.60297566,12.80128844,0.027242935,1.630218595
0x9a60c82Cce9E97eBc78bfdA5e81fd705068EF9dc,1,1.60297566,12.22415715,0.026014719,1.628990379
0xf47462597741c21032e36F6299422818ee67615b,1,1.60297566,11.30179446,0.024051802,1.627027462
0x968Fea58d680060ca1C547884eE40a02a8B53c23,0,0,764.3352988,1.626612613,1.626612613
0x491002Ab1DC8878e085f75D21Faa6EfBA92ac2c0,1,1.60297566,10.87777177,0.023149423,1.626125082
0xf85ea6Bb6C717e733e91760f19D5f4AC382eeeD5,1,1.60297566,10.87757641,0.023149007,1.626124667
0xB306E2DABC78cC94559c6b39769c254068E180Fa,1,1.60297566,9.972057497,0.021221936,1.624197596
0x5AA59e166E4405C05ABF85AD44A8ED84A1d51a06,1,1.60297566,9.968534781,0.021214439,1.624190099
0x82E9B5B3F64b424d00e554fD1CCD24D7e62B22Db,1,1.60297566,8.983642771,0.019118451,1.622094111
0xD8e367019Dc5C28290F1e036790d72B975d35EDA,1,1.60297566,6.055215533,0.012886347,1.615862007
0xA11f19D27A73C6dfb7A700175357c1dedf79367D,1,1.60297566,5.976051887,0.012717876,1.615693536
0xd6715f048B7812F6fcFd04a84CcE9F391968e705,1,1.60297566,4.980297097,0.01059877,1.61357443
0x4572581Fc62D4477B9E11bb65eA8a1c306CbBa3D,1,1.60297566,4.027643496,0.00857139,1.61154705
0x6d38939dE57C10B880f1EB2227Da45fF9174A095,1,1.60297566,3.877611787,0.008252101,1.611227761
0xb76951378Af8c5eBc1c93D0A41Cc902ed19E729a,1,1.60297566,2.98807111,0.006359034,1.609334694
0x40Ac62d5AA80cEddAB0de954C29bD62C75D514D2,1,1.60297566,2.368334885,0.005040148,1.608015808
0x65D3FeBC3112cef66BE36df9A62Ac0f94079BD42,1,1.60297566,1.998294905,0.004252652,1.607228311
0xBB6182A3De745892Dd68F50F3EBc890Ba4719de1,1,1.60297566,1.992123575,0.004239518,1.607215178
0x408674FC7fd6654b345b2331bDE6336Ab3ea10A3,1,1.60297566,1.977929211,0.004209311,1.60718497
0x3813f37d9f24190174B2517d955F691cB643bDbe,1,1.60297566,0.987244199,0.002100994,1.605076654
0xD15eF7Db60B1bbf54D0C9c56496f118adD9Ed02b,1,1.60297566,0.798317306,0.001698931,1.604674591
0x8728a49fE293A20345826493D9a82Bc9CF1953af,1,1.60297566,0.711421154,0.001514004,1.604489664
0x783FF1952E1D8bd4A9d60D579F92cbC4b8c6ec4d,1,1.60297566,0.070871304,0.000150824,1.603126484
0x741DF195c5c1d860A13AF1A984303feB1cc7F001,1,1.60297566,8.63376E-05,1.83739E-07,1.602975844
0xDF97540FD25F355bA8eD53A9eBBe3D7a3b37ee44,1,1.60297566,5.57272E-05,1.18595E-07,1.602975779
0x90B90ed0266711066e3ca74A3C89582ea53De0E9,1,1.60297566,5.51972E-05,1.17467E-07,1.602975777
0xe78bCB254E84231164b8845aC5D01E55541C8aB5,1,1.60297566,5.35039E-05,1.13864E-07,1.602975774
0x0224b2311d5968fA00a42103788b2F4CCd0651aD,1,1.60297566,3.35412E-05,7.13804E-08,1.602975731
0xBB5B9e70345e2679c73373758694ecE96C550612,1,1.60297566,2.78302E-05,5.92265E-08,1.602975719
0x4217f967a8923C071B2a76Dc57e6dA369f5Bca7F,1,1.60297566,2.1994E-05,4.68064E-08,1.602975707
0x43edCBE5be576B5FdAC57e3ab552B36a256bCBA7,1,1.60297566,1.01447E-06,2.15894E-09,1.602975662
0xDdA1839117919BB842F5F35ED026Dc8613f1a223,1,1.60297566,0,0,1.60297566
0xDA5b2cd0d0Bb26E79FB3210233dDABdB7de131C9,1,1.60297566,0,0,1.60297566
0x260EDfEa92898A3C918A80212e937e6033F8489E,1,1.60297566,0,0,1.60297566
0xf1FCeD5B0475a935b49B95786aDBDA2d40794D2d,1,1.60297566,0,0,1.60297566
0x3437c5b790b878c357aCff653349AA5072Ea5B00,1,1.60297566,0,0,1.60297566
0xBdDbc13abDC4d3b617c2e573C26cd5a7F24A0478,1,1.60297566,0,0,1.60297566
0xe4174066e7dE8D09F9E661EB03D9d4A632e896b5,1,1.60297566,0,0,1.60297566
0x9eDd192f2fd97698CD7332Ba2d9dda0c2ddd3E2D,1,1.60297566,0,0,1.60297566
0xCfA1868661fEFb8b9499D255685dE3f2eB6E98f2,1,1.60297566,0,0,1.60297566
0xf7Fc209829fEE6481726BD7cC493334f5465F89d,1,1.60297566,0,0,1.60297566
0x54C3A6d1DB1c37264411F7944f354Ea582Db6d80,1,1.60297566,0,0,1.60297566
0x54008ab19ae9D2AB8b3751B3Be11Bb562aF1a578,1,1.60297566,0,0,1.60297566
0x76bb5542F854430F31369369E9d690287DAe33fa,1,1.60297566,0,0,1.60297566
0x92a686623d801fB043d19dDDC0E034DAD0958f8C,1,1.60297566,0,0,1.60297566
0xD3ef3B3F952fA7c931463FFE65A92f51bb1b0f1F,1,1.60297566,0,0,1.60297566
0x596B74e6111b493167dfb0f570A3c07caAD78E57,1,1.60297566,0,0,1.60297566
0xa111ec0f48F2c4E99fEfa0A05E4F49f5d9d2871C,1,1.60297566,0,0,1.60297566
0xd79DB8A3111C7deAF206FDFb0dcC77C5d28EFE40,1,1.60297566,0,0,1.60297566
0xd41705a53272ac68AF2fb5E2be3469a3464500cc,1,1.60297566,0,0,1.60297566
0x516649dBd606A980E767BDedbCD882d91c859C9c,1,1.60297566,0,0,1.60297566
0x289D545e52B97524278f94672D2BE8c44eB3f369,1,1.60297566,0,0,1.60297566
0xe546E60D8cc8a85cF103d7B174bf1692DFA3f838,1,1.60297566,0,0,1.60297566
0xd0f46a5d48596409264d4eFc1f3B229878fFf743,1,1.60297566,0,0,1.60297566
0x71ce9Ac68B6E90D6847e040cd199F9d6A44828e5,1,1.60297566,0,0,1.60297566
0xa5f695d845Fee3aca1932Bee84f34A2485603b02,1,1.60297566,0,0,1.60297566
0x178379B4BbA3B5ACab18BEbb9E03abBd899827F8,1,1.60297566,0,0,1.60297566
0x86725086594EcC03De4C3e4171f8101A9402818E,1,1.60297566,0,0,1.60297566
0xEf3FEA148B4933A9d8716842E093AACbFC96600c,1,1.60297566,0,0,1.60297566
0xD5B3D2A4fac2372CeB7E84ed23bE44AEb201F7FE,1,1.60297566,0,0,1.60297566
0x8449264E10F4181fB1e9218ec9b073a298fAF9D8,1,1.60297566,0,0,1.60297566
0x48A7BEA12A800957113662d27468fD1C9E8D42Aa,1,1.60297566,0,0,1.60297566
0xb87951b4cA89D476652187B23a7cff9E7809FDC3,1,1.60297566,0,0,1.60297566
0xBF7725eCE8c2fa6023882Bb8B7D94a21b80c7E3d,1,1.60297566,0,0,1.60297566
0xAe0323a1122574a98dE50DA74465AB55a3529067,1,1.60297566,0,0,1.60297566
0x2fa37cb96c19E9B1F9aD060AEd00C0CFC727AE39,1,1.60297566,0,0,1.60297566
0x8761e0DD63d14cf566aCf4b730f3540f164B6b56,1,1.60297566,0,0,1.60297566
0xb0cd1B4d8635Fa0eCCa73D4Ede07ab7812D3a7e4,1,1.60297566,0,0,1.60297566
0x5D5CC66fc2f3829c399E47F7B71A5be4918a8851,1,1.60297566,0,0,1.60297566
0xf5ED909Ff51045A4c1a8fc194809108a6F33d656,1,1.60297566,0,0,1.60297566
0x75DE31874ecd755C6B000411074b74Ba5a467C19,1,1.60297566,0,0,1.60297566
0x1441bAe48B5Da3da1D6E48C2C5b033fCbF6Ee759,1,1.60297566,0,0,1.60297566
0xC933c5634e4B973daeB4060eCeF618a56693Ac86,1,1.60297566,0,0,1.60297566
0x48E20Aa71bB52d7d17d93A868234510702F15603,1,1.60297566,0,0,1.60297566
0xC513f89E661B5e290548024F402dC468c45367B4,1,1.60297566,0,0,1.60297566
0xb6E523cFB6176339331C68d33eC7133aa5E5CFD8,1,1.60297566,0,0,1.60297566
0x639e82fDc52b3e6E5DcA32aDa7d73270E21903a8,0,0,733.7648866,1.561554493,1.561554493
0x1b51A36bB32bA6303e76aac15ef2058d362a59f9,0,0,726.843031,1.546823814,1.546823814
0xe6374801AC57D72Ae89e2bf56c7bdb61FCA90C30,0,0,725.5000532,1.543965769,1.543965769
0x68DEb97E36275fe189f4d9db80e53aA96B17a04c,0,0,723.8983669,1.540557156,1.540557156
0x0327d97fE559fb16B3C63D90927487186219283E,0,0,718.5737619,1.529225651,1.529225651
0xC9E3FF1da87F942A54e91e83Cef6Dbe97af98A38,0,0,701.6838621,1.493281577,1.493281577
0x7FA3715BFffcE74a55d0FeCA8f5e14CbefD4c412,0,0,679.4511578,1.445967267,1.445967267
0xc87e3788764823CEDdD132CA2E697767de5ed4de,0,0,658.5754456,1.401540827,1.401540827
0x475476708AE9d5eE62b0E977aA37d4dd16281926,0,0,636.4574756,1.354470687,1.354470687
0x209cC72C78999A4536Df882D969e49029605cd04,0,0,618.6235031,1.316517495,1.316517495
0x750B482C447700D5E17c0b8e6178a54e3769eCE3,0,0,613.59929,1.305825266,1.305825266
0x71A0Adb369DA76e300A9eC9f6e1ffcBa6e185182,0,0,572.1306931,1.217574281,1.217574281
0xbe19c6549874591367f0e1f91EC8aCa01Ae7b2AF,0,0,571.1497687,1.215486736,1.215486736
0xC6fed6a9dd7B9c6E9Ff2b0c5D88927Fa522B6d3C,0,0,561.130808,1.194164984,1.194164984
0xbed58fA67Bd966A40460b42f065DccCb0fD4fE4f,0,0,504.0457357,1.072679952,1.072679952
0xDa5D339742caAc045B625A5dBE240162932f2C10,0,0,502.4306072,1.069242732,1.069242732
0xbC5e6cF484D1317ee285a1A441149657fA424a7d,0,0,496.0485067,1.055660728,1.055660728
0x335D81BdE46e127228b1E6a767B9A5A764bFCbDe,0,0,493.8627815,1.051009198,1.051009198
0xb93aeb0E49f3c9E1F8dDb96460e44d478Ca1C505,0,0,485.6985293,1.033634526,1.033634526
0xDbD7744f7dEfBcFFC0A327aE289Ad6345861C467,0,0,479.8136854,1.021110753,1.021110753
0x9730299b10A30bDbAF81815c99b4657c685314AB,0,0,476.3830751,1.013809934,1.013809934
0xdba64f019c92649CF645D598322AE1aE2318e55b,0,0,474.646503,1.010114265,1.010114265
0xaE8e6Cd806Ab8C593984ba275b4a2e45b27986eB,0,0,465.258619,0.990135532,0.990135532
0xC81f4eF4Fbb4Fb8E7b92c99bb20E8AfD5D32D50F,0,0,454.5714496,0.967391739,0.967391739
0xe9aF007819204ae349808A8C12C2c5134C6A1f33,0,0,450.1659673,0.958016255,0.958016255
0xD95eFDa6a57AEa121d2eFCc4Dc0f14A93D5502aa,0,0,449.3258081,0.956228278,0.956228278
0xfa4a45D755eA1c2b72Dd581b3E05dde3bFc13fad,0,0,449.1755874,0.955908588,0.955908588
0x4F979e912D035d9AD0AbDF8c17E5B7a5a180762b,0,0,426.6647842,0.908002444,0.908002444
0x22dA1eEdeBC60C1b8c3a0c48f5C81BBE2b943dD9,0,0,425.3690081,0.905244851,0.905244851
0x3d2B23962EBCc882f9f65452658BBBa9Fa72d170,0,0,408.7169652,0.869806971,0.869806971
0x0545a605a6B0c42Bb5bD01F918e17d7347095ACC,0,0,401.9286145,0.855360409,0.855360409
0x62eD8ea00796e46fDf8E1f5F84fE51484BF3daEf,0,0,397.0720965,0.845025058,0.845025058
0x29A4a663C6B44e4a9B49A429ef09bf3eD3FBF9f3,0,0,393.862752,0.838195124,0.838195124
0x41b7533741E01B47aCD3B41292a7D109E5a3d8Fc,0,0,382.6783747,0.814393202,0.814393202
0xD98b668744767aE6E9F437c0a09C4E414E05f832,0,0,360.9661469,0.768186539,0.768186539
0x80adc6DA57e97F33035899962278A5FAfF8492E4,0,0,345.6245307,0.73553743,0.73553743
0x49D2ee9822027E4596F9ccA57c1b52285b1e938D,0,0,344.8046833,0.73379268,0.73379268
0x87DF62ce33694fdf1ECf6AD930d533fAda05D62B,0,0,325.4513127,0.692605995,0.692605995
0xAE53c04D9bCcc1198167E538782805546f851603,0,0,325.1545495,0.691974442,0.691974442
0x3DD1B656fcC459Cc4CF203b53AAAbF8C85181f1d,0,0,314.3566863,0.668995076,0.668995076
0xfE3f16B1cB7CE908B5386F6643a691526d2a0A84,0,0,304.3025919,0.647598554,0.647598554
0x002d2715b179d0DB3e17cC28317A98F2F65E6884,0,0,299.5496019,0.637483525,0.637483525
0x4D64152d23260F399af956c6A777740Cfc263d1C,0,0,299.180799,0.636698661,0.636698661
0xc8728Ae130381EB77Fc9a8b715564B00e83E19Df,0,0,294.9276271,0.627647315,0.627647315
0x67b4F300e6623DbE6f0358A87B16727781DF2160,0,0,293.7244276,0.625086738,0.625086738
0xb7b1Cc940Cc88640089028d4910De22E39e6D117,0,0,290.6046453,0.618447404,0.618447404
0x63Eb17f24FDF1a9e286831fE21ACf72C975E88fE,0,0,286.707121,0.610152926,0.610152926
0x0F7c548C3c100e1AD6A1F092D95884Cc4dCEf4bB,0,0,280.0546821,0.595995604,0.595995604
0xE7dcF2B7bb30C638c67c3C2A6f3bb18335570B92,0,0,278.4869431,0.592659236,0.592659236
0xA4EAa59ea27a22D5e1B5D0a048991634dE3ba14e,0,0,278.1269105,0.591893036,0.591893036
0xc3fd1227DA579220Afeb28B400DaCC4Ad6523c7c,0,0,271.6207671,0.578047051,0.578047051
0xDFBCd20078b4346c185DEe24d143ad2f98956Ac7,0,0,259.6280059,0.552524775,0.552524775
0x44a529F72C9F5888C69e0F4A2614D91fd289aF7a,0,0,249.2215383,0.530378354,0.530378354
0xA65BfcB60b3DCCB68Be2F9AF7b53eC6864eD6098,0,0,247.6922078,0.527123724,0.527123724
0x23554eA86b2a86111f8a2d3a65C0B1d39ec0c9b8,0,0,247.2675338,0.526219959,0.526219959
0xCf3c8e131AE0838d973BD0711e34F3199CFD2949,0,0,247.252124,0.526187164,0.526187164
0x870Dc279570833A8c5A72FC7972681Db9A96CFb7,0,0,247.0721317,0.525804116,0.525804116
0x19223782AD6556B0De843156E968270e32A5c10c,0,0,247.0543223,0.525766215,0.525766215
0xFc78fe219b3775389A3bDfB5b823Ff39B680Cc49,0,0,240.0257628,0.510808455,0.510808455
0x1FB9a4D95f9271ccaa758E1F51eAD80dc117080a,0,0,239.1956358,0.509041829,0.509041829
0x1A920434d3E1320cb1806e14b9939499d8Fc8e56,0,0,238.158481,0.506834618,0.506834618
0x7542A876BcCb7aD335370E27c0e0988476a95F46,0,0,237.3455424,0.505104571,0.505104571
0x54c053F4127b6bA19BACDd7bBF45646D95CaE49b,0,0,234.637198,0.499340834,0.499340834
0xBaD81E37c8D4657672e4AE61BA5a49084dc5949E,0,0,231.941116,0.493603194,0.493603194
0x83fEBcf72458393A3957cc9793A9F04FF59A3d45,0,0,229.5136415,0.488437188,0.488437188
0x17103203eb867DA8f0D5545cbA3894e743c33a06,0,0,226.4720181,0.481964187,0.481964187
0xB16C93cb45553bB442812034981FE44446Fd776B,0,0,224.943282,0.478710823,0.478710823
0x935361EB81FFE4eEf326902AC37E8Aba82eDf403,0,0,212.7458392,0.452752955,0.452752955
0xa5dB108658794763EA82E7C4643E0E38b13578FE,0,0,208.1533019,0.442979393,0.442979393
0xBb24D282b6D733B9B575fbECF42c730333869ccD,0,0,201.2783079,0.428348442,0.428348442
0x36eFd9914d30b16575429516bfFf0f196062DCe9,0,0,198.4116464,0.422247785,0.422247785
0x348914e7a022A6dea361ED32E2555Db258d3cFbd,0,0,197.9901881,0.421350862,0.421350862
0x512a519A8C6b35b6AF39c3A6d219c56ab380dA13,0,0,186.3281071,0.39653232,0.39653232
0x44a3fa3c92F1421592ceCEb4D717907A217EbC62,0,0,178.6962169,0.380290588,0.380290588
0x3DF761F1845358003018e4Ca55E45F12F7e87C41,0,0,171.7210078,0.365446366,0.365446366
0x78C76e3DbE8E4081A42F4666c7Eca33F41678686,0,0,159.8635924,0.340212124,0.340212124
0xD94d15D519F020af8dDC6654C374c19ea025a3B6,0,0,159.5397253,0.33952289,0.33952289
0x65D7624883aC2a33855AAE52969b5BD80EB4bf4C,0,0,158.6024236,0.337528181,0.337528181
0xe7DABc911F5a7250872da534a3eA5DFBAfbbaEd4,0,0,158.3721223,0.337038067,0.337038067
0x9023EfED128bd40917547722dB12c396Af044b50,0,0,155.4517869,0.330823184,0.330823184
0xcEf5aA3DfcE54388f477d0f6b6428729368f17C9,0,0,155.3698379,0.330648785,0.330648785
0x8F747EB4F5e4eDb0702FbADebe2Da915AF91fd90,0,0,151.8744379,0.323210084,0.323210084
0x7af3e669EBC7e6BE1a6c4bD6F6F8981B2f1B9032,0,0,148.6408186,0.316328489,0.316328489
0x9942796AfeFEa0C2C651b80fA0024B46F5827506,0,0,143.425659,0.305229899,0.305229899
0x8930360F12530E92B5c67F736b4B59d2CbF840F0,0,0,142.3226143,0.302882465,0.302882465
0x5e175E89eE8AC083f974210a75C1bA1d542A4fE4,0,0,140.2507162,0.298473176,0.298473176
0x0014c642ebEe2273D3790A485e4CF7674c34D886,0,0,133.7145815,0.284563365,0.284563365
0x2bD0C9219cedEeE318480cc8419941ac36E16c98,0,0,133.499332,0.284105284,0.284105284
0x7D3E4e3B30572B3a0b28b2B8CC9FdDD2Bd77cd5d,0,0,131.5169923,0.279886587,0.279886587
0x463c31D1b752d39Fd205fBaa4cBBA6a8541AeFfa,0,0,129.6034186,0.275814235,0.275814235
0x26e138FEBc4912659D24C97343e99c1e7b7a8D5F,0,0,128.9014753,0.274320401,0.274320401
0x8C6d52329C31820F9f3Cf468E29309F9848f7942,0,0,128.0991228,0.272612882,0.272612882
0xBEE8bbBC85f226F2FC2490901f48958c41DF152d,0,0,128.0667102,0.272543904,0.272543904
0xf623146b3EE93BC86A626732fF177f8470ffE9cc,0,0,121.515211,0.258601395,0.258601395
0x8B6E7c1a343EFd9c7D1E9E06cdae24d5A664DEF3,0,0,119.5304698,0.254377588,0.254377588
0x8351769502d43205668d6cDe2B83b362122f5f4A,0,0,117.6297746,0.250332643,0.250332643
0x526Fd056069DCf7B5c487Af4FA2b6ECC846E9152,0,0,116.0355434,0.246939895,0.246939895
0x4929f4d38F2955649b5aa34343da04cf790B9D92,0,0,110.2683857,0.234666575,0.234666575
0xCD8b301Ed7AD1B3Ad31c144023D75b1B8a5021fb,0,0,103.6213655,0.220520785,0.220520785
0xc99333906D6D3A854f819617f6eF48870ae78435,0,0,101.8385762,0.21672676,0.21672676
0x0EaC8004975d60eD458FDC3290f819C5CbEAD43c,0,0,101.5946846,0.216207724,0.216207724
0xEf4a6681Fbfa02b677B4e09b595ff94D8d794C6d,0,0,100.3047556,0.213462575,0.213462575
0x59cAd07ceF1e55d861Fb106fcc95aFbeff29b06B,0,0,99.70474645,0.212185671,0.212185671
0xFb91A0D6Dff39F19d0Ea9c988Ad8DfB93244C40b,0,0,99.69133685,0.212157133,0.212157133
0x9Eb39D6694fe7cd61bE2Db9791c1Bde45aBE15c9,0,0,98.89296321,0.210458082,0.210458082
0xDFC1256E1DbB03257b18B5448adF43aAf57C5E9b,0,0,98.60560366,0.209846541,0.209846541
0x1F751b1da0e87B6372d7bE92106b6239fa7eFc60,0,0,97.7446366,0.208014283,0.208014283
0x0839f5C6cd90FdF95de496d0196C1e6016954c94,0,0,97.19975203,0.206854692,0.206854692
0x4d39a1758e3f5008123F81D4c1d2fbAA6Ee27Aae,0,0,95.70182556,0.203666894,0.203666894
0x5F5FE043Fdad2526c099f265c8EFD1BAF245b090,0,0,94.95317865,0.202073669,0.202073669
0x824877Ea01fbc2dF1DD89c5492FA724aE3A8e8AE,0,0,94.3839743,0.200862322,0.200862322
0xD4921407422A3E64F6ae78A0c38221a1119C8B7c,0,0,93.39826949,0.198764604,0.198764604
0xa605c28Fad3E79B93B0003379b1A766Ee798E93A,0,0,93.03840142,0.197998755,0.197998755
0x6facc0aA7783B18Af871a1388d5E516e1f249df9,0,0,92.76529712,0.19741755,0.19741755
0xf7c668dFCACA968F2cE01226DdB15EEB7210CF1D,0,0,91.31822452,0.194337977,0.194337977
0xDe670A7b89B532D788bcD1CB27513A8E1b016793,0,0,89.01903092,0.189444971,0.189444971
0xfbA3DB1F52fcdcF93f23b16650C5b2443AC38763,0,0,84.42864264,0.179675982,0.179675982
0x10904e913f025d0DFe119D0D68A43c4754BB24d6,0,0,84.00731987,0.178779348,0.178779348
0xa03dEdE2EeCC86e590D343E42137940ab647d14b,0,0,81.29375606,0.173004504,0.173004504
0x1e7bb53C1Eefa4513B69FcBfA900b6bcE051A77B,0,0,77.82871601,0.165630413,0.165630413
0xFefd7E49FD2Ba5a3449D952fe883355bDad33dB5,0,0,74.84107979,0.159272304,0.159272304
0x25E441081898bA179D77362cE6E48Bcd1E949Ce8,0,0,74.66313784,0.158893619,0.158893619
0x24435Da3AcBAe0532b2Fb12839a938A78B32911C,0,0,73.84368641,0.157149712,0.157149712
0xbA431c3f9B6dFB27450616506B330E3Dd5f72E0a,0,0,72.08146671,0.153399461,0.153399461
0x8f431E9Dd3aB0705d8e3132Ad260d20Dc1Df4FE7,0,0,71.05820051,0.151221807,0.151221807
0xA045622D9E30BF5F9A510089463f759773927308,0,0,68.16269759,0.145059771,0.145059771
0x9DA27A8692A96F1002c548DFcD9381E6157De4E7,0,0,66.61093327,0.141757399,0.141757399
0xaaD8F4b64EdDa413ab113FDb475Be706e2503478,0,0,65.28631438,0.138938425,0.138938425
0x6a7e0209AFAf36119F856c32E873c6E223dAC523,0,0,65.23266727,0.138824256,0.138824256
0x77f379C6EDEE12340a4Ea062d3bc571417E2b2aA,0,0,64.71621791,0.13772518,0.13772518
0xDb1345a4a059280fD1511339e372EfD026f2f6db,0,0,63.82137198,0.135820822,0.135820822
0xA32f37Be0c7D84984c04F38122698E68935Af8a2,0,0,63.08709049,0.134258168,0.134258168
0xfD9A9bCb6A7f3a26b7D0dE1Cb80458395429cc41,0,0,60.38736901,0.128512783,0.128512783
0x82bC93EC5d576a70d4adb6dc5537Db5c391DFF0c,0,0,59.5139275,0.126653977,0.126653977
0x1B6242EFf17dF6e785DbAb2451D061796E7e1F3c,0,0,59.15056478,0.12588069,0.12588069
0xB50f74390506Fb87B7847E6f6e562db9c7f741ae,0,0,57.73178353,0.122861325,0.122861325
0x79d29F42b32ed8d77A1eECbAB3084912bbA55DaA,0,0,57.33460822,0.12201608,0.12201608
0x606233fDdcBdd318dE540395536e03708738Cea8,0,0,56.85961147,0.12100522,0.12100522
0x4Edf18EF30760e5d6500B789c9Ed37D5CD6B2264,0,0,56.55275509,0.120352187,0.120352187
0xD04f7a558d972dD15fe44Aa18266259DFe4cC52C,0,0,52.37984278,0.111471645,0.111471645
0x1Aa98720CB03feE96a17CC17919a021DE143887e,0,0,51.99926755,0.110661727,0.110661727
0x249880A80769b060A9CaaaaDd2CFf1c2F9072150,0,0,51.82622208,0.110293462,0.110293462
0x147695813ef21fC2999Cb7a145Ffd9554146F721,0,0,50.61662609,0.107719273,0.107719273
0x5A010c2f9182c03a2247b2dAa9fe5033B727A06a,0,0,50.43206492,0.107326501,0.107326501
0xFA7Bd4B2b8Ec60b35d881131f71D364A76cAd888,0,0,49.86151987,0.106112301,0.106112301
0x237F1Cb9C39fF08D7C3127749Cd82e2967fb38BB,0,0,49.80747257,0.105997281,0.105997281
0x658AB0A138F70105859050d625f7b9893C64C325,0,0,49.4146912,0.105161387,0.105161387
0xCBf382B27fd7Ef5729EA350a68E44b83e89756f7,0,0,49.14787479,0.104593564,0.104593564
0x23c3472fc4F75E882226b6295D3fa817cCfDe28C,0,0,49.11893243,0.104531971,0.104531971
0x73d3094A0e3BB458415F7C7e630cB662193c2B65,0,0,49.01510545,0.104311012,0.104311012
0xd74428cCdf2d1f5fe5Ae660C970F1f24c5907046,0,0,48.62397427,0.10347863,0.10347863
0x103Fd682DA21AC6c6D600dB095975eBACEf81306,0,0,48.61331075,0.103455937,0.103455937
0x5Cb4dB7c9f48A97115E8ADA31D0E974F36d8Fd49,0,0,48.19927714,0.102574815,0.102574815
0xC1c1d9b640A87a38b0C6dCAa045C747676d0E8E8,0,0,47.9993698,0.102149385,0.102149385
0x005f16f017aA933bb41965b52848cEb8ee48b171,0,0,47.3965319,0.100866461,0.100866461
0x07557E561E7baA14BC8ac7040271AA1443d566e9,0,0,47.22149771,0.100493964,0.100493964
0x99c2880092d24ebA9ef37e96ECF1B36e6c9278Cd,0,0,47.10183245,0.100239299,0.100239299
0x0ed2442C03091BD58Cf49710D793a634FF695B7d,0,0,46.51509114,0.098990632,0.098990632
0x251762e6013f0B366D3FCB24A1451a110F65675d,0,0,46.45555807,0.098863937,0.098863937
0x5F8C61DDf6a4d971866c5923409293fc36A6041a,0,0,46.39934501,0.098744308,0.098744308
0xaCf87623Ce89e5b0976D137406D77B271F31C422,0,0,44.93403632,0.095625925,0.095625925
0x4aD9d5d0C75542795c5b92EbF34f63a52464a5B9,0,0,41.38144831,0.08806552,0.08806552
0xd34bc82B9092f5334056daC1aF8cd5d32aBc6802,0,0,40.86671336,0.086970092,0.086970092
0x8D0734865F984374435d5E9f814a9704fdc51a64,0,0,40.50288545,0.086195815,0.086195815
0xa930042ED3c445CddE4566751F304A0bb25dB33A,0,0,39.84358953,0.084792741,0.084792741
0xBD2402D96474493BaDC395C3Db061A71b3f0cEB7,0,0,39.70699729,0.084502054,0.084502054
0xec13489D022102dDE8234d8C22b25b0BEd2E7B54,0,0,39.60430894,0.084283519,0.084283519
0xb7aD24ef67E01c5a353477Abf81E867cAb48A132,0,0,37.26437723,0.079303816,0.079303816
0x6F3d718e611C6B8D18656923D0FbCeB59A3221A8,0,0,36.90458744,0.078538133,0.078538133
0x531C30b870fb23FbFC31e7D06cAC342f3B2D9840,0,0,35.85870844,0.076312356,0.076312356
0xB8aaFBE4999Ca1057e26DcF7B1470070c3101ba5,0,0,35.48243404,0.075511591,0.075511591
0x883A5Ed5ea342F1d14695d8A0CfaDa210466de37,0,0,33.80860137,0.071949441,0.071949441
0x002E7eA05D6721A04cD36ab5E9f2c72338d7f7f3,0,0,33.59505154,0.071494977,0.071494977
0xc0A9281B18FBff16019f497be053cc9864047347,0,0,30.85018707,0.065653521,0.065653521
0xF4249d74Da493C9FcA2D3d7C1f5743029aaf7b0C,0,0,30.03458947,0.063917815,0.063917815
0x6Bfc2cc988C513A481607777990F7799E84B1442,0,0,29.88216227,0.063593428,0.063593428
0x70d545fB144Db628f7Ef75cb7Bc2a3E80d1798fC,0,0,29.77107763,0.063357025,0.063357025
0x30AF6Bcfd680f01Df88bf267aF097bd84eF7e0c5,0,0,29.62224723,0.063040293,0.063040293
0xB9c2cd6bc7291297377E32B9c40c20fbA3C49352,0,0,27.11509287,0.057704717,0.057704717
0xf5a8E355621E487c1E2F2D55f0070a084427661F,0,0,24.93807789,0.053071724,0.053071724
0x86d0b57d59e67a57623fd0119aE141Db1140ff79,0,0,24.91725598,0.053027412,0.053027412
0xa4D8854dB6e5405eef75da8B401Da7D7c713787f,0,0,24.90092631,0.05299266,0.05299266
0x15252F0327D916Be16b4FE23a6e846c223fE9CdE,0,0,23.31749428,0.049622895,0.049622895
0xed50Ae645CB182D97e9cd59c7E939a09d54E70Da,0,0,21.91383597,0.046635713,0.046635713
0x2E60C6AB792FEa9c1824301dBAA717D94Ef799Ba,0,0,21.3629779,0.04546341,0.04546341
0xDa7Ba364dc71527055608A76f816BEF129AE6dBa,0,0,20.28793797,0.043175575,0.043175575
0x246d9F7DAE566063990d9BF138a8b38c59089310,0,0,20.0531419,0.042675896,0.042675896
0x37fD5Ad757C529a88F144d9D5F72dF8AE3083049,0,0,19.93799842,0.042430854,0.042430854
0xB87E0Cd193517B91364A04d510ac23c7C20a32b7,0,0,19.84394745,0.042230701,0.042230701
0xfDF7fb637a50192BC9016e6156babb3f9004EF9b,0,0,19.75209712,0.04203523,0.04203523
0x64f961EeC2ba222DCba8Fa354F03e27529b96F5B,0,0,19.21116015,0.040884041,0.040884041
0x006be8Ae03459bCd73DaEDA911dE34Bc98F387A5,0,0,18.90466856,0.040231784,0.040231784
0xF5647bEaBA520C2BD06eD77212E22aF093FE70E3,0,0,18.90052888,0.040222974,0.040222974
0x9c92C1ef6606396B8dE0D0620A4Dd37f7c0A7527,0,0,18.32866229,0.039005962,0.039005962
0x92CF1E3EE8b67Ee478C64706705Bdb4836146fc5,0,0,16.22693853,0.034533199,0.034533199
0x8dD3556019B0198Cc20e91BBa194DB2a0C92683a,0,0,15.03676859,0.03200035,0.03200035
0xFfF6b41a29881fC97bD6E8778529B1E37597d94a,0,0,12.85834128,0.027364352,0.027364352
0xB3C523b3c77414837C5ca605BE570FD9a04d531D,0,0,12.35527906,0.026293765,0.026293765
0xDb8935b2e0002E7927FB7a109f31E5f7F2E73f70,0,0,11.90537199,0.0253363,0.0253363
0x85AF33A8875e07524C8a220F5aB2922C69DEC15D,0,0,10.87976799,0.023153671,0.023153671
0xE83B9A1B9056B21a01b85162E77AD76a42A1c64B,0,0,10.289607,0.021897725,0.021897725
0xfe0D666e2B1A69d57475C4D516AF1fD47FD2173c,0,0,9.969048537,0.021215532,0.021215532
0x04C873241fe90e09CEaa93CDab3cC5C55ab863Cd,0,0,9.960783651,0.021197943,0.021197943
0xBf8aB1e63A9b883A6B5A396cb5A36138af6E020A,0,0,9.960136659,0.021196566,0.021196566
0x2c640AC98E293Daa246F98D2828E328A06FA6936,0,0,9.908971424,0.02108768,0.02108768
0x8a213bEf3fa155c26F14277A7a3b16DCE39772A0,0,0,9.889485661,0.021046211,0.021046211
0xa3a675a81191d1C0406C2e9075A2162424acFFbb,0,0,9.87193765,0.021008867,0.021008867
0x346D3581ccB117c09B6F4D34c576A4651bec99aD,0,0,7.968717907,0.016958548,0.016958548
0xa42aA9581D82E538E4c0966E9d88ED2090928219,0,0,7.913001883,0.016839977,0.016839977
0x3D1b6e6757cC0334f0b468F4c7C93b3B30859649,0,0,6.97249349,0.014838443,0.014838443
0x3560af9b737676483f8c8f2803Ee4F95368941fC,0,0,5.974878959,0.01271538,0.01271538
0xF61397E4b0FF46E78b34D5f72B49b4d46e8c96DD,0,0,4.98626511,0.010611471,0.010611471
0x2127AA7265D573Aa467f1D73554D17890b872E76,0,0,4.984899905,0.010608565,0.010608565
0xa768b6A093198Aab126F199AE9bcb234DDB62326,0,0,4.980308937,0.010598795,0.010598795
0x46aafAe06C3e1dF6Cd7Dd5898399BFdD178fFb01,0,0,4.806880857,0.010229716,0.010229716
0xB71Fb919489092f5262cc39235F1bD18F728Dd4B,0,0,4.777472761,0.010167131,0.010167131
0xc2fB773304Dbe9215Fa1ff1AAe87815f4f8A27ca,0,0,4.761124179,0.010132339,0.010132339
0xe69C2f976bdF4Eb965f4807C03eedF810Fe7C97A,0,0,2.988243413,0.006359401,0.006359401
0xcd950256f924a0Eadb6B705f7A43EDF1F67C92Fa,0,0,2.98619851,0.006355049,0.006355049
0x656ff4527625b80c1516414fd0F965e6d24Acbb8,0,0,2.690164548,0.005725047,0.005725047
0x87a78919AdC0A79303940418A9C35AD7A5F31561,0,0,1.998294905,0.004252652,0.004252652
0xE2C6a4a3A83399775BA104f16F94D2eAe905d409,0,0,1.998294905,0.004252652,0.004252652
0x9517DD3573A349AeCaba61b67fa22d74aB2E7460,0,0,1.977915514,0.004209281,0.004209281
0x3b486D3B5DedD0f87C6A58A2217CDC305Cd43a1b,0,0,1.740762878,0.003704587,0.003704587
0x4734e2F2d5C314DAd4ab38403B56dc0c48d2e5A4,0,0,1.651512486,0.00351465,0.00351465
0x89B123439A9FB0E03C028Ff57d8bc0fc444A7008,0,0,1,0.00212814,0.00212814
0xdB19555BE6b11dA29b4DBB8D977Db92fBED4407c,0,0,0.999448428,0.002126966,0.002126966
0x23a057A8289B8E636905cb9eE46b791Ab1AB5f63,0,0,0.992183898,0.002111506,0.002111506
0x21373fA7B22FF7492F1a1909f4e87706C1258dEA,0,0,0.929903068,0.001978964,0.001978964
0xD4b1a5c065C53D89fA2018f17aD6396DE87a390d,0,0,0.717961687,0.001527923,0.001527923
0xBfe09443556773958bae1699b786d8E9680B5571,0,0,0.627418189,0.001335234,0.001335234
0x03aD93E9F86e7D1AF7603D968db5898110091Fc8,0,0,0.562403193,0.001196873,0.001196873
0x010afb8548a5D1a3a3D62f58CA0a5A1329974206,0,0,0.49453491,0.00105244,0.00105244
0x212607B0B98e8b81CF7127858491f00a9aa9e382,0,0,0.493833957,0.001050948,0.001050948
0xC43c932Afd7046d2b608405B6edc0F4E03F990Ba,0,0,0.426935711,0.000908579,0.000908579
0xe2E0ce6A344E6E4f2811C430d1827Ff66c6417E9,0,0,0.119529829,0.000254376,0.000254376
0xa2326dE0F8209Eb1B11c85D015cb4e8812E01243,0,0,0.098718426,0.000210087,0.000210087
0xA64a287F973700388C631378067Ab8F01618514d,0,0,0.064790066,0.000137882,0.000137882
0xb9D8286cB05C873AEb564cd5Fe1338a38Fb3Bb39,0,0,0.057925499,0.000123274,0.000123274
0x5ecf70427aA12Cd0a2f155acbB7d29e7d15dc771,0,0,0.005021192,1.06858E-05,1.06858E-05
0x9fBD237a72292a475D6470b7bE99a9c237D28fdA,0,0,0.003725574,7.92854E-06,7.92854E-06
0xdCDc977e90Ad7980d8BbA4090dbB0EB70530B845,0,0,0.000902776,1.92123E-06,1.92123E-06
0x09949281E3247d8901Be507d32Ac8D8e12242a21,0,0,9.74421E-05,2.0737E-07,2.0737E-07
0x46b512b6546675024e09c286a3Ab38Ce21195F6f,0,0,9.59115E-05,2.04113E-07,2.04113E-07
0x793646171f7Fa0440429B3e8b25C2e12Cc397477,0,0,9.32868E-05,1.98527E-07,1.98527E-07
0x2c628914A9C4809C4A6AaBff889851444F64e457,0,0,8.95083E-05,1.90486E-07,1.90486E-07
0x2D5fb2F4ba7CF302028ED417c16f22A76b835a51,0,0,8.67514E-05,1.84619E-07,1.84619E-07
0x8EA8721F27eFcAaBB3901Ed6756505Ab873F15a7,0,0,8.62638E-05,1.83582E-07,1.83582E-07
0x941a95E58A293f1D8b5b43dFBdE07569ca96Bd90,0,0,8.55494E-05,1.82061E-07,1.82061E-07
0xb26B4A4BBA425aC28224cFDd45B4Bd00C886cC33,0,0,8.53262E-05,1.81586E-07,1.81586E-07
0x841D4Ff88010194DC7d4370E3Ae94bE1B4caa573,0,0,8.50666E-05,1.81034E-07,1.81034E-07
0x5Fc75cbbCdDf4398c5c2949a5736e299C1440576,0,0,8.13309E-05,1.73084E-07,1.73084E-07
0x90C341b5aF48Eb1777cDc2C985b547A8eb9Ea9da,0,0,7.88958E-05,1.67901E-07,1.67901E-07
0x73CB48Cf053B3C50Dd61B07d86617fDb8c070d25,0,0,7.83579E-05,1.66757E-07,1.66757E-07
0x9E0cb017C0E96b2fBc06Cd30B6F38f8E474e100A,0,0,7.7812E-05,1.65595E-07,1.65595E-07
0x680800F9e4A4bf3D61856beB12F58f0f62c99257,0,0,7.77298E-05,1.6542E-07,1.6542E-07
0x7989E741E0859b8C46475424c1a4A95D7F91Eea3,0,0,7.04064E-05,1.49835E-07,1.49835E-07
0xc19feA1B78A7E21E77B3160C10e69A3869A7b75A,0,0,6.89534E-05,1.46742E-07,1.46742E-07
0x789C552F1F3ac2FaA8fbD901CF4C3FD3b45C1A66,0,0,6.86871E-05,1.46176E-07,1.46176E-07
0xd949B19355f86cED38aAa7B58630404aC46e9B7b,0,0,6.66761E-05,1.41896E-07,1.41896E-07
0x29F4BC513421e123fd9A8cd4C159E40405eA02FE,0,0,6.44425E-05,1.37143E-07,1.37143E-07
0x5bb504E6f93E19C806d19083a8EC31d0D1e16856,0,0,6.43486E-05,1.36943E-07,1.36943E-07
0x2b734fa9B33CE0FaEbF93Ee0FAcA874b15BEB2cA,0,0,6.1197E-05,1.30236E-07,1.30236E-07
0x3F6459642Af95688BF01e34d73Bd34FD121e47b2,0,0,6.07498E-05,1.29284E-07,1.29284E-07
0xd362054D9703dE62c985222f40DD8b6b3Ce2D8DE,0,0,5.97258E-05,1.27105E-07,1.27105E-07
0x1CA8Ac289DcC10d24785091161890D76f6d54DD9,0,0,5.6086E-05,1.19359E-07,1.19359E-07
0x4BC0D1333D0a2ACa84c52a96C089798a1f41dbc3,0,0,5.25758E-05,1.11889E-07,1.11889E-07
0x0Dc7eB59fD19687cED582801dD89856fa13B8f41,0,0,5.22644E-05,1.11226E-07,1.11226E-07
0x9Cf3B9716eb5AC0B8c4e8915796ADB3f478aB0e9,0,0,4.92952E-05,1.04907E-07,1.04907E-07
0x9A8ab692a6D73242C74a727Ac7587aEda778B131,0,0,4.75976E-05,1.01294E-07,1.01294E-07
0x1758aC3FaB3C0Eaba6314e098e23bCcF456d33A2,0,0,4.61154E-05,9.81399E-08,9.81399E-08
0x7244B81B70Cd21Fb720e8E43E6491D9b87c1C23E,0,0,4.00244E-05,8.51776E-08,8.51776E-08
0xD10242803C5A2b8767Eb89D5360131A98021CB7D,0,0,3.75505E-05,7.99127E-08,7.99127E-08
0x8CbF96319b3C56d50a7C82EFb6d3c46bD6f889Ba,0,0,3.66626E-05,7.80232E-08,7.80232E-08
0x20Bfd85C389A85551A02C3feFDEb8B74402a79cA,0,0,3.29985E-05,7.02255E-08,7.02255E-08
0x0c404F55595ab844D519a084fF1B8cB36AAAD1d1,0,0,3.27594E-05,6.97166E-08,6.97166E-08
0x868CE7eF95E86a6D00E1c7876FfbD01dc5B719ad,0,0,3.0528E-05,6.49679E-08,6.49679E-08
0x968f1d35f721606d8079e42670b6D153CD4626F6,0,0,2.80792E-05,5.97566E-08,5.97566E-08
0xBd617f592d27cFCD015F6d554B2e83133b663182,0,0,2.71178E-05,5.77104E-08,5.77104E-08
0x71C38305448e21f9CA3ed8d89e8Ad38dd0ea244F,0,0,2.63761E-05,5.6132E-08,5.6132E-08
0x3D16451A4B73e778BFEC126025bA79716a17E32d,0,0,2.2354E-05,4.75724E-08,4.75724E-08
0x9a0E09d47c84F1Ac3800E9a0FB0D732CA1c3F6b3,0,0,1.76449E-05,3.75507E-08,3.75507E-08
0x3049CFDADC637212740b7061b2169E6e0311422E,0,0,1.64379E-05,3.49821E-08,3.49821E-08
0x100EF369bcbC42e47B712CC6E29eaF141F70443E,0,0,1.62852E-05,3.46572E-08,3.46572E-08
0xbD538A24BeE43033aDFD4EEee99003eFa31c31bc,0,0,8.3E-06,1.76636E-08,1.76636E-08
0x5EeDe1C45E4401d7D95E55446dAd71B511328534,0,0,5.53351E-06,1.17761E-08,1.17761E-08
0x6E9886aC892EC46A4CBb77E28B94Db4ddfc8Fb21,0,0,1.29177E-06,2.74907E-09,2.74907E-09
0xDF001929353D47Be8B50D84206910fAD4C64429f,0,0,1.16614E-06,2.48172E-09,2.48172E-09
0x763c823E2bdd66538C85736B1784031Fa4d993F6,0,0,6.90943E-09,1.47042E-11,1.47042E-11
0xD390Fc3C23AB8C8bD20416F1ABcaac05637AC501,0,0,6.83165E-10,1.45387E-12,1.45387E-12
0xD63946B12168E53c1E032492a3A24Ba96F8bF26c,0,0,2.023E-15,4.30523E-18,4.30523E-18
0x6669cb45a853426bE450C1b5612DA9Ad3A9787DE,0,0,1.1E-17,2.34095E-20,2.34095E-20
0xe5cd302Dd2b5Fff890b56b2aA5930142FED79290,0,0,0,0,0
0x35AaeeD1915C58BFE89a149614693C838e3332c1,0,0,0,0,0
0x230a587E9bf8A9811cd34713cD35D9dA78CD230a,0,0,0,0,0
0x504adE4e5E97312C299C98D001d3CdE93707908B,0,0,0,0,0
0x5cE676B01adf27DE6b7637b6DEe71f01a109A198,0,0,0,0,0
0x83bDA107714F3B698D91D1986452D68e212f0C76,0,0,0,0,0
0x6503f96C9296A87544ACb2602249f872373eDe73,0,0,0,0,0
0xd127BeB59983bf0729bCf4DCF872b78501BB56D1,0,0,0,0,0
0x8Bb4cAFdEE58590c9a172382aAd938DE1442d096,0,0,0,0,0
0x6299dbe5BE8ED5d5DF9Ff5a21B485c7da0cF3476,0,0,0,0,0
0xa7Db727D6f68C44F04b358233FA9399936ae5A08,0,0,0,0,0
0x7fBD1E4C9449C2443E0AD17537d77645bd23cC21,0,0,0,0,0
0x28B9667e89e8340b8cFacb35F85D18E2C81006D7,0,0,0,0,0
0x67922a9561423548A9CcFd67aD80d6c637C26bFe,0,0,0,0,0
0xC83d2035094E05D7a83BeA5f92480aBB3577228B,0,0,0,0,0
0x0Cd8a5bb673f484fd858769Aee9ed790B83b3E7c,0,0,0,0,0
0xE29555e804e414E295E2A059Fc49d002EC18F268,0,0,0,0,0
0x906FD0E86822A220010C0fAcaF302bc75577403b,0,0,0,0,0
0x7833635073E9e3Fbc1c07373883e04cc4F92D1B6,0,0,0,0,0
0x3B3E79AB083A8812421768174392d4f3e29e306a,0,0,0,0,0
0xF815a566E42b0D8ddD5D77f91409A7d9CeB10B92,0,0,0,0,0
0x422aCB80ca3fEe41D87C088ebC5659c7EB62Cf87,0,0,0,0,0
0x92Fb569f24da3C2E98F78DA7D7C464369ea30389,0,0,0,0,0
0x2f2B6FcD1050eF4f406f314897D08dF1c327DAb6,0,0,0,0,0
0x99E2f225a7631fd91f934CD7e8Ca6ffC93eb001D,0,0,0,0,0
,,,,,
,2917,4675.88,2197167.357,4675.88,9351.76