HolderAddress,Balance,PendingBalanceUpdate
0x1f0aa72b980d65518e88841ba1da075bd43fa933,1954618.239,No
0x84ef9d47a2b1cbfc2f011f886287ef44f08c80ab,246367.2218,No
0x7bfee91193d9df2ac0bfe90191d40f23c773c060,177329.3574,No
0x6994ba66fd6789044c4ad43786cc16840d099c8a,144035.431,No
0x60ed33735c9c29ec2c26b8ec734e36d5b6fa1eab,99231.29381,No
0x62c239f8f0999de6bbee0704bc888be30a248c0a,60214.52582,No
0x5e672fe3264ab1947177aaca2add08a537c31c75,52674.90169,No
0xdb9d281c3d29baa9587f5dac99dd982156913913,49665.50985,No
0x0c1fd8441c36b288ec0f77e12ca8ba27a27b28bf,49376.12505,No
0x4a39bed3f97ac8e4774b7407de7090e7a1050a69,37683.35895,No
0x2957dfa6c3cd17810e6f77fd9b14af1f27fdacc5,35589.61001,No
0xd98695e2fce07e908c9f523387b1b1f8eb9d41ec,35141.75608,No
0x33f844352144a9ddd91542b0adcd8ba0dd142e93,33578.34581,No
0x3f7c10cbbb1ea1046a80b738b9eaf3217410c7f6,26159.1395,No
0x9fba5259a1a4654212849e87cfdf5b28d5bbcb5e,25660.83003,No
0xe5465ced137ecf8c80bbf7a1e2f2bf457a12a466,24827.19376,No
0x1163e75d2bf3e0ffdb3602fbe0aba099d5c20e3c,20978.37139,No
0xd757f002d43dcb8db9a4e43a8350aa8cccdc4e4f,20360.13376,No
0xefb3141ff2cc4bacc32274560f67ce44a02b47a2,19208.54553,No
0xccc3ce05b1d1b4e4a72e2052b98b1de8e60593e8,18628.94952,No
0xe7793581460b2c5c088ae0d6465db6fcd33f3e43,17255.43503,No
0x156e6c5a2fac34bb2fcf2ac1bbaa0e75bde3ac4f,16220.91259,No
0x2c123fc5c27888571cd525e8ae9b0c5ff848386d,15161.53133,No
0x985116f8c174fe13325d36685424d1796cc11f51,14899.36393,No
0x64df7af696e0977771a0e1e1b1a8dd22ded3cf4b,13860.95893,No
0xbba31530cd8e112be845da468b72fbbfe739387a,12408.78798,No
0x4a32007040567190bed4fa6ff3f5a03c0d47c9d7,11488.30453,No
0xcc6a751a0e644b445984d74f176e9babf46b2a97,10111.22132,No
0xc0719b1040f7f8e904a6509f99335656c1d881ed,9997.657279,No
0x8f9be4310f9abb0e5843cc6363908c9b01dfeb3f,9969.430023,No
0x88512cfc901adb8e17a143310700d6c4bf036f6a,9884.530139,No
0xdac12b6ddbf055ee542f0ed460a32d1e9f361ca4,9874.195167,No
0xb2ac25160796b5e384edc1fd8f4479a020c1b53c,9370.551812,No
0x6c8e15ec8e35b6ffb246d60abca2ba81d4e247f4,8155.718028,No
0x6fcf9d80e2b597f4b3fa764b5626f573a9fc93d3,8078.534717,No
0xab2e11c99d8830d5d9b2494a565c974595e39eef,7766.914386,No
0xc338f8f06aa7bebbcc3660f096771d159db346cf,6396.253483,No
0x071d217637b6322a7faac6895a9eb00e529d3424,6111.476266,No
0xd52a4333bd8cc9ab3c77df19ded4900b7849a07d,5936.277503,No
0xce9332f4d44e9efccc64f88c9bd23e288c0ae5a2,5916.453359,No
0x59bdfb381ca2080d0d042903e776d3dcb548050a,5355.556075,No
0xdc7aa225964267c7e0efb35f4931426209e90312,5330.793375,No
0x6900c1f8e31b786ad9a85219d6d3fca20fedbd3f,4999.129432,No
0xc6b513084dcc71cc9814dc05acba0001d17d7512,4961.362143,No
0x1d5bedf6b017a282eb7446e86e7c2584e89ef466,4944.76657,No
0x3cf4e2f525c3e755c4aae97846379ef703252288,4776.696524,No
0x6186290b28d511bff971631c916244a9fc539cfe,4766.856555,No
0xa919538ceab5c64608945865835dbc10540feb1d,4421.365532,No
0x5c108a3889101991e47b7c9ab47dc7c5c6de583b,4295.943534,No
0x7a9a2ffa209c212e8c36e74fb209518e959f65db,4225.212141,No
0xa0cd89ebdd3c422925696bb1baefb6c3ed21d8f1,4073.51511,No
0xa7687975c0af79f9d821cd27fc01722a2ec0d8c3,4039.058446,No
0x9b68185aadeb867ded2cf16e0d798d2d6a63ea01,3952.804757,No
0x973efe3a49aa9257e2a5f1e7e866df7e5ee96d8e,3860.17062,No
0x4e8ffddb1403cf5306c6c7b31dc72ef5f44bc4f5,3677.771028,No
0xc144e32f2a0db6507fddfa630628b80468c05b75,3544.765566,No
0x5f8c61ddf6a4d971866c5923409293fc36a6041a,3146.404376,No
0x101addc07d63a6b35b199153252168ab9889dca1,3142.734307,No
0xc561c9b7035732b4ebdbae6ac43d6a293ab53896,3031.439602,No
0xe02c707c40c9184a5bf6c3ab1ca2609f32989822,3026.046517,No
0x581de43b0273915f61d015e394d2c6af1f9ce8e6,2941.27011,No
0x628cc4601166a44e5378717790c8da50de0cce9b,2927.641728,No
0xeff1c603739cc71025c23b49c4d661e6b3df8184,2794.56158,No
0xdbd30b8a960264a5d0af925666199320ae3e629d,2675.930624,No
0x708800fbf7a7e8e65b1d8bbf651c5c32019e7325,2658.673923,No
0x70c9666b338795ddab8f4bd67f580b1d9234b8dc,2600.562916,No
0x7a8b10716e2e473a541e9e990e711651425e5413,2572.810486,No
0x73719c0c85a430ab716bafc6a2a6768e40f7d334,2537.376597,No
0x13f8b0f7bc87921dba099c635bde74b26b9674fc,2507.8317,No
0x6ca0d65fe5c8700a5cc7a2c3bfe801111a1ded1a,2434.573526,No
0xc8728ae130381eb77fc9a8b715564b00e83e19df,2419.038946,No
0x7af4922fc22037d573e889201be7c38e42f22220,2350.191457,No
0x31849cbcd3ab8835455296ccdf77ad78af99196e,2194.896677,No
0x9b328488a8f0fa20628bb959769f0ba78de06466,2154.470929,No
0x41ade9a5803b4676917411dbb439d357965dbf46,2127.733397,No
0x10df55ee5d2977f952f3f264b9e8218d699b36b1,2124.176606,No
0x2d5f86cd294ca6c92189340eaeff41fc63dc66ef,2059.255514,No
0xab9786a5e330b50e44579132b8a3cf7c1c3a9517,2038.516115,No
0x8261f170d2d081e33ec95c23a0e05435b932b9fc,2021.954003,No
0x934dff4d5e1a5138d9863f38ab959b07046dba45,1995.249503,No
0x65c2433db1fb9e6eab8be06460d599b3ab645d58,1942.789634,No
0x552398406eaf406c6a9a52c7d7d3c601e588dc98,1911.449193,No
0xc4fe12630feffdb5ee72eddcbbb43b595407442f,1853.215897,No
0x0998460853abfa4d8ef6f2591aabeae4d060fb93,1843.845698,No
0xba96a2ba89ea249148ee599d2bbcd669de94d4b6,1820.853504,No
0x48a7bea12a800957113662d27468fd1c9e8d42aa,1818.120202,No
0x6d881ed51c6e660a44901a81be6363b68f5d8a37,1796.806442,No
0x579ea3f1e0617aa237e36c0501822b55be8d84ed,1696.28197,No
0x29e9315ddbb5c44717d64bd6c0550a692819413d,1678.677504,No
0x4177a5c0e2369f6830a4c3825afc8fb3dd47790d,1612.22392,No
0x1d4ddcb0e96d99f417919bc9c94b8348dc837a32,1602.696152,No
0xb910119f8b1838a95f9fbcf575e51e1e72469517,1582.453457,No
0x157dd18cf70815df7c25948ced9760aa61f6df17,1545.730849,No
0x2b62cb060e78500b482a02acc7a111b62d46e5a9,1535.933389,No
0x6b2d4ac2655c55712340d071d9bb030eb293e3e1,1523.344954,No
0x956f1ce3ff2ea59a8b41df83ce9f85ed59d73f92,1520.25095,No
0x6c78583d25a1bb5c39a87c7bde2ccc82870277a4,1465.804666,No
0xc976895017c81ac926478c26c347bbed202d0508,1414.863872,No
0x3fa9db8d720679e8e5213f6c5d88fab766058e20,1403.244537,No
0xc61b244fa2b83efe9ef91da7390ca5fc1cbb35b1,1362.753174,No
0x4dae5b5bf3dc068bdfec47b8b402aff28fe6707f,1357.538053,No
0x92cb71850aa43263ebaaa1e0ed3e78cb984915ff,1298.087792,No
0x288d3b021202293788d76f76947c74a65450374c,1291.661168,No
0x4958ce329ed1eb97e02c59cb847c692941081219,1290.109032,No
0x001900845643957d031ecdb3c5fd84ef08f6aaca,1224.396131,No
0x33caf1e780fc8a92247f42a220caeafde3b5d553,1200.665692,No
0x97131894a68066f467d81760fa71e851c9a8623b,1183.151862,No
0x0b6bf854cb7c816518a96317893e43ab219bd365,1179.619666,No
0x795f50722cf5ad82f78dda8dc8f7b235332977c3,1165.568709,No
0x25955561740ee18502b1a329a664c2cd77b23e48,1131.325336,No
0xdd3fb1acb6d176852e70aa736e9ef11ec6d2b251,1129.292744,No
0x8feebfa4ac7af314d90a0c17c3f91c800cfde44b,1019.559992,No
0x13cb2a37ce9b30f1ba27f527347dc636e33272d7,1010.192253,No
0x3172aee5e0b47bb23e87db93327f58e06e6a73b6,1002.949178,No
0x0604e36672dcc192c4880dfc7fe8b39ac8e3542a,1000,No
0xb1f56a37738c16d150c9aaa5441f056e65f4fbd6,997.5611799,No
0xfaca00c761491e853f9336f378d903d87b77b68d,996.9275904,No
0x7bb85b553c04cf2dfcbbdac998ea3621e17236c3,995.9396796,No
0x2b95890732184b1017cf61cd92b0e42cb8b3ca17,992.3110684,No
0x0bd93eb28097cc848649d8d4cb429536fc448b30,985.7259703,No
0xafae1e9ecd3a355b93960402e875b886f718c55e,968.1708227,No
0x2a08fecb8ac932cb7d3f6a3a0e434a4b9968dd56,966.3306943,No
0x59f76c18a614085e16a0b9e8455b8999f76b0dca,956.9841819,No
0xca247f64ed79b76b2555971b9eea802c68d1db2b,935.8707005,No
0x60c4ae0ee854a20ea7796a9678090767679b30fc,908.6559234,No
0x6b0ab64ba82dab64130fcd7dc1e2f803f7aef730,900.7278039,No
0x11f11dafde2ed523cd935184dd28876ce52f1652,887.3541327,No
0x6b3be6c88c8875168c694e57e62d1de554ee6902,825.9387765,No
0x2717c5753df40110905921d77a64c921e1467221,810.9357434,No
0x77427023e70cafd983dabaf3488d8d83ecb15b96,806.7141795,No
0xae5b56ca47e84b6c749e0454680c4161b9da9790,781.6668735,No
0xa9bea5c0c25e4d02d56cbfe9a7564c3ccf599617,780.0659609,No
0x968fea58d680060ca1c547884ee40a02a8b53c23,764.3352988,No
0x65f80893c4f177882281f654c386e058f8e10df4,763.0525812,No
0x6c3f5990c0b31e17fc5c9f728819eac14d6f3926,758.9422774,No
0xcf3c8e131ae0838d973bd0711e34f3199cfd2949,756.8576743,No
0x4572581fc62d4477b9e11bb65ea8a1c306cbba3d,755.9910713,No
0x639e82fdc52b3e6e5dca32ada7d73270e21903a8,733.7648866,No
0xdeba9a360c9da03e5fb30d617b6d28426e3c7fc6,730.6340916,No
0x1b51a36bb32ba6303e76aac15ef2058d362a59f9,726.843031,No
0xe6374801ac57d72ae89e2bf56c7bdb61fca90c30,725.5000532,No
0x3e35faae5fb365cad9fa38e54784b98567a6d765,725.1667186,No
0x68deb97e36275fe189f4d9db80e53aa96b17a04c,723.8983669,No
0xd95efda6a57aea121d2efcc4dc0f14a93d5502aa,720.1665699,No
0x0327d97fe559fb16b3c63d90927487186219283e,718.5737619,No
0xc9e3ff1da87f942a54e91e83cef6dbe97af98a38,701.6838621,No
0x7fa3715bfffce74a55d0feca8f5e14cbefd4c412,679.4511578,No
0xbfbd59c39f83068ebe8ef181b927b85400222292,671.4705788,No
0x84820de436c3acc9412e43ffe571737113718269,670.1780233,No
0x17103203eb867da8f0d5545cba3894e743c33a06,662.6307184,No
0xdc25324b8186de47a976191a54ea0366428af632,660.2581476,No
0xc87e3788764823ceddd132ca2e697767de5ed4de,658.5754456,No
0xedd0d71f2b7703e1642ea83d8a6f9790acda1fda,648.3155417,No
0xad6034c145530682ed7643478b6678e2e2bbaad6,642.854067,No
0x24970b51dd29dc2dfa264cd51c41998c68e3d7e6,642.519336,No
0x1f751b1da0e87b6372d7be92106b6239fa7efc60,642.2231175,No
0xd390fc3c23ab8c8bd20416f1abcaac05637ac501,640.0758084,No
0x4cd3210ce0e7aef75ecff5475b75034dc328b1d4,639.8530761,No
0x475476708ae9d5ee62b0e977aa37d4dd16281926,636.4574756,No
0x46077ac2f9f1c76c075b5964e4dcc02ef441c8eb,619.5567524,No
0xceec48581b3145a575508719f45da07dc57fa7ce,617.4903704,No
0x7821f46f652d5485d6e4fe3b66f30da3351fc6f7,614.1047926,No
0x9702235d4999201f3ab13226232942593e84b576,612.5627873,No
0x7a1979a89c39e64b4c2dc6fd87f4f719ae96a0ec,607.1754211,No
0xbe1505483148122424cd67aa7f956362ee5e3f47,581.9006042,No
0xbed58fa67bd966a40460b42f065dcccb0fd4fe4f,573.8558691,No
0x71a0adb369da76e300a9ec9f6e1ffcba6e185182,572.1306931,No
0xbe19c6549874591367f0e1f91ec8aca01ae7b2af,571.1497687,No
0x870dc279570833a8c5a72fc7972681db9a96cfb7,565.5210079,No
0xda9890c4d573fe27f79c0665ae7e740c6a11412f,551.5666403,No
0xa5ba6ae9cdf56761be100a33de63363660ef744a,544.6010008,No
0xbc5e6cf484d1317ee285a1a441149657fa424a7d,542.5873006,No
0x34ec9c1d89ce8afa701d079fd908fca95f49667a,532.8240261,No
0x481a2be12532d5cd1295239557168d01c5d09708,510.0075914,No
0xda5d339742caac045b625a5dbe240162932f2c10,506.4847023,No
0x04e60c358da4d51db8c7be369b94039af465adff,497.5777032,No
0xf5fe364d18f4a5a53badce9a046ba74cfc97f6fb,496.1632522,No
0x335d81bde46e127228b1e6a767b9a5a764bfcbde,493.8627815,No
0x303f68639795a93778a205b8c050bd1d1136cb95,492.7494512,No
0xde46215e67d35972f4c880d59969dd08a4c9fa28,488.5453508,No
0x4bc0d1333d0a2aca84c52a96c089798a1f41dbc3,487.5212918,No
0xdbd7744f7defbcffc0a327ae289ad6345861c467,479.8136854,No
0x9730299b10a30bdbaf81815c99b4657c685314ab,476.3830751,No
0xdba64f019c92649cf645d598322ae1ae2318e55b,474.646503,No
0xae35f25d082b33db3d3a8d37f41e12ff2f979071,469.3865319,No
0xae8e6cd806ab8c593984ba275b4a2e45b27986eb,465.258619,No
0xc81f4ef4fbb4fb8e7b92c99bb20e8afd5d32d50f,454.5714496,No
0x44a529f72c9f5888c69e0f4a2614d91fd289af7a,453.3384812,No
0xe9af007819204ae349808a8c12c2c5134c6a1f33,450.1659673,No
0xf5be11915496f1f4ebe822943a537ba396a88ee2,445.5332527,No
0xd4921407422a3e64f6ae78a0c38221a1119c8b7c,435.9590215,No
0xd1d7eb1d3cfe65d5597f8185e76353ddeea5199c,432.7530056,No
0x5642111a57c82f2f50716c397eff0eefc25a2501,426.0922129,No
0x22da1eedebc60c1b8c3a0c48f5c81bbe2b943dd9,425.3690081,No
0xfcee120094854fbfdc98ce8a80b8057bdeb928a7,416.8058737,No
0x3d2b23962ebcc882f9f65452658bbba9fa72d170,408.7169652,No
0xd281f988242c900d67ff2aafabe683b8004ee778,405.3573618,No
0x0545a605a6b0c42bb5bd01f918e17d7347095acc,401.9286145,No
0x64ed2d64912e45d004a64b0f9f3d759533c395e8,401.7825769,No
0xc3ee951d510aab239a5baf329086dd10a6a80629,399.305951,No
0xfe3f16b1cb7ce908b5386f6643a691526d2a0a84,394.6660072,No
0x29a4a663c6b44e4a9b49a429ef09bf3ed3fbf9f3,393.862752,No
0xdd0d9308906a83572a0dbe6c0e77b43c8913d013,392.6338433,No
0x518a8463ffff4435431d889e507fa1a9e1c34502,378.1911448,No
0x0d03fd0320d95e5e579e5567abd7b1ffd18cc0a4,374.3480206,No
0x7f63921d9fac69a6824dd3ef5fb8e1a89fcc984d,363.3356464,No
0xd98b668744767ae6e9f437c0a09c4e414e05f832,360.9661469,No
0x9720bb804aca0a01bff95af749b34eca59ed5fb4,346.1752884,No
0x49d2ee9822027e4596f9cca57c1b52285b1e938d,344.8046833,No
0xb19bc46c52a1352a071fe2389503b6fe1abd50ff,329.4043658,No
0xae53c04d9bccc1198167e538782805546f851603,325.1545495,No
0x442e783df75df94aaa3d88136528810c06dabae5,323.6044151,No
0x38daea6f17e4308b0da9647db9ca6d84a3a7e195,321.6751312,No
0x4faf6d6819a7f9085ba6587b867ec6ac20ac6641,319.4678812,No
0x0464349e7012a83c965d672e9eca3896a1260624,317.8048704,No
0xc0fca04ff8721462c53d848610818b25427b5b29,315.0410425,No
0x7da08fba7a69c67c0d06fd433af0c53f9c75cee8,314.5318274,No
0x3dd1b656fcc459cc4cf203b53aaabf8c85181f1d,314.3566863,No
0xc0893fa01108f50fa2a04e2ccee815376ec56233,309.5878709,No
0x4d64152d23260f399af956c6a777740cfc263d1c,299.180799,No
0x262336fd3eda533826aa4c92c9f23563f9f90693,299.0746829,No
0xddf86597aff5c826643bced8ef0b84b10a2847ab,296.5294,No
0xd8db8f3369efafb47175e9078b83d6c4f724bd5d,296.4919973,No
0x3bac1185ce631d2aff051c4894beaf4071be1993,296.1579324,No
0x67b4f300e6623dbe6f0358a87b16727781df2160,293.7244276,No
0x94046b4000fefc937f9ae219e2d92bf44a36393e,290.0872145,No
0xcbef46a7cbe1f46a94ab77501eaa32596ab3c538,290.0110094,No
0x63eb17f24fdf1a9e286831fe21acf72c975e88fe,286.707121,No
0x98de69fc87790bf9679e5b781a03e6821f3d2f75,285.8808818,No
0x4f086538ea410fe7ad1fd369e586cf39dcca024d,285.1118178,No
0xaf777f6ff15de8d50527208d8cbd36576b213f97,282.1925452,No
0x507f0f88f638aa8a9b26a954a1e0ab680f663d4a,280.8297909,No
0x77f379c6edee12340a4ea062d3bc571417e2b2aa,280.7497873,No
0x0f7c548c3c100e1ad6a1f092d95884cc4dcef4bb,280.0546821,No
0xde312cc0910eb6b6a30e9ee0c9c4a08c40cd2265,279.1229144,No
0xe7dcf2b7bb30c638c67c3c2a6f3bb18335570b92,278.4869431,No
0xc3fd1227da579220afeb28b400dacc4ad6523c7c,271.6207671,No
0x78e70c3fba6c44c562e50c8fec9b1871cb1a3f8d,264.4183201,No
0xba5589313ee771863f923aaede36027901364aa7,259.18771,No
0xa166b7be23a1b3a0b78ade3da22b94338050934f,251.7791941,No
0x2faf55a544c5f73666438bc185aecc9d685e6e3c,250.6097973,No
0xf8f94c0733a28919dcfa6c52668c688234359d88,249.5034387,No
0x23554ea86b2a86111f8a2d3a65c0b1d39ec0c9b8,247.2675338,No
0x19223782ad6556b0de843156e968270e32a5c10c,247.0543223,No
0x002d2715b179d0db3e17cc28317a98f2f65e6884,244.596257,No
0xa49e4b4d21fd95aa309b9bf3a4550aff55a28786,241.5615865,No
0x192b5014cbce8d4e38f9117021e858bc15adac1e,240.2439759,No
0x1fb9a4d95f9271ccaa758e1f51ead80dc117080a,239.1956358,No
0x54c053f4127b6ba19bacdd7bbf45646d95cae49b,234.637198,No
0xbad81e37c8d4657672e4ae61ba5a49084dc5949e,231.941116,No
0x2df3785d05a39a6e9d61100f79380dab380240a3,229.7841712,No
0x83febcf72458393a3957cc9793a9f04ff59a3d45,229.5136415,No
0x17c329410827c44773143be72cf0eaf54dbd59d1,228.6879521,No
0x139267b135942416e1d2d9cb8e67b8a4ff213557,226.5459816,No
0x3a631b481a1b225e32d20c28bb531587e9f32da0,223.0929295,No
0xa4c34d2417818f5c9c3519164ab9658989624e05,220.4178125,No
0xc5c60f47f3cb3a335474eeb69009d611c040b7a6,218.7921861,No
0x935361eb81ffe4eef326902ac37e8aba82edf403,212.7458392,No
0xb86737f3b14de6eb7970e2d440b0ad91cb008133,210.3460391,No
0xa5db108658794763ea82e7c4643e0e38b13578fe,208.1533019,No
0x0ba08ce2e477c8874f162e8aa87deb41357eabc1,207.1902907,No
0x7bcec44c7486143ee875103de66006047cae8df7,203.7299295,No
0x995b14dadc423c93c816d3a96d392a0a3f203304,201.5299297,No
0xa915023b3ed1e00e078789e63de079b4d6dcc348,200.4539516,No
0xb93aeb0e49f3c9e1f8ddb96460e44d478ca1c505,200.0000293,No
0xedfb6cd3069fe177c1cbe63c066cae12d754d124,199.3873214,No
0x348914e7a022a6dea361ed32e2555db258d3cfbd,197.9901881,No
0x1c190aea1409ac9036ed45e829de2018002ac3d7,197.6942173,No
0x9df0b9794b7fe8ab2a1e075e72472b490e7e18fe,193.9017665,No
0x9daf567d017d577a5f35f8caf72b64b323ebb44a,191.2276818,No
0x512a519a8c6b35b6af39c3a6d219c56ab380da13,186.3281071,No
0xfa3ce52c15f19f363833b2983340325000a4636c,185.5485861,No
0x10e11e6443904faf15cdb944f3e99c321ccc6199,183.2922886,No
0x61477eaa5e33400acc353390ca001be0eb706eb4,179.900717,No
0x44a3fa3c92f1421592ceceb4d717907a217ebc62,178.6962169,No
0x9e3e4f6535c7d20853a271f4f45a81fded8c7daa,175.9286439,No
0x78b3367b0f547cd16bac453f788956afce92447b,174.7251547,No
0xa709f9904a4e3cf50816609834175446c2246577,173.8989907,No
0xce8fc6755efcaf7f85c28901bca4f4b936591542,171.7948492,No
0xb9301c0001065de513aa0cf1baea9efb58a2e775,168.0660181,No
0x3e05fc835a92fa1ad481c623d1f5097bfd55bb18,163.6456828,No
0xe73b5632ee888fdc43c1e95885d746ffcef07b16,160.0397512,No
0xcdab759a1d97c166de67f2826b1ef276b04a31c2,159.8496603,No
0x697203445b51cc43664eeb8d87db3117425b3f52,159.5246481,No
0xa23b4bc39070fdb30779f3e587b720fefef328ec,159.3715321,No
0x65d7624883ac2a33855aae52969b5bd80eb4bf4c,158.6024236,No
0xe7dabc911f5a7250872da534a3ea5dfbafbbaed4,158.3721223,No
0x8930360f12530e92b5c67f736b4b59d2cbf840f0,158.3704487,No
0x8886dca35291f05ed5d8e21f083998ea8dceb50f,155.5125438,No
0x9023efed128bd40917547722db12c396af044b50,155.4517869,No
0xcef5aa3dfce54388f477d0f6b6428729368f17c9,155.3698379,No
0x585e184dc84968f83e5702659e7e4546545979c0,152.2221478,No
0x00987cbce7014389197f9d5468dab5a8facffee0,151.7356507,No
0x7af3e669ebc7e6be1a6c4bd6f6f8981b2f1b9032,148.6408186,No
0x7ceb9f8ceb7f6ffba4897a72883c4a9c0a241eb5,146.4987263,No
0xefbc59a62d3cdb3cc8b9395b8e7010f59e5e01bb,144.7231183,No
0x50bb11d2e4d4b0a7a4bb9e611ba0ec8b0c4c4a1c,143.0722678,No
0xbd6b15b9ba9224e0993dc8371cc705218076a188,142.8895763,No
0xfefd7e49fd2ba5a3449d952fe883355bdad33db5,141.7476164,No
0x89a1145fccac1a2a9350ec1a4a486e4458d26274,140.8537372,No
0xb2ead8bb7446cc130c3c515fae31c1865ed66aaf,139.6062305,No
0x2a254c18f8e1794b05bea298ae27126df160b9e0,138.0042417,No
0x0839f5c6cd90fdf95de496d0196c1e6016954c94,135.9503488,No
0x0014c642ebee2273d3790a485e4cf7674c34d886,133.7145815,No
0x2bd0c9219cedeee318480cc8419941ac36e16c98,133.499332,No
0x463c31d1b752d39fd205fbaa4cbba6a8541aeffa,129.6034186,No
0x44a6a4782f93cc56e2052205ceb0d1295dafc0c5,128.4042063,No
0x0bde4dd33a4ffa7e0a45eb81d440fc61ac39d0c3,128.1059278,No
0x6bbaf3ca8e5e2f4ea00fc602cec9c174c3f9956c,128.0690268,No
0x0bb75bef057da63a0ae4b25fe9adafd35cd92b87,126.7815712,No
0x034961ef5fd3f25dbb91440ad3ce0a119e875847,125.5652191,No
0xa865ff51d15dcac4973f73e13a8656ac3e748720,123.9645806,No
0x78bfa2a0241804733c58091d431b5a840d9d6f73,123.8838135,No
0xf623146b3ee93bc86a626732ff177f8470ffe9cc,121.515211,No
0xc5afc3a0f462c5a387393421b6a253204a3be8d2,120,No
0xc4e2cbb8d0b71a1621af3416eff2ed8c2999b4af,119.6639139,No
0x551d3a37e1613e8b21f2ad613a01bf97ec2d2389,118.3525275,No
0xb9c2cd6bc7291297377e32b9c40c20fba3c49352,118.1979379,No
0x0883090da1afecbd88cd18e5df1a671a13ca8f77,117.9489361,No
0xa81f1d717712f340bff0c3491f15c003f18082a8,117.9021983,No
0x8351769502d43205668d6cde2b83b362122f5f4a,117.6297746,No
0x526fd056069dcf7b5c487af4fa2b6ecc846e9152,116.0355434,No
0x686ef78d56f8c25d101acd3b515fbf07597a6884,114.4443116,No
0x087e1c7ad9f3a0f6a9b3a3ed0d9b73e89c155d1a,113.7127895,No
0x4929f4d38f2955649b5aa34343da04cf790b9d92,110.2683857,No
0xa787a7aab2fd70ae018f1458894f104138733958,109.0151893,No
0x03b3fd15405225146cc87f51f35c194e3c8ae590,105.8105817,No
0xcd8b301ed7ad1b3ad31c144023d75b1b8a5021fb,103.6213655,No
0x521866351b73eae5acb8962469526b38cbe47372,102.5444837,No
0xc99333906d6d3a854f819617f6ef48870ae78435,101.8385762,No
0xf977516d80205560ee3810a2241edddc4fde8d2d,101.4634327,No
0xd04f7a558d972dd15fe44aa18266259dfe4cc52c,100.9854809,No
0x5477729b43a0a9bea8c41367c62e7864123b57d8,100.8764496,No
0x1960fcf4f922267851bd217c575b71f6f1332580,100.7631106,No
0xaa983fe498c300094b708c3b48dede9bd91a0183,100.7089389,No
0xef4a6681fbfa02b677b4e09b595ff94d8d794c6d,100.3047556,No
0x5a010c2f9182c03a2247b2daa9fe5033b727a06a,100.2034632,No
0x172d7a92660006ebecb125c712fa0fe9dd53e106,99.9448428,No
0xaceb122f86eb1aabdfc9f9149c9011df537f83ca,99.77261362,No
0x59cad07cef1e55d861fb106fcc95afbeff29b06b,99.70474645,No
0xfb91a0d6dff39f19d0ea9c988ad8dfb93244c40b,99.69133685,No
0x7909759b82eb27ab3cc886c5f3fce3a72a565b39,99.69133685,No
0x203e487561135682397e48ab2973b2d3c28c4633,99.54690354,No
0x2fa37cb96c19e9b1f9ad060aed00c0cfc727ae39,99.38538418,No
0x9eb39d6694fe7cd61be2db9791c1bde45abe15c9,98.89296321,No
0xff409f636a82cc1bdac186afc247632b7c8bb5f2,98.72555503,No
0xfd9e173edb21bef255d774c7b51314f92e9f31f9,98.59152485,No
0x5da5f4c020f856abdb168fd35c957d6006ba2ede,98.58485198,No
0x8c3fdd55e928e5d6499388d6a7767e05782d642a,98.54669028,No
0x1cbd483cda3aeadcc668be6e1252b01bf3824411,98.24695184,No
0x5ba7c72f7f3eab017110a1d5ed3739c815d43845,97.93372786,No
0x445ba6f9f553872fa9cdc14f5c0639365b39c140,96.95406926,No
0xda4d4520f337088ab2a5868eaf378a7dada42127,96.7549813,No
0x589f2cf9f10cc216d4e57774b54fbbac4461b079,96.43635553,No
0x6b6f5e6a8167d72ac8951ac89e9d490a63912945,95.78203652,No
0x4d39a1758e3f5008123f81d4c1d2fbaa6ee27aae,95.70182556,No
0xe905017ac1998d7524f6d16b9137eca888bf11d7,94.76539394,No
0x60a6d0d70046bad24c50d93db91218987c265d86,94.27731779,No
0x6facc0aa7783b18af871a1388d5e516e1f249df9,92.3063117,No
0x74859a58128b6ae611ecfce7d7e879cd377e4b6e,90.33435806,No
0xad549c7fcf1bd3e57bca464d9dce0a0d561599d1,89.81882134,No
0x54966ba0bef2e7ac9e3fd83c7e44c5fd47b4d8e9,89.06891792,No
0xde670a7b89b532d788bcd1cb27513a8e1b016793,89.01903092,No
0xdd8a1300d7802a1d00f4da440bc0306d8ee77701,88.70817022,No
0xf48fb2676746809d59a4753767d0cf391d072620,88.02778344,No
0x1d968ee3e3a5cbb4a08ae313e2e1bf4ea53cb0f1,85.96458782,No
0x28e5ec4dc91de2e54718b30d3b4b185e81b6a78c,85.21185882,No
0xb07cc36fa7d15fe4eeb90e301f200c93b4f4e732,84.89505398,No
0x3ecf2b1d634269cf0820a0f4cee46db24fb8e87d,84.6997039,No
0xfba3db1f52fcdcf93f23b16650c5b2443ac38763,84.42864264,No
0xb8147ab14838b7b97eebef0c99e68707f7e98ff2,84.34620396,No
0xab7559304ead66d8ca0bc1e0365b6d1ae89c9077,84.0900309,No
0x32991098b0576ca339b9340e72c4ccc92cdf7ace,80.26399682,No
0xc31372db84e456193e72a162928539c8f5999ff6,80.00007991,No
0x10f22cf62cb5a88e86f844dd21674f757057c30c,79.75089226,No
0x9b85ba0fc6d69e3965cefc60e6eded1034856233,79.71875742,No
0x7a66b404f34b389c8252715f9e86a8ca76174ab2,79.23007602,No
0x45ff65bbff2865e254e9297a26924e8028032296,78.89762297,No
0x83111e1888c1e49e8703e248edeaa34ef868a1de,78.86650168,No
0x498a885d671eb3c4d17df8f868768e928b29cbda,78.85146984,No
0xa4eaa59ea27a22d5e1b5d0a048991634de3ba14e,78.12691047,No
0x6d9326582389931cfd5096c1962567c0c9023372,77.30404914,No
0xe1690f5153ad0bbc683964aa81645c49b3cf6567,76.27669764,No
0x6ab1f37e72cc01968e321730e64ad0fd6e70dd45,75.39665348,No
0xa59e113fbef3b4129baef6b5355dff683851afa7,75.2685234,No
0x24435da3acbae0532b2fb12839a938a78b32911c,73.84368641,No
0xa045622d9e30bf5f9a510089463f759773927308,72.22267034,No
0x8cb64bfa876a8f73a69d40e978d49ad8a9cb03b0,71.58191096,No
0x7cc1a622fecead4a1c9939031a262858bbcab0ed,70.05777677,No
0x3a74559bb28cf3cd19bd5c2dd0ca91e1682c7a94,68.23048289,No
0x7d3e4e3b30572b3a0b28b2b8cc9fddd2bd77cd5d,67.46699225,No
0xe6e252497ba00582a639337556ca752fbd042427,67.19261449,No
0x1a3a26b655304c6635974eb444befbea11ecc860,66.95959412,No
0xf85e13c32734ea54ec31be5c9b3e6ed0ae40cbad,66.70929088,No
0xb369b72ccfec74d757e7f6a3c03925a910474c08,66.18190415,No
0xa839199ac9ae19b15265659e45c60b67bca1b477,66.05554855,No
0x667a91c86b8b42adc991dd53df6dfb430de647a8,65.3806358,No
0xaad8f4b64edda413ab113fdb475be706e2503478,65.28631438,No
0xa27f63ae40c30096d64e542e2a8e0226f7acf026,64.36668075,No
0xcd8eddd0a27047d53d65f23d483a8a169d54526b,63.25523514,No
0x2bd7716ce2c43b9c0d58982f5bac67633bf2e7dc,60.28402691,No
0x9460e4b67c52cfc16e02a7ddf8279b4920a592be,60.19451125,No
0x02b0e4534f278b3cabd0d0b4253bbf1a2934347a,59.53498793,No
0x1b6242eff17df6e785dbab2451d061796e7e1f3c,59.15056478,No
0xfd7ed0d4ee313cdeee766886ab873583f1f3c697,59.12719521,No
0xb50f74390506fb87b7847e6f6e562db9c7f741ae,57.73178353,No
0x58a4799f6973ea5ace27735e3cbdee198dedd957,57.48803351,No
0x606233fddcbdd318de540395536e03708738cea8,56.85961147,No
0x4edf18ef30760e5d6500b789c9ed37d5cd6b2264,56.55275509,No
0x4b0cc475772bf86e0115438e6efaea11e99a9cd5,56.52429798,No
0x6d3a2a29b620039e0d6d07ba43a1feaeb34f5ae3,54.42943136,No
0x1d86709a5ce724d88f94175591bf6ce11ba39476,54.32289118,No
0x0b81ac392fddf9d9cdebf238757df5e834a8afe2,53.83110652,No
0xf3080047c88f0561b310dfa4e79592f277e13b26,52.85616046,No
0x72f412c983d8bbfb8d3896e31b470a03c47de953,52.49407058,No
0x1aa98720cb03fee96a17cc17919a021de143887e,51.99926755,No
0x249880a80769b060a9caaaadd2cff1c2f9072150,51.82622208,No
0x540c19f52919644007b3d5456de3deb07a328443,51.77076268,No
0x007de57773b6eb4ebbf6a740dfde1efdd5629630,51.16452555,No
0xb5d44f5477ad8a2624dba702562ac894c0833ab5,51.08390163,No
0xbd2402d96474493badc395c3db061a71b3f0ceb7,50.91767116,No
0xf47462597741c21032e36f6299422818ee67615b,50.72033671,No
0x147695813ef21fc2999cb7a145ffd9554146f721,50.61662609,No
0x11cf16447f9312b4ffd1c99c4390df04cc8e33ac,50.53353865,No
0x7a835de7bf1c771d5042084dc37e3ef7c4ea041a,50.33200779,No
0xd56521149b9227592ca9db7f11d8a3400d840bf6,50.07919956,No
0x4bb06cea430c2765cdb299f45abadf04d5a1e476,49.99866247,No
0xe73c22afa04271bd351ed38981f364c2bb4c978b,49.86895256,No
0xd952fb344ddacc0c0e8c23cc686c10d5dda11a97,49.86151987,No
0x4c1fd4e71e38bdae5cc0dbce263dbb6be018b6cb,49.85376858,No
0x9c48c80064975c01d5e4b7ed528ac1d124355caf,49.85223826,No
0x237f1cb9c39ff08d7c3127749cd82e2967fb38bb,49.80747257,No
0xae5499976ffd3e58be47bdd51c787a5201d957f4,49.55965197,No
0xf6cac2bf40a8c6dd6052b443627a24a86a75f674,49.44845317,No
0xbe9e265c78a22e31d6a41fc2710d9590ed2d5a96,49.35841239,No
0x3a1107791c06c8ef185b67bb4d7d0293b6f18e8e,49.26658602,No
0x0d1ca080bd4de2f49c69760a1df33822906b42f7,49.04086762,No
0x73d3094a0e3bb458415f7c7e630cb662193c2b65,49.01510545,No
0x103fd682da21ac6c6d600db095975ebacef81306,48.61331075,No
0x2a269e12bc247c3e57230a39c2e40ae7d78676c5,48.40993675,No
0xc91d3e85c0ee10650118399551e4b98f089f66b5,48.28268754,No
0xc1c1d9b640a87a38b0c6dcaa045c747676d0e8e8,47.9993698,No
0x2b794a9248e3138fc52999a3361c69e69e243cea,47.60169412,No
0x8f1b05c88ac014fe03ddc597f29a038f76eadf0c,47.36847044,No
0x99c2880092d24eba9ef37e96ecf1b36e6c9278cd,47.10183245,No
0xbee23be9fe64364273422108c32f3353474c033b,47.01770812,No
0x31426feb31a80bdf5ebf7150ddb1e437a3d2346f,46.84052543,No
0xf3b8a195cf1744cfc1225b9dffd4dfa1d0f6c421,46.14287192,No
0xacf87623ce89e5b0976d137406d77b271f31c422,44.93403632,No
0xe578c3072aff1cc6b44f1b46ad885dd070a52dd4,44.31995658,No
0xb7d1fea82f881cac4720a78afda125b33a02185c,43.90747321,No
0xa916ecb229682bf15483b3bf1a05eb0c17766c73,43.8441219,No
0x1affe9044f09ab85dce37d3736ab1343fe9e95b4,43.71815825,No
0xc6d84b7333ccf2db3362f5acd944da2dcc304d06,43.41594529,No
0x4ad9d5d0c75542795c5b92ebf34f63a52464a5b9,41.38144831,No
0x4147b694992590807750044c41ca5c52183bc147,41.32999244,No
0xb60dd5f030b68beb38fea0c414771acda899fcaf,40.43840961,No
0xa32f37be0c7d84984c04f38122698e68935af8a2,40.27935683,No
0x0a097a28a9ecdef27380bed164eedca0561accfd,40.25128437,No
0xaf02c5cf50b5aeedacd009b69838c6e33f2dd358,39.98090308,No
0xa930042ed3c445cdde4566751f304a0bb25db33a,39.84358953,No
0xec503c9fac9ccc823ab7f7cebe8953d7ee4cc5ac,39.7555751,No
0xec13489d022102dde8234d8c22b25b0bed2e7b54,39.60430894,No
0xe44ecbc6891defd242ed947f9cf41864c7c090e4,39.58103435,No
0x46c207d1a45ee6f56f09dd61e6b17cc640615522,39.21678248,No
0x3d918cb136d872ae8115aaa39bbfe63b8d7a3f79,38.74464177,No
0x8d9cb774f51345469e3c439f6e16e6bc2cbce8b9,37.77104057,No
0xb7ad24ef67e01c5a353477abf81e867cab48a132,37.26437723,No
0x6ac56589da6de2e5646b6726aed3d10e22ac11f3,36.86182753,No
0x29fff108df5d5c3a67d221ac17549ca76ac68c14,36.68263078,No
0x15252f0327d916be16b4fe23a6e846c223fe9cde,35.64832968,No
0xbb5b9e70345e2679c73373758694ece96c550612,35.21069615,No
0x495def9bf5ca8b6b855784a65cf1e7c27081beea,34.89050274,No
0x46ede9657f86f9a9407281e1ce20c7f3c81ecaca,34.85013799,No
0x3a6202e0d4a7af1e022b5ac6f2c58fb429bc5808,34.53968577,No
0x5c76c15a73f4c45ce64ad6871e91f487301f0d33,34.49186986,No
0x382c43a7a2c6ae8ad61f2cee028ac9bd8a8db757,34.40868489,No
0xcbc61fec68d43c788cf75e6fb150fd5012eb82b7,33.16160768,No
0x87926c74bbc16d963ad7823c4c27e3592836aa3c,33.14948977,No
0x7e2dd4b6d8483a4b9406cd95655839cca625d509,33.08047833,No
0x95b0d63c84f1576365fd16ef1b3c6199f365fc09,33.01881102,No
0x48aaca81c945e1e84da4d662e0de579522bef4c6,32.89552477,No
0x3fc3e6514fd4925f55fb3ae17bbfbca2eb126608,32.88626588,No
0xca4850102541699ef93378aad89c2d62bcd90ad8,32.63961259,No
0x5cfe6163cf78ff91aaecb0ba9e3c2b27266fd3ad,31.71395399,No
0x2a7145bf7dca99100eb389a0cd4fed3f5693bd97,31.07250243,No
0x10001ccabf3c1ac226850ae08fddfe12fa1b459a,30.94154983,No
0xa53c56ee83b2f0cf3d00b360ff79ead4d7a3a663,30.74031514,No
0x2d61f28c20477e42ae509e53010ff941e382f4fa,30.67782427,No
0x5eb21f880ca96572df2c60a39b292d7cb977d232,30.67041305,No
0x6894cfba360d3564425b6e7668ef16ef38b5896d,30.64162828,No
0xe32710e018f6cccafb4a123f25598e15086177bb,30.41777553,No
0xfd9a9bcb6a7f3a26b7d0de1cb80458395429cc41,30.38736901,No
0xf4249d74da493c9fca2d3d7c1f5743029aaf7b0c,30.03458947,No
0x6bfc2cc988c513a481607777990f7799e84b1442,29.88216227,No
0xaed4d26fc4038c12ff9170e10839e4988d9ba721,29.81283772,No
0x13d4bbf43f4ddacb8b33893c7102d9656625afe2,29.72994171,No
0xf041e368e33d7f28dec1918d52d691c383f42e2d,29.67667714,No
0x0b788b9010252f7ec849e436ad94e8bf0ba327b2,29.61749076,No
0x735dde08a1d36939da610ce5b7b9688db97234bf,29.616551,No
0x8ac6762aed27ab4d2fdb72c0ed27cb23d8ad0072,28.85488166,No
0x8f962266a2b4aaa61dd245cff22f7c4ad3880465,28.1763363,No
0x0a60cdbc75221b32db9d2dbb136b48e02cc5d53c,28.03228222,No
0x53224a3cfd0e9ff7d12206ae0a6689fdcd96a53d,28.01070653,No
0x246d9f7dae566063990d9bf138a8b38c59089310,27.93680614,No
0xcb8bc1726d1d1c16cddfb49d8c9f7d7c6b105948,27.87144187,No
0x7fbe597dc576b5dd0b95e9aa8f009562a146ee7f,27.81799607,No
0x26265be60c0bb5db67890b525ac2e455d8ac18b1,27.76488045,No
0xc799b5a9bb0a0ca4679c48f70615678b96e1cb1d,27.66685883,No
0x7a236e257c83b8af4f5c931c32ad6e6e5a19c8a3,27.43689866,No
0x54440fa580d86caf161bff05eeb4608cfc11eddd,27.09867004,No
0x284aa770c801698e77dba304c6caadba6ffde9ff,27.00008593,No
0x34e0d0b2d9c3ec8bde1a0a37db81a836804e9d95,26.91934536,No
0x7233c8a6fe0cd34dd22ebd578780b7051b2a9b55,26.85016697,No
0xf530ea087840bfe0ff56c7d77227f2008ad0c821,26.4815073,No
0x134d7377ef6b961f5801c250a60cbfd91214e4ab,26.42127114,No
0x7cfa9bb33e9248b481e859097fd3ee9493723bd5,26.27600358,No
0x27319bd6cb05ea9eb202b79f243a84689e8d7c79,26.22721835,No
0xfa4bf0557a0f57e712104e409702108f7c6fb808,26.17485528,No
0x77ce1eb39a3228ba50d42e7dd1fee7bbfad6ec91,26.07599747,No
0x9f1b9d139263945dc827810413d4fb7f8c7eab3e,25.78609823,No
0xa0250975727ed794954e46ae9263b5d843934b13,25.41445775,No
0x2e8ec56c7c668a7817b814f41f0ec2e16708ee4f,25.19299327,No
0xf5a8e355621e487c1e2f2d55f0070a084427661f,24.93807789,No
0xd34bc82b9092f5334056dac1af8cd5d32abc6802,24.86671336,No
0x0f45f18e71fd887500689e7b031a5ae56c3d02f9,24.5399292,No
0x1e1ec9a2a1d331192eae8b9b36b8df9cef3a0a6c,24.29043136,No
0xd05e71207ac6a6ca2d49cca76b131396a85d45d7,24.17864965,No
0xa322f14c4e9628f5934420a6098a01e7c999e657,24.17358975,No
0x2994d42ff4547f5c88f97fe3c11e4c97f85a0283,23.72484386,No
0xc9f9cf5add3f1588e18124daba679ee0af85f1a1,23.70800785,No
0xdecb701145785ec9fb3d7441747171facb852eac,23.34212682,No
0xbd0c297b251fa50cb64f16c475ebf2f6aedfbf72,23.02487866,No
0x0224b2311d5968fa00a42103788b2f4ccd0651ad,22.90788985,No
0xed38f1a10c229e7f50873fbce55da63baae12624,22.58559859,No
0xdc5f03f59e4290801e34ce5064f72982e53d026f,22.4627777,No
0x700c6823b6097684aff6f7b55a2470c3acd53b48,22.39356716,No
0x3276a7d3d975fb39b22bcc109e5bc946c3bf9766,22.00706146,No
0xed50ae645cb182d97e9cd59c7e939a09d54e70da,21.91383597,No
0x1ef108f2a033f08cdc3198af51505d8c8f8bd7f4,21.78568785,No
0x16d3ad2d014416a2f6bba8183ee35347aa3c2a0a,21.7741997,No
0xdc082dcc8c2dbdefffca1218e9d704d56d6af0e5,21.7538638,No
0x42985a8ddd78192422a635239b7cb5fdbc5177fa,21.71171276,No
0x24e54be736751e2b9b4744292891156176630ed2,21.63359356,No
0x2e60c6ab792fea9c1824301dbaa717d94ef799ba,21.3629779,No
0xaabb565c60384c0aae0b99509e48d9a5c38ce693,21.33439597,No
0xaaa8566d50e5a8e077af8c485d0c6e228704db62,21.16904327,No
0x5bf5ab5a7f99fb2c75e6213d14aaaa7d0109de9f,21.12632454,No
0x2ba7f536ff0a4a043c2f3c25163f0384681657e8,21.1193655,No
0x4b79a50ee70da1b95621432474092f168c3616b1,21.00555058,No
0x38ab6c85c25208b1c212fad165377871e14be02c,20.50559184,No
0x505d867c40931bf56393f23cfa766fff8fa406e3,20.43216756,No
0xda7ba364dc71527055608a76f816bef129ae6dba,20.28793797,No
0x0f503e827d6f2c4a656c8fa68edbd7408e8d4fc5,20.18456068,No
0xe04fc9a4ef6b40dbd417bc4864f553d2b5e0789f,20.03388249,No
0xe00eaa2787a8830a485153b7bf508bc781e4a220,20.01792897,No
0x9da824771417bcd54352276c2e2cb51f4bce1f24,19.93575273,No
0xb87e0cd193517b91364a04d510ac23c7c20a32b7,19.84394745,No
0x6962c018c808123edb5f6be7b9275fe5161ea4ad,19.81469451,No
0x51e7481970a1398d98519fe98eaf06818488491d,19.81148239,No
0x76a5df896413f3b566d07da5af44326c0f54a25b,19.72047926,No
0xb21731d830b7e8460e5d6c66dc1ccc0a5d0a6b87,19.71939891,No
0xf0dfc85855ad879d629c78f73e55f4040c28f02d,19.71860289,No
0x9d4c61a655112e40ae415901f8a1386f7c3c0529,19.67613377,No
0xb3c523b3c77414837c5ca605be570fd9a04d531d,19.45634869,No
0x82370899fa41488934a1dbc49ccacae3da59ae1d,19.30931517,No
0x99df1c74b59fd46f6aef50a0399cbec6a91c2f4f,19.22463045,No
0x4d3f684b8e08d6f36619de58bd9523108459de3d,19.03624338,No
0xe4e98e007e5a4a5a73a4ba2254efeaae131cbc04,18.94621117,No
0x006be8ae03459bcd73daeda911de34bc98f387a5,18.90466856,No
0x27c6e971b84edc09203e3defdc5a9d54dcf1e9b7,18.52417684,No
0x5d8b84fa939acc9c987a094148ef39088a08dfd8,18.51681696,No
0xa8ee7573eb370ca20831cf607b8ed0eb1154e8cf,18.50290369,No
0x93296469ddd3303c97973b7445112429ba7102e4,18.16257509,No
0xcb661dee625de366b4f6f6dc98324cfd87a6fcd9,18.09682696,No
0x9ce347eebd24519fa6bb39437d40226e5d589b4d,18.01465288,No
0x0324b3eb6085c293ff64e1fc7b7266612016c032,17.92529055,No
0x1a372f3ec11293977de6c37b8b5427c5827514a4,17.84141947,No
0x216b0f365def614d3a1f9d1c731ed25dc2670a2d,17.6414125,No
0xf28e24fa49135b438069bf349126d840a14aa5f3,17.62301935,No
0x122d540ca691b500d91cf2ff840d150dd8c4a99d,17.53291976,No
0x630511c8f88244fcb22894162c42cc40e4f11ada,17.46311588,No
0xe9882c6e9804942329f54f1bed06045c763a50ce,17.37400528,No
0x3986812b27cb160c4665372897cc6ea88ae41303,17.12946003,No
0xd7c69d4f68ecadafe3f4f8ab4706893a54d951fe,16.88491293,No
0xf9fd00df5013006407a6bc49cefbe027fc5ebd37,16.47590401,No
0xc0d803001e3e707278f7e348641b5302dc186205,16.40838459,No
0x16aa32b397f0bc4d3a49a6f21a91b0b4d6a65db7,16.40755385,No
0x84be0b3c2aa1c6f0e7478337b0dc9e18f5f7e7c0,16.28273807,No
0xb4f6fe42972d98e3c6b44c8eb575d2f2cc3bec11,16.28046382,No
0x4e314eb0e908b8045d6369cbee5ef2ecf77dbc23,16.11013803,No
0x1189880dfd8be58932a6acc8da1ed09d5bd02eaa,16.04371067,No
0x1139e7167366f729804e763494e03b1930f6aae3,15.87160492,No
0x41ba0e81fbbc25d3bd8b6097c561c1a03019f424,15.72990248,No
0xb306e2dabc78cc94559c6b39769c254068e180fa,15.63692387,No
0x34e1e90bb4d0f2a8a7a32c9fd0f536bc18c18e57,15.46109499,No
0x05d6641a7bd37d0609c2904612d285d81a580f16,15.44325366,No
0xc2ad884365d71b2694ff9d25aec707bb6fe06497,15.36377391,No
0x79c2f2878c37529b6f882a465dba9ee1aba76b33,15.33953095,No
0xc254111b291bd0bc4f84c9853921f44df645807f,15.30900865,No
0x10484dbbeb64058767c0032952f450a5d0b8e25a,15.29791859,No
0x6a9c491feb779e7e97ab7c9c78480c711c8729d4,15.27470623,No
0x1ffd6081944de42a6b89ff45d0090a679c04cde4,15.14615598,No
0x2e3987afd23e8f893595b26bb8ec28bd7ad86693,14.90517821,No
0x49e37446d862d0e29934aaf51cdb128f9c9ca4ba,14.88468285,No
0x7b0b45a527b721286bb18fc85188b6c25a518da5,14.65549283,No
0xedc47ad07e8b096f6de4fc9e95f54cdb817a401a,14.65256683,No
0x4fde84a6650522f4e2cf63c752dfbd7b09e6957f,14.64429869,No
0xff6936bf3605c19d21957699b22a099158520356,14.57392757,No
0x826b43b450e067d9edd45df6586e0ea8c63b6be6,14.46468176,No
0x8d4bfb3d8ac2279fbc063c11480ff1a802f47444,14.45697279,No
0x27cd2d00801648f0fd0c1c2a561b1e251e4ba284,14.26562062,No
0x0bffc731d7fa5ef9e169e0ad5dd65b12b56e81a5,14.2561296,No
0x3b77192e85b1d717a8294ea1bf18944f2fcb7add,14.01145718,No
0x0b1bbf7e192fc296a19507e84b2168c4f463f14e,13.92584952,No
0x15ae010dffec19729a410b82d51337b385a96b95,13.91362441,No
0x6c9e7fdd536494cf0a65948b8c9c58d50cc37705,13.8127954,No
0x72ae21ea679496931f8c4113d093d473f8cebed8,13.80161888,No
0xa7a7abad6fbe05d82130ee398ed0ab4920c0521c,13.79875234,No
0x264e0b35922fc1d119ecb2e19500c7d8450518ca,13.78748788,No
0x99b63d88569390a36c44ff36630b6c20e30911ba,13.6959919,No
0x8ff59b10b76721e1ab062a0c6419b0a5c2e2475f,13.66000848,No
0x68921a19cb3c23a09774e5ccdc315dfd501ebebf,13.55445127,No
0x13743054b3927b9bab87e78fae78eae16163fc3b,13.54312416,No
0x9e1925ee307c23e0969b6a21d6fc9b9817a0c084,13.52356824,No
0x45d0c079a95c9fb1d73b34747abbf20303ac3f8b,13.46722471,No
0x9e32fe0f9c10c050267bdd093d6138b35d7745dd,13.2889126,No
0x6187ef788705a4b0a59a317166202f52522b52ae,13.20094597,No
0xd8f99ccb6c3ad2445163389b9e94924a948231cd,13.10553061,No
0xf18da6a854c715e2a6cc74c3f12c9c2417ee3312,13.05921887,No
0xd75912400ed45e856f552b8b799a0d12c119e566,12.95813706,No
0xef02bbc7a50c6de47ecd71363b5f502236a990ef,12.93930338,No
0x181db0dc278cf7b9488c6cdf9e27c69d0dd0f168,12.9183431,No
0x12581725c538df73ca211751525f56672bcc8707,12.90221345,No
0xfff6b41a29881fc97bd6e8778529b1e37597d94a,12.85834128,No
0xe2c0ea29434b11e8afa2a1649831ce53bc975e5d,12.80128844,No
0x9de75046018e0d89a3a9d4ed68d52954e036fc74,12.78735914,No
0x26a89ba00d534d2105852c1cbe05173c69279572,12.67756003,No
0x38542600c1085f498008910f64aaefacd4af99eb,12.65134196,No
0xb57b4038e7401aa783e112b3613ff32853d4fed4,12.62705426,No
0x070d36b43bccbade0127d7222449120ee73b558f,12.51615195,No
0xea8193d56955af64d360e18dd9e0edfe1284c6d0,12.47031986,No
0xb180fb495ae0504ede376304648ca0acb72c98c4,12.42613738,No
0x967caa684715e05c6bfca0b788c032dd02655817,12.40948289,No
0xb66ac94f7f22e4f37751385a4304b0ae72bc3629,12.30076313,No
0xddf2cacba862b4ed3d25ffa5c919bb62ac8c1b10,12.29637096,No
0x0030b9f1925408d79be83c7cecfffdbacb638e9b,12.26953432,No
0x9a60c82cce9e97ebc78bfda5e81fd705068ef9dc,12.22415715,No
0x54b8c480d6e2287a3ba87100e34b945be4def20d,12.17590821,No
0xd0f46a5d48596409264d4efc1f3b229878fff743,12.06743631,No
0xe236c7aa04dd3d30b61ff42c9fdf958b43a0f2f0,11.97050709,No
0x3c86a10231c3bef41673f20bdc6238b1a4bdb9ab,11.95843094,No
0xdb8935b2e0002e7927fb7a109f31e5f7f2e73f70,11.90537199,No
0x00f162a9bc72bad389a988622e728f5b86618ced,11.85001387,No
0x3e6cf30a3f0e10c06be4879007eccfb6dde2d9b6,11.84993645,No
0x0d1472bdedac63675b0c02c0de71a48d57626c12,11.83023779,No
0x54a1f5ddd2ba9250a3ce1872f5e0eed3a6045da1,11.82906491,No
0xb3c08e7ebfadbd773b2f6e58ad8dae4bf77ac0ab,11.81025464,No
0xa1b1b55e2053051e55fa50fa712a288f236e22ef,11.7323456,No
0x4488cc10c66d3632b5e2cf42ce61b4b8f9538bf8,11.71050794,No
0xd621cf46fc5defa161c366baf0991bb86f71483a,11.68372652,No
0x59957512fb52509682050951718c6ece8e1f92ed,11.6555768,No
0x541c83f2b07c1028873c1d947ce9f9035fc8579d,11.60040812,No
0xdc78875298d7ac6a7df206489a798ab7bdbc8dae,11.58260204,No
0x2240047b3c4bdf4fa2a4907c7fe4c78b0dd493b5,11.56580647,No
0xc6f998ac10f27b3ffa91f2ec906c3f23b82214f7,11.51870033,No
0xc64b32542423401ab0316a5aefc1c1dcf87c4eb5,11.41042332,No
0xf7a14935acca7c99511f465f97715d56bf80c940,11.38183051,No
0xe7de6f592f18de3520be98ca158cb984b1bd869d,11.33897454,No
0xc5e2a38451b7fc935eca5aa6c8effc5280cf9bdc,11.33422411,No
0x2d751ec3b87e720a46d5d2e78b13939621db6295,11.2844997,No
0x24ad8726cf4bbdb99d2875f31ce04296bb796a98,11.26606019,No
0x8c10af0926e2a6360d17741d460ac796d747bd84,11.25954926,No
0x7ef0be5a5a4040d7a7fc925cfd0974df3d472627,11.25054548,No
0xe39532dbf1bfd19a5d9b1b69c390a128a2d0b608,11.23313004,No
0x5d9918e75e42c269ccfaec07505ff257daf74f15,11.19385759,No
0x9b8b23ae82a568818d7ef79a62b09be12a601f30,11.17165954,No
0x5517b109811affd88a2d811f663aecc93c3aa548,11.13696209,No
0x8559665a14c4aa0ecd918e7f9ab30d535b83a8b2,11.10107888,No
0xd71afd4e63a63d1528e056f85a4d01c15b9a860d,11.09942276,No
0xdd9b8c508e1de45c09d9279ec9f972936298490a,11.08347279,No
0xb5ece2ce1f709bb54d5e0487a93975e2e0744a78,11.07889645,No
0xf2ea68eb96e8ef866c5b933686bbb97af4ace06a,11.06995845,No
0xbfdb02d5f62182c422e578173bc90db53c876116,11.0531874,No
0x35ffe6676152045ceca75420ca7825b441d1b7e8,11.04656571,No
0x54f8cdd9b8c8a555e1459f0c42a227fc9e51f3de,11.03055673,No
0x9564e537ffa443ff08631681ba4371b405c83dd9,10.94457829,No
0x9ce77ce1ec01d24797733da05a3289e693ce14dd,10.92831257,No
0x1fc3d23da165eb6d1406d7b5092bb073b0c4c747,10.90865972,No
0xa606b917c0bbe0bc28921b40cff6e4ec58e12317,10.88628398,No
0x85af33a8875e07524c8a220f5ab2922c69dec15d,10.87976799,No
0x491002ab1dc8878e085f75d21faa6efba92ac2c0,10.87777177,No
0xf1ea9d5e13c38d010e9a0322c0fcbfdf0f2cb2a4,10.81754661,No
0x5f55e92ac0c7874ccf2b8234aff585dd42427c96,10.80306432,No
0xd62415fa6682b918be6e91a99c833856f1216dc4,10.76369531,No
0x22886301cf7b3a7e3c275a4620add2b47e324062,10.75578175,No
0x58e70116f5d72573bbeba3eff46b19f4409bf400,10.60717372,No
0xdc179fd8251b5ff4f67096109372f3634f89640b,10.58087789,No
0x4d51906b6f1a7ee0e4e90f423f78d208a9cd4fbc,10.5737885,No
0x60f1f2082e545c242b8b4b7073c33b430a808ec7,10.54271986,No
0x8b80a29482effa6e79d9523951d3da046dbd043f,10.50644746,No
0x9f968135b0bfc9003f4c6030c08b62c02a3a66aa,10.50165731,No
0x06e19ff4e3db4b6ee9ded17d8ff1e57e5bdcdcd9,10.4848097,No
0x3a77a5ffdf1e2c7d5a096645741ff35cd2578a3e,10.46429773,No
0x3a91c6c631c56d55d57f7d8a3fcd5add74b87f5d,10.37400059,No
0xdd56b81704468045d8cc585300deaae974064f93,10.36292422,No
0x5cb8ec651f3be7c6a3703091a1a1c5f6deddb511,10.36093564,No
0x0408d02ce3b6967ec3c7fc1d5fe8687095ef18de,10.34403929,No
0x50b8bf0ede760e38742a72380ef3f1f9a777a069,10.31568708,No
0x33f4bcd41214e12a46ea2b373f365b8a4da79bd3,10.2298051,No
0x3f25956484a361de194780676568214c74c3c85d,10.04336469,No
0x73c65a848607560345d363848a94862cdd26a3d4,10,No
0xb71fb919489092f5262cc39235f1bd18f728dd4b,10,No
0xfe0d666e2b1a69d57475c4d516af1fd47fd2173c,9.969048537,No
0xcfbc091f167bba962790e23ee2dda557938b8baf,9.960149771,No
0xbf8ab1e63a9b883a6b5a396cb5a36138af6e020a,9.960136659,No
0x873a4a10efa2ef784b531f60ad63d8e75b9915ce,9.954946748,No
0x2c640ac98e293daa246f98d2828e328a06fa6936,9.908971424,No
0x826088b7174bd1f07becf359025fa751e6ac11cb,9.908786089,No
0x8a213bef3fa155c26f14277a7a3b16dce39772a0,9.889485661,No
0x589ed0ce42a60991d00038f72fb40cdd8470cafb,9.884836922,No
0x7acbd923995ab7ddff5b8f4f58d2c3f566452247,9.872112761,No
0xd0960c8e37f06a70c714972b15293737296077c0,9.866742421,No
0x7627974e190bdda082f252a4f5acfe6c0e93d364,9.859330211,No
0x508cc508c415bf1db6d35c0d53ec7bebdcce6a84,9.854668847,No
0xb16c93cb45553bb442812034981fe44446fd776b,9.854390054,No
0xd86e0d3905789156f25481309053e5ee824ed7e8,9.788184176,No
0x73566a72ab0632a9ddfca81e50483ebf93b66666,9.765821383,No
0x2c8ce96e584e1e507fb9c032798a210f415605f4,9.724474176,No
0x2b7b47695a5f5daa3d71cae5031243504648c8ac,9.66693622,No
0x093f3b1a2bf4be20b4852d1dd379feb00c1b6688,9.438376384,No
0xc74d36b59cb274a5d2e22b616ca878d3623bf076,9.424280135,No
0x9d65e7a739e1ceb1ba9d59a916997e7cfc05c768,9.1124759,No
0x82e9b5b3f64b424d00e554fd1ccd24d7e62b22db,8.983642771,No
0x39b6e2c1364edd06d1c6ad17efedfaef3180e3c5,8.944395378,No
0x7ca3dc2055442b34f58cfab5afeaaf27add14704,8.900277855,No
0xc6e7d512b93cec5662423af3c10bd2d71dac0c09,8.814936252,No
0x6389a236b7ccd7c5809b37f64edcac129d0ff043,8.780513283,No
0x984c86ba57eedb0e8f5580b16f3f0953d04787c1,8.732137572,No
0x5610102d2bfd9fcf775350d80144c3a8850855ad,8.691842585,No
0x18b2286918157ea41e85b75e62234195a3c467d8,8.687421861,No
0x2dec62184d4828cc45525666ca142d21d6fe09e3,8.612706359,No
0x72dc506b1bb29ee1053d8105dd73da1b618ccb22,8.604606122,No
0xad25a49bf9acde2057f59447ef012f95fb7d6b4d,8.593119323,No
0x8678cb1855dbd9d557d968723069b8213f8e81d1,8.552602534,No
0x1fe76a17ca910a75d248f6dca3b209b61cebbfe5,8.442665778,No
0xbb10457c11e3ce65a4610d698a2c56f2bb04fc7a,8.383944543,No
0xbc2ef485a3b6b480e3517f32a69fe4a002b52564,8.382765095,No
0xb38a7736103c19df05fc580cf9521c5acb748f32,8.352850588,No
0x124296c36af4011aab9b330d7cf962b00df547b1,8.275869238,No
0x44c31ef98dfacfa50ec195bc79edacd3211b7fac,8.249325148,No
0xcb587d2f82b939ab14470bbb0731429b061427c1,8.239233277,No
0x24e9f36db71486e668beff580de75f65f014f093,8.13276784,No
0xf59a31c41ae8ab1a967fecaf2faa5ac274a221b2,8.036748391,No
0x383884c8b5638dc4701d53e1ee0d4ab6abb9d361,7.994953893,No
0x346d3581ccb117c09b6f4d34c576a4651bec99ad,7.968717907,No
0xe4fa803b8b40efee9f99f0704d6e411fafa93c4d,7.964777486,No
0x1a6e2a70cdc0d1392e2d9bb01ff105de6831f0b8,7.933847065,No
0x491f07e3cae2a0653264e0455c0f0dd57341b941,7.92315675,No
0xa42aa9581d82e538e4c0966e9d88ed2090928219,7.913001883,No
0x67163ca6f31c181b855f1d1cb980ae2b0c26c621,7.895038325,No
0x3b66bca9b58acb2e0894654f27edc96fa1b6b0f1,7.883562831,No
0x688d1b8f0945676b6a4e96fbfd355789f54d8d3b,7.796885048,No
0xf17faf9978b2f0087e6c78553ede42d15abf76c5,7.771946415,No
0xb975cec122df92d37a95caa3b938847e518ed006,7.770719632,No
0x7905b63a358a4a36ac1c2513f1177763a99606a4,7.678550387,No
0xefc749e7aa1542cfb077c6e598248ee0bad347c1,7.595590791,No
0xd42a6f7fad027274205c923c3e984c9d11147c1c,7.533105089,No
0xaaa18c6cee58d3e37b300443cdf60fd44ec95626,7.519900732,No
0x1abc7ebd3a0ea33a9dca30ebaaf77075db31850b,7.464105619,No
0x41bd49fa8e0ebe0bf51d3a99ea03e75412c77a17,7.461940416,No
0xcc06a9738f80f2ef8a39687c01fcd92f02a04bf5,7.442931377,No
0xb0d08bd1159859239a2130dd318709f2dca792da,7.44065357,No
0xdbf133d2bdaf2ab7f003ef2b10a792bf483bd133,7.395282389,No
0x3ce21aa6bef99de0009a02acc8980f02aca9a658,7.366331002,No
0xf4eda6c0e275c0ab438947d3eb8f7229cf4dd0d2,7.328130231,No
0xe8e5a7de18e307e0f5d49a3bd957cdf8eb6d37d5,7.31247823,No
0x661c390e73b877570face4843d23d4ab492689f5,7.309511016,No
0xec75a462919592a7dc7f0322429ef7f6eee5b384,7.293350671,No
0x8ec69f71a02846fff8f0bd8ae55d0dae9bd4528f,7.283644897,No
0x024f9e0b4276a454964e8c9503544e8c00695d60,7.27171839,No
0x844ac6c98d1a20c1bdc3d911e88bac5cd32748d6,7.266100499,No
0x64004eb2945058f29278e2d2eb2a3740ae5e8f80,7.26380632,No
0x10b980846f7998b70812a503de34b1b7a2418b7b,7.260234213,No
0xa6afc67a770103441a9c65a54126cd28ac2d66a5,7.256543651,No
0x629094141a061399ab085fca102d7412cfaa0c47,7.256435664,No
0x2708fd0b70e7235a0d8ed91b2a55feb04a7a8265,7.254554441,No
0x556a7e66b890fe28aeb8ea28679cc3ae8187cc99,7.249958299,No
0x47b9309dd1b595a9814a2a275106879be5c83a4d,7.249131531,No
0x596c1f3b615d8959d330f014ff3448a208af6565,7.248216137,No
0x3aaea57daf9ce061366a2d8d2ae556f438682c0d,7.246835526,No
0xe8620b18cbb536e2a0e888abe8f0c6d57e57b9fb,7.244468092,No
0x6e56da89977a86b2f08b6a913d189cc29cc49147,7.221531137,No
0xd5a3508166e07d39b08c618dcf0b4b2ebbdb4c42,7.197262132,No
0xef7458117557172659c12f042d891c3f005c91f4,7.196993872,No
0xd5d3b47346fcc7cd9be672921190d0ced1f66481,7.176410533,No
0xcc9b3e2a46c88d93cc6cc8dd5339f049b0d2e329,7.170010159,No
0x692e2d8a6b1527d56d79cbed956f0a9dc5a05402,7.162819249,No
0x7c9cd75d400facf41c79de009641ef0b40118bed,7.110895619,No
0x8c0c1190b5cc30c6aa05832431f638b267457738,7.066443082,No
0xd07f10af92f83bd95acf07d325520419c2443536,7.048076527,No
0x2f4963f45684be5ea63e9f04d5cdf2e87bca8268,7.026686692,No
0x6b365941d82ab95858df5f805c34adf4131f7a22,7.017950913,No
0xb515c1dc465a07ed51d09b79abb874c85eac060b,7.012941713,No
0xbba4ff36d10614287882914f4ab509a21b255ad9,6.936458082,No
0xdcea0a33af989c770c03096c956011ea989d6acc,6.922677336,No
0xfbb2cb9e67c4e183b6f9f8f439e37e378a973bf4,6.912724389,No
0x1ee8acbc2cda9b8ce2391702acb34f22770bf8ce,6.884253032,No
0x9224e457596f14d67571e8ff2b2e91c8084360c6,6.859532999,No
0x196fa59bb3d7c6397c5830330ace564c859e8917,6.836031888,No
0xa65ce7f22d246cea8e5e7a52a3629b5717305db5,6.807073728,No
0x791ba2be058c577dc8352e101ae1a5f5307b6b2f,6.621755861,No
0xea23f651989f8f0b54b2616f1102d01e69f2807c,6.619004094,No
0xa115315ad9b7cf8cd899ac8c53d556639394a729,6.61273863,No
0x7e9e45243eca997c09b60acd23881497b43b224d,6.56251258,No
0x56c99de0e894d9ffa9a757489eb4fbe79dbef296,6.55066616,No
0x39855034cac43bb878a86fc932521518eea6779c,6.490816626,No
0xbdb09526246e3d07d5acac3a13bb37288410db80,6.424555068,No
0x59ae96095708f535d68f1bf9347eba634ac9f802,6.408081391,No
0x15464866d167c39abc2615b425938895482ba7b3,6.390869671,No
0x439c442cffaa7393e08c1dd4ec37cea2fbd00e92,6.343671005,No
0x63987c8f67f646ca8a2b8fef9bcfc024f8d79173,6.33008249,No
0x4b1903eb55a4d3a160252c209ca0c5ea38cfa1c4,6.322682535,No
0xa0839d50d601c0ce86677a03739f802fe614ba22,6.318539623,No
0x7bd65c6b3d7317b701ab05c83a42cad3bebf7d18,6.296698874,No
0x9a46a0dae69d1a5e6cae6fb8e473ab0bb537da56,6.2708806,No
0xff35360d7bc0e229b795f6fa6b1447e20a39e09e,6.158616102,No
0xa3a90e9a337a719565b1a8db50aec8a1944e3551,6.121946064,No
0xd8e367019dc5c28290f1e036790d72b975d35eda,6.055215533,No
0xf476083213c94ae0c3eca8fb325a7dfc8f0cb937,6.050170978,No
0x3560af9b737676483f8c8f2803ee4f95368941fc,5.974878959,No
0x5062f714c01d22be77915505944e8365edb31d37,5.867908757,No
0x30b545aa48daedb183e943b43c492fe980352528,5.840449532,No
0x55e698435515d965d1de2771996ad08c826d1423,5.823812178,No
0xef0f7d335eb3f921453d9511b7a99ab0728544d5,5.811677308,No
0xccc2a4a3eed9fd3622dc9f9cc651a4792da458cf,5.811275994,No
0xf36e208ed3c7dd3f40ebc485af1c2321bad53455,5.803607677,No
0x4c1781c6eb9ed1218dace5e20adb61e85ff5517c,5.794134057,No
0xba035bcc049796d0114e4ae735fde4f0e4640251,5.752928815,No
0x9ac142b2cf19c505516343f4077ba88de9975965,5.721583804,No
0x521112e4308ba07888612f0b3984fbc125f4d02e,5.720705942,No
0xb71a7ade6a27c4900ae325731c9afb0613c172bc,5.708695719,No
0x439afd8557d7eccd61cd7f8f7de9b444f898c12c,5.687415421,No
0x66f4bc7b13fa365a904d703c5f9b80a13af0ecf2,5.679341107,No
0xcce47a7e72920d9b39eef4f366ca021eaf696c00,5.659487507,No
0x9bb3061381299331577cec49ed4636d887717a6f,5.638907524,No
0xc1d2faca00200a93eeea9d437bfb917717712558,5.61998014,No
0xd2816f54760e650fc84fe00cb4e174fb3ee1df96,5.611269228,No
0x10b47a5608b8b9ed70fea53dfdd2cb6c03061774,5.538473569,No
0xebafa8eff55f6e7da2c6dc74186d93799f1e990c,5.533785045,No
0xedb3f06a387900a187cba9098cdd231d08b23ff4,5.52321557,No
0x1db9bd16a15b14bf21196cfe7bac816ec90a2f75,5.519389416,No
0x0ad27083645cd720d340d30a7efdd91327257c9f,5.515022917,No
0xf78da336815bfac8799f5b65fe74e6d40c3ddb7a,5.514958376,No
0xd795bd8bbf90fef5740cd0d84e138b62e941a45f,5.501438964,No
0x352aa94f36d15f4f49c442a78d5c887773e0f097,5.469263864,No
0xeb93529ae2a4b3950770c52ba4c96572048f34ae,5.456190277,No
0x0907fcfb5d778f0effb2efa7c235428aa6151fc5,5.429680828,No
0xa0591e27b0acdedd4381b3c517c32afe522f5356,5.391693848,No
0x7d1cf5489744aa44a1d10aafa571baa4e4240f08,5.380767415,No
0x2e6965a75868177b5baff66d21b21a2af49643ff,5.358420707,No
0x8bdb91ac9679a0165685b95d12511f0cef62588e,5.356510273,No
0x4e58db3c3896f327d9dc8269d8eec890d50a3cdc,5.354293896,No
0x686828f1c0210454d6f1bd314ffe905c073ad4da,5.350542808,No
0xf06b41406f0a6d57ad10b5fd0878728931c8dabc,5.349258073,No
0xe1dbe0ac6e4adbe8dd9e1c24b0488f88fd68dc68,5.347054317,No
0xa7a2485941da2217562fe0111928cd4d949f8f24,5.346550351,No
0x1a297f0687fb1c5ca02a9895634093b1d76d670d,5.343880151,No
0xcac4734236ec7f1088c8d29787d50ce6a5d89d6b,5.339756333,No
0x2202bb73dc0c931ca53e6157f82dadbc445e5999,5.319773506,No
0x4333c32ee37d89ab0c6d9710b388438137fdc991,5.28782285,No
0xa9844d365c5c9e0d46cb5918b59a81b3c25aaee9,5.26329163,No
0x1eda4b4ffa2002f0189982813fe0da3eb641cce5,5.259095564,No
0xaaff6bb6d65fe6e9eb65e205ad062be7f644f404,5.245236067,No
0x78f3807dbdde1c2aee60ec565ba749c9b787affd,5.225983162,No
0xccf2ded72c9fd5f794ebee67a1010eedb3130334,5.221830118,No
0xf1b6004f4a1de8ca3dead43ed1609fedf160f2c2,5.203126976,No
0x731b05e283e9e8ab9bafe19c036b963f3362320c,5.193588916,No
0x9b56e4848d31ba295391cd3774b616f66d817cb0,5.177228675,No
0x499982d7c4d8b5c49b2d2371a92a790725fe2dfc,5.088896733,No
0xa3082db724dd89af0763470ac36f363840d093b2,5.081030129,No
0x8eb3bc2bbd8e9f7d0a60ac7107aaad7bed7a5548,5.076273991,No
0x6d8e1576a7a6c8526c2971f4e8a214ebc4340d24,5.070776175,No
0x8c7be397e794147d894dd099d4af1ac7c47310b3,5.0696883,No
0xbee2d469aacb46251ae33cca91f482e26c971dff,5.068410087,No
0xa4151537914c3296920d6ff037bd140736049820,5.060457737,No
0xa07fa6d2a9a6a7656cb2fe295d7645d93082dd7f,5.060107984,No
0x5da2db308827d260e5300f7ff4598c16896f19ee,5.054081028,No
0xd720353dbcb9d35e4a6c700bf600002530aa7101,5.04873082,No
0xe922d60412829e34abc783969e11935c55353812,5.047384862,No
0x1a84a1de9b3c7be9612f43b703da8394f3dc8fbc,5.046712161,No
0x1da8b2ffc9b4c9fe8521d9b375188aa1ac41fdf4,5.036257084,No
0xdeab5909952e2c70520e41e8f9d46272d5d56cbb,5.032419525,No
0xf61397e4b0ff46e78b34d5f72b49b4d46e8c96dd,4.98626511,No
0xa768b6a093198aab126f199ae9bcb234ddb62326,4.980308937,No
0xf09ee8429aae9749e81abc2db80c1bef2101598c,4.948314423,No
0x3437c5b790b878c357acff653349aa5072ea5b00,4.929788749,No
0x7582cfc5d00b8c0939da0e5ce821997a16de297e,4.92718808,No
0x959857b8fb776d3f91b0291d6560ae6a37c257cb,4.926645819,No
0xa9be3a8e1eed7b035697173cea87b7820462cb85,4.919085089,No
0xc0d3b3d7836bce43f078230ceff6c4cdfbbd1bfb,4.846073689,No
0x7c86c5276e35bc544b22f479f31148a3bd3b6b3f,4.834196741,No
0x66b4e40c2d873309380acfaee96bffb015aba6cf,4.809241632,No
0xc2fb773304dbe9215fa1ff1aae87815f4f8a27ca,4.761124179,No
0x3de6467ace006530d6747aec4a2a3a0e82a5f3ef,4.709721757,No
0x3d0accf6d6a125ea8742d8a2de867ffbcf9641f4,4.001299501,No
0x815559cb4778dc81bfd4501b388a17754902cc96,3.996516997,No
0xa64b49aee352a829bd99c27538deff65e46026a9,3.947311553,No
0xbf7a2633cc06f9bd31fc523ba42860cd266f97ba,3.944069743,No
0x457792aae61cf32d7cf1781696d48551314a295d,3.906424892,No
0xbc94a7c0fbfb0af8ec7d415ce6ebcc485c7a007c,3.900097191,No
0x6c7799c1b39dfb31df57212e97bd667207abd6be,3.88240366,No
0x6d38939de57c10b880f1eb2227da45ff9174a095,3.877611787,No
0xb77e9e7250c8fb59913ace55f6e6fb351ed37094,3.875609081,No
0x81f40bffb27213550e43a14b259e05026ecb01a2,3.859871766,No
0xdfc8e86a601164322719429666bae346ef9c0491,3.851507545,No
0xdddefdbfae5acc8d8c4e51854ace80410cf74bc0,3.842636243,No
0xe150ddc62858721e99040f1bcb0271040f204f9b,3.80227129,No
0x841722b7f8e80424742ae4b9537645ddcaa05baf,3.671401444,No
0x4efa007503a68e615dd4707ca6187ac1bbc3e4c1,3.476234001,No
0x1c163f698c45aecdadcfce86d5ccd2a5d74e2989,3.168672975,No
0xe69c2f976bdf4eb965f4807c03eedf810fe7c97a,2.988243413,No
0xb76951378af8c5ebc1c93d0a41cc902ed19e729a,2.98807111,No
0xcd950256f924a0eadb6b705f7a43edf1f67c92fa,2.98619851,No
0x25612e8bd7683de22da45d717d0493b0e96424b4,2.826508603,No
0x656ff4527625b80c1516414fd0f965e6d24acbb8,2.690164548,No
0x3205eb7e6cd3d1957bf8ae5dfd293644a294894b,2.481270035,No
0x3f8731feeb46cefdb054a518bf99cc8cfe17ed9e,2.379760036,No
0xef3187b6bd7fd0aedb23ea93815b29c5a3537497,2.375610197,No
0x08066bf326fe07758614e5c53d150efe5f6bd2d7,2.368945255,No
0x40ac62d5aa80ceddab0de954c29bd62c75d514d2,2.368334885,No
0xd477c88eeb23b38ee23a874852a8b2db09275e8d,2.332662458,No
0x08f08948fbf68fcbd89db7b98631d09d2164a405,2.326902707,No
0xeee0ce2e306992cf42055ecbdf4cb68f9f3feb1c,2.320578495,No
0xe93d446b520727a605b9128627feca394800adec,2.310728051,No
0x05d23ee5d4a6698eb35a04b23fd6a9776bdaa92c,2.308652181,No
0xd54170e691daf665e98dfa8932c2a151a3dc2027,2.302158715,No
0x52595526a5deae3c7f6a0748d4a772f9541a9cc1,2.298050577,No
0x99beef456a1cb71d4f1e82a1cab111c857147d95,2.283529217,No
0x7f7d6047b4dd87357e2ed7857bb4dc828ee79466,2.267255926,No
0x0cc99703d08883fd2ba3c114bd13c7b85742fcb0,2.263585557,No
0x3d7936f006e415cac39431b03181001dd1465fb2,2.255172732,No
0xf9697570313698dc65b033b2217a3d3f96b0e49a,2.253778299,No
0x9496ff29347f553ead1df3e192ca4e358b788dbf,2.05663196,No
0xd88805d02dd8d66a6da0a5052fc610d8c688941a,2.040882537,No
0x876ba03769716daf768583e8c622bcd5d699c37f,2.006953746,No
0x65d3febc3112cef66be36df9a62ac0f94079bd42,1.998294905,No
0x87a78919adc0a79303940418a9c35ad7a5f31561,1.998294905,No
0xbb6182a3de745892dd68f50f3ebc890ba4719de1,1.992123575,No
0x408674fc7fd6654b345b2331bde6336ab3ea10a3,1.977929211,No
0x4442de86b15db19f4fd2855fc6c4157524cf518e,1.975018798,No
0xa0be77d048e18b9584c74d36e67b9581f79b4b68,1.973624871,No
0x413a805d497fcf7561bc3997abc0c96ced24b80b,1.972829461,No
0x9c2e56909f7713aa8898e2fde11b903c1c522564,1.972432062,No
0x693e9c28d3b76c64f12ac7268193ecf5bf8a09b7,1.953205103,No
0x9c9d1aa9cada3215277d44023ca5c7120c068a7d,1.952236861,No
0x90c473d4bf89d55e3509ad78088561e309976e1f,1.944726165,No
0x361ff237d06a2ce74d33f2d0f588b1388a043b3d,1.93350206,No
0x2a62f709fdd88fb54f6ca4e1059410d94f01eaa0,1.931804332,No
0x91ee14f201931958a2db393dded2ad59b2590be3,1.927295494,No
0xe2798b99724c5f3d9456f1dbf7d7edb2c7885852,1.925611557,No
0x5d535aea544f065cad2b4ac379b9d9968679d2af,1.922068809,No
0x68cabdc7a6756e2a00e7c27078f34cdafde4fd5c,1.916803655,No
0x9e55a379aadab164b62008f29c5bd743c5a3d254,1.836071589,No
0xadf228a1a9e705ca02a998e1b1bc6f14b3bba908,1.831304915,No
0xe5e9fb29c530e05ddda8ce5d547468ca98cc7f87,1.826692515,No
0xfe662dadfdde88ec9a8b9e821baaa81d8115d3da,1.822942287,No
0x0c0bc3232731ca22c034d0be2308ce6e3546a57e,1.820182911,No
0x21c089992188c27b174f8d7b830198021bd4e78f,1.818564694,No
0x1bcf45d4f064ae331f1908d5149bc019158886ee,1.809091011,No
0xee36736e4b940296d69d1f27738ca60fe319d6e1,1.806380893,No
0x87f51229db632229830acc12b1a1f63aaa487a29,1.800371596,No
0x3cb5e0acbed710d5c27bd3de9bb89b11fb7a1c15,1.797227263,No
0x4a3d28572817e683f456957e349b4049aef6a18a,1.794409254,No
0x3b486d3b5dedd0f87c6a58a2217cdc305cd43a1b,1.740762878,No
0x4734e2f2d5c314dad4ab38403b56dc0c48d2e5a4,1.651512486,No
0xa11f19d27a73c6dfb7a700175357c1dedf79367d,1.162064647,No
0x89b123439a9fb0e03c028ff57d8bc0fc444a7008,1,No
0xf0bc763e0a6af4784a36fa102220ff60ec651f9e,1,No
0x23a057a8289b8e636905cb9ee46b791ab1ab5f63,0.992183898,No
0xa275d3995032b468898c6aa80e132a307ac086d7,0.986680071,No
0x8c6d52329c31820f9f3cf468e29309f9848f7942,0.985592981,No
0x21373fa7b22ff7492f1a1909f4e87706c1258dea,0.929903068,No
0xfa7bd4b2b8ec60b35d881131f71d364a76cad888,0.861519873,No
0x22afacf0338db23d9dee2ece5399ec6b24ac8ab4,0.803735839,No
0xd15ef7db60b1bbf54d0c9c56496f118add9ed02b,0.798317306,No
0x1c9674667d8468204452c52d610a0883e97c22ad,0.79066389,No
0x968f1d35f721606d8079e42670b6d153cd4626f6,0.764918101,No
0xd4b1a5c065c53d89fa2018f17ad6396de87a390d,0.717961687,No
0x03ad93e9f86e7d1af7603d968db5898110091fc8,0.562403193,No
0x010afb8548a5d1a3a3d62f58ca0a5a1329974206,0.49453491,No
0x212607b0b98e8b81cf7127858491f00a9aa9e382,0.493833957,No
0x2fa01ba633c555f5b9452227153e5619c92316dd,0.448248974,No
0x5317ef9170f26112fba458958889c15af78dfcf7,0.446305836,No
0xc43c932afd7046d2b608405b6edc0f4e03f990ba,0.426935711,No
0x7542a876bccb7ad335370e27c0e0988476a95f46,0.34554244,No
0xe08fd80d7d0593a616c01a3f2a17bdc3206c71b4,0.313707596,No
0x352ac32c9663fb7caac363f77b121c34d9acb420,0.300419815,No
0x8565faab405b06936014c8b6bd5ab60376cc051b,0.161308431,No
0xcbf382b27fd7ef5729ea350a68e44b83e89756f7,0.147874788,No
0xa2326de0f8209eb1b11c85d015cb4e8812e01243,0.098718426,No
0xbb24d282b6d733b9b575fbecf42c730333869ccd,0.093452233,No
0x783ff1952e1d8bd4a9d60d579f92cbc4b8c6ec4d,0.070871304,No
0xfcb10582215d7fa7e65d6b31db47380056eef65e,0.066345965,No
0xa64a287f973700388c631378067ab8f01618514d,0.064790066,No
0xf381896eb9280dcb2099523149d42f7b1ed43e9a,0.059348769,No
0xadc045001169071580ad97af8cf5efb7f235a719,0.015849796,No
0x3813f37d9f24190174b2517d955f691cb643bdbe,0.007244199,No
0x5ecf70427aa12cd0a2f155acbb7d29e7d15dc771,0.005021192,No
0x9fbd237a72292a475d6470b7be99a9c237d28fda,0.003725574,No
0xd8d462958fe3194cabb95d502f1ad7ddcf7e0558,0.001304823,No
0x70d0082ef7f8adad12777eddaeb447f3052f74dc,0.001019368,No
0xdcdc977e90ad7980d8bba4090dbb0eb70530b845,0.000902776,No
0x46b512b6546675024e09c286a3ab38ce21195f6f,9.59E-05,No
0xbff36b0e434f7ddd28c523571c3b9f93f60132f6,9.56E-05,No
0xde35ebaabc73ac403fb5ac238b8b3fdf6db4bf79,9.51E-05,No
0xf0ecf448c3817bd9bfc2d0d0dc41ef568367506b,9.47E-05,No
0xb3e2a7b1295d9ee03e1f300dfccaab2ecd47ee53,9.45E-05,No
0x8cbf96319b3c56d50a7c82efb6d3c46bd6f889ba,9.42E-05,No
0x4e90c3113041948f9e224dcec76c666e5a0de1a0,9.26E-05,No
0x07a009e9e98649bff954cf3032ceb3e21e020f49,9.18E-05,No
0x0ed2442c03091bd58cf49710d793a634ff695b7d,9.11E-05,No
0xdae2230e4d2ee5076d08c850759a19d6526bae89,8.99E-05,No
0x2c628914a9c4809c4a6aabff889851444f64e457,8.95E-05,No
0xb9d8286cb05c873aeb564cd5fe1338a38fb3bb39,8.81E-05,No
0x2d5fb2f4ba7cf302028ed417c16f22a76b835a51,8.68E-05,No
0x941a95e58a293f1d8b5b43dfbde07569ca96bd90,8.55E-05,No
0x841d4ff88010194dc7d4370e3ae94be1b4caa573,8.51E-05,No
0x65e856c356f0c220fc69c51a66b007748c7596e4,8.32E-05,No
0x0e0934c9cb01a700b2e849e4b80c85ca93939c9d,8.22E-05,No
0x5fc75cbbcddf4398c5c2949a5736e299c1440576,8.13E-05,No
0x1a920434d3e1320cb1806e14b9939499d8fc8e56,8.10E-05,No
0xec23615309aa1f56d5d01647e9c5d562ff375ba0,8.02E-05,No
0x90c341b5af48eb1777cdc2c985b547a8eb9ea9da,7.89E-05,No
0x9993ab06c1edc0fdea706b1f6f6359c0c1ec5e5b,7.85E-05,No
0x680800f9e4a4bf3d61856beb12f58f0f62c99257,7.77E-05,No
0xf85ea6bb6c717e733e91760f19d5f4ac382eeed5,7.64E-05,No
0xd5b3d2a4fac2372ceb7e84ed23be44aeb201f7fe,7.08E-05,No
0x7989e741e0859b8c46475424c1a4a95d7f91eea3,7.04E-05,No
0x75bbecbc4fa323d304e41dd383f1f1878288db00,7.03E-05,No
0xc19fea1b78a7e21e77b3160c10e69a3869a7b75a,6.90E-05,No
0x789c552f1f3ac2faa8fbd901cf4c3fd3b45c1a66,6.87E-05,No
0xefc5ca62315da3fe31d6e82fd826594aafc99f7d,6.74E-05,No
0xba431c3f9b6dfb27450616506b330e3dd5f72e0a,6.67E-05,No
0xd949b19355f86ced38aaa7b58630404ac46e9b7b,6.67E-05,No
0xafb2735179c625dd1d199b415a88a32c5d0fccce,6.54E-05,No
0x29f4bc513421e123fd9a8cd4c159e40405ea02fe,6.44E-05,No
0x5bb504e6f93e19c806d19083a8ec31d0d1e16856,6.43E-05,No
0x5cd4ef55c339ef01f79f494c0a568df90699aa22,6.33E-05,No
0xc0c3a547231ea6aebc543826bc55895b015467b3,6.15E-05,No
0x2b734fa9b33ce0faebf93ee0faca874b15beb2ca,6.12E-05,No
0xfdf7fb637a50192bc9016e6156babb3f9004ef9b,6.08E-05,No
0x3f6459642af95688bf01e34d73bd34fd121e47b2,6.07E-05,No
0x5e16073080f5886f9c79ff5f0462ec938eaaffa9,6.07E-05,No
0xd362054d9703de62c985222f40dd8b6b3ce2d8de,5.97E-05,No
0x1441bae48b5da3da1d6e48c2c5b033fcbf6ee759,5.87E-05,No
0x1ca8ac289dcc10d24785091161890d76f6d54dd9,5.61E-05,No
0xdf97540fd25f355ba8ed53a9ebbe3d7a3b37ee44,5.57E-05,No
0x90b90ed0266711066e3ca74a3c89582ea53de0e9,5.52E-05,No
0xe78bcb254e84231164b8845ac5d01e55541c8ab5,5.35E-05,No
0x0dc7eb59fd19687ced582801dd89856fa13b8f41,5.23E-05,No
0x9cf3b9716eb5ac0b8c4e8915796adb3f478ab0e9,4.93E-05,No
0x9a8ab692a6d73242c74a727ac7587aeda778b131,4.76E-05,No
0x36efd9914d30b16575429516bfff0f196062dce9,4.64E-05,No
0x1758ac3fab3c0eaba6314e098e23bccf456d33a2,4.61E-05,No
0xd6874acc7cd2f875ad577bccfddc16a939188e68,4.33E-05,No
0x3fc5e8cfb8586cda278b84a8af30598cdb6a4a82,4.08E-05,No
0x7244b81b70cd21fb720e8e43e6491d9b87c1c23e,4.00E-05,No
0x43edcbe5be576b5fdac57e3ab552b36a256bcba7,3.83E-05,No
0xd10242803c5a2b8767eb89d5360131a98021cb7d,3.76E-05,No
0x7b0b5fbb7b5ca042d82128f66965bfd185ac30dc,3.59E-05,No
0x20bfd85c389a85551a02c3fefdeb8b74402a79ca,3.30E-05,No
0x0c404f55595ab844d519a084ff1b8cb36aaad1d1,3.28E-05,No
0x868ce7ef95e86a6d00e1c7876ffbd01dc5b719ad,3.05E-05,No
0xc2f792e08197a582291add1413692e8235a3b639,3.01E-05,No
0x4d35f0959a19d97daa4be287c379194818299225,3.00E-05,No
0xbd617f592d27cfcd015f6d554b2e83133b663182,2.71E-05,No
0x71c38305448e21f9ca3ed8d89e8ad38dd0ea244f,2.64E-05,No
0xa4d8854db6e5405eef75da8b401da7d7c713787f,2.63E-05,No
0x3d16451a4b73e778bfec126025ba79716a17e32d,2.24E-05,No
0x4217f967a8923c071b2a76dc57e6da369f5bca7f,2.20E-05,No
0xe9bb842f4535fb16aefd984c4c06e97e55a50318,2.14E-05,No
0xc76b85cd226518daf2027081deff2eac4cc91a00,2.13E-05,No
0x2127aa7265d573aa467f1d73554d17890b872e76,1.80E-05,No
0x9a0e09d47c84f1ac3800e9a0fb0d732ca1c3f6b3,1.76E-05,No
0x3049cfdadc637212740b7061b2169e6e0311422e,1.64E-05,No
0x100ef369bcbc42e47b712cc6e29eaf141f70443e,1.63E-05,No
0xdaa11dd2f1c174391eac8c1426d5491b21fa9cd3,1.62E-05,No
0x47dc446e56d14c5a51fb7cff0aba7e5433754be8,1.20E-05,No
0x7ac90f34185a32bcd8fd74c20d54fb540d76ea07,8.98E-06,No
0xbd538a24bee43033adfd4eeee99003efa31c31bc,8.30E-06,No
0xc6fed6a9dd7b9c6e9ff2b0c5d88927fa522b6d3c,7.96E-06,No
0xbd13608eb367b9744a1dadcf134e61901d9154da,6.37E-06,No
0xad3c869c70ff66f1523c7cd462ef877bcf1ba93d,5.77E-06,No
0x6d7b212d1c91e735a2d0c3cca20074c4285e8a44,2.22E-06,No
0x6e9886ac892ec46a4cbb77e28b94db4ddfc8fb21,1.29E-06,No
0xdf001929353d47be8b50d84206910fad4c64429f,1.17E-06,No
0x763c823e2bdd66538c85736b1784031fa4d993f6,6.91E-09,No
0xdb19555be6b11da29b4dbb8d977db92fbed4407c,9.39E-11,No
0xd63946b12168e53c1e032492a3a24ba96f8bf26c,2.02E-15,No
0x605572243c30af7493707c9c8e8aa2ee25537e9a,4.69E-16,No
0xe7c0e8d137da24f8fe04989a7126a9b2f413a4bf,3.06E-16,No
0x6299dbe5be8ed5d5df9ff5a21b485c7da0cf3476,2.59E-16,No
0x6669cb45a853426be450c1b5612da9ad3a9787de,1.10E-17,No