"HolderAddress","Balance","PendingBalanceUpdate"
"0x73c65a848607560345d363848a94862cdd26a3d4","10","No"
"0xcbef46a7cbe1f46a94ab77501eaa32596ab3c538","315.316155007106","No"
"0x61477eaa5e33400acc353390ca001be0eb706eb4","319.845209735793","No"
"0xc0893fa01108f50fa2a04e2ccee815376ec56233","309.587870900041","No"
"0x9730299b10a30bdbaf81815c99b4657c685314ab","476.383075089931","No"
"0x172d7a92660006ebecb125c712fa0fe9dd53e106","99.9448428019857","No"
"0x65d3febc3112cef66be36df9a62ac0f94079bd42","1.99829490468434","No"
"0x87a78919adc0a79303940418a9c35ad7a5f31561","1.99829490468434","No"
"0x7bfee91193d9df2ac0bfe90191d40f23c773c060","177329.357439247","No"
"0xa64a287f973700388c631378067ab8f01618514d","0.064790066435764","No"
"0xacf87623ce89e5b0976d137406d77b271f31c422","44.9340363195844","No"
"0x512a519a8c6b35b6af39c3a6d219c56ab380da13","186.328107093361","No"
"0x789c552f1f3ac2faa8fbd901cf4c3fd3b45c1a66","6.8687099555794E-05","No"
"0xaad8f4b64edda413ab113fdb475be706e2503478","0.286314383050086","No"
"0x935361eb81ffe4eef326902ac37e8aba82edf403","212.745839201684","No"
"0xe78bcb254e84231164b8845ac5d01e55541c8ab5","5.3503911601612E-05","No"
"0x17103203eb867da8f0d5545cba3894e743c33a06","662.63071842317","No"
"0x3dd1b656fcc459cc4cf203b53aaabf8c85181f1d","622.283372314078","No"
"0xdf97540fd25f355ba8ed53a9ebbe3d7a3b37ee44","5.5727172234533E-05","No"
"0xd949b19355f86ced38aaa7b58630404ac46e9b7b","6.6676072666044E-05","No"
"0x44a3fa3c92f1421592ceceb4d717907a217ebc62","178.696216865897","No"
"0x70c9666b338795ddab8f4bd67f580b1d9234b8dc","2600.56291569868","No"
"0x29f4bc513421e123fd9a8cd4c159e40405ea02fe","0.985251058138722","No"
"0xa915023b3ed1e00e078789e63de079b4d6dcc348","200.453951552629","No"
"0x00987cbce7014389197f9d5468dab5a8facffee0","151.735650708183","No"
"0xa5ba6ae9cdf56761be100a33de63363660ef744a","544.601000755658","No"
"0xafb2735179c625dd1d199b415a88a32c5d0fccce","6.5435010190899E-05","No"
"0x0b6bf854cb7c816518a96317893e43ab219bd365","1219.02726459489","No"
"0x352ac32c9663fb7caac363f77b121c34d9acb420","0.30041981465769","No"
"0x82e9b5b3f64b424d00e554fd1ccd24d7e62b22db","8.98364277081625","No"
"0xd8e367019dc5c28290f1e036790d72b975d35eda","6.05521553344707","No"
"0x0014c642ebee2273d3790a485e4cf7674c34d886","133.714581519278","No"
"0xe7dcf2b7bb30c638c67c3c2a6f3bb18335570b92","278.486943121884","No"
"0xdeba9a360c9da03e5fb30d617b6d28426e3c7fc6","730.634091552781","No"
"0x4cd3210ce0e7aef75ecff5475b75034dc328b1d4","639.853076122624","No"
"0xeff1c603739cc71025c23b49c4d661e6b3df8184","2794.56158038228","No"
"0xf8f94c0733a28919dcfa6c52668c688234359d88","249.503438655034","No"
"0x4edf18ef30760e5d6500b789c9ed37d5cd6b2264","56.5527550896665","No"
"0x5fc75cbbcddf4398c5c2949a5736e299c1440576","8.1330911195318E-05","No"
"0xc976895017c81ac926478c26c347bbed202d0508","1414.86387150821","No"
"0xc87e3788764823ceddd132ca2e697767de5ed4de","658.57544560196","No"
"0x4bc0d1333d0a2aca84c52a96c089798a1f41dbc3","487.521291833288","No"
"0x579ea3f1e0617aa237e36c0501822b55be8d84ed","1696.28196968971","No"
"0x6b6f5e6a8167d72ac8951ac89e9d490a63912945","95.7820365158927","No"
"0x100ef369bcbc42e47b712cc6e29eaf141f70443e","1.6285187998136E-05","No"
"0x3e05fc835a92fa1ad481c623d1f5097bfd55bb18","163.645682827366","No"
"0xc43c932afd7046d2b608405b6edc0f4e03f990ba","0.426935711198372","No"
"0xceec48581b3145a575508719f45da07dc57fa7ce","617.490370363846","No"
"0xb1f56a37738c16d150c9aaa5441f056e65f4fbd6","997.561179909283","No"
"0xbd617f592d27cfcd015f6d554b2e83133b663182","2.7117784308399E-05","No"
"0x0030b9f1925408d79be83c7cecfffdbacb638e9b","12.2695343215381","No"
"0xf5a8e355621e487c1e2f2d55f0070a084427661f","24.938077889305","No"
"0xbba31530cd8e112be845da468b72fbbfe739387a","12408.787977659","No"
"0x628cc4601166a44e5378717790c8da50de0cce9b","2927.64172800373","No"
"0x54966ba0bef2e7ac9e3fd83c7e44c5fd47b4d8e9","97.9151054455706","No"
"0xb3e2a7b1295d9ee03e1f300dfccaab2ecd47ee53","213.882782032291","No"
"0xe73c22afa04271bd351ed38981f364c2bb4c978b","66.4110210260715","No"
"0x3172aee5e0b47bb23e87db93327f58e06e6a73b6","1015.25674847873","No"
"0xa59e113fbef3b4129baef6b5355dff683851afa7","331.263878491128","No"
"0xae5b56ca47e84b6c749e0454680c4161b9da9790","1331.63828084925","No"
"0x4d64152d23260f399af956c6a777740cfc263d1c","299.180799027197","No"
"0xf85e13c32734ea54ec31be5c9b3e6ed0ae40cbad","66.7092908829669","No"
"0xdd3fb1acb6d176852e70aa736e9ef11ec6d2b251","1129.29274430987","No"
"0xb86737f3b14de6eb7970e2d440b0ad91cb008133","210.346039079991","No"
"0x5bb504e6f93e19c806d19083a8ec31d0d1e16856","6.43486244048E-05","No"
"0xf61397e4b0ff46e78b34d5f72b49b4d46e8c96dd","4.98626511040339","No"
"0x9e3e4f6535c7d20853a271f4f45a81fded8c7daa","175.928643903858","No"
"0x001900845643957d031ecdb3c5fd84ef08f6aaca","1249.9517337684","No"
"0xfa7bd4b2b8ec60b35d881131f71d364a76cad888","0.861519872587366","No"
"0xd952fb344ddacc0c0e8c23cc686c10d5dda11a97","49.8615198725874","No"
"0x4c1fd4e71e38bdae5cc0dbce263dbb6be018b6cb","49.8537685750666","No"
"0x3f6459642af95688bf01e34d73bd34fd121e47b2","6.0749825707614E-05","No"
"0xb306e2dabc78cc94559c6b39769c254068e180fa","15.6369238665854","No"
"0xd4b1a5c065c53d89fa2018f17ad6396de87a390d","0.717961686614942","No"
"0xe4e98e007e5a4a5a73a4ba2254efeaae131cbc04","18.946211174561","No"
"0xedfb6cd3069fe177c1cbe63c066cae12d754d124","199.387321402455","No"
"0xcd8b301ed7ad1b3ad31c144023d75b1b8a5021fb","128.252354220715","No"
"0xbd538a24bee43033adfd4eeee99003efa31c31bc","8.30000224746E-06","No"
"0xef4a6681fbfa02b677b4e09b595ff94d8d794c6d","100.304755643322","No"
"0xab2e11c99d8830d5d9b2494a565c974595e39eef","7766.91438554884","No"
"0x07a009e9e98649bff954cf3032ceb3e21e020f49","132.137060297347","No"
"0xcbf382b27fd7ef5729ea350a68e44b83e89756f7","0.147874788465173","No"
"0x463c31d1b752d39fd205fbaa4cbba6a8541aeffa","129.603418648832","No"
"0x941a95e58a293f1d8b5b43dfbde07569ca96bd90","8.554936521721E-05","No"
"0xadc045001169071580ad97af8cf5efb7f235a719","0.0158497960483093","No"
"0x8f9be4310f9abb0e5843cc6363908c9b01dfeb3f","9969.43002315953","No"
"0x4572581fc62d4477b9e11bb65ea8a1c306cbba3d","755.991071285059","No"
"0xae8e6cd806ab8c593984ba275b4a2e45b27986eb","465.258619005456","No"
"0xa919538ceab5c64608945865835dbc10540feb1d","6833.4642385544","No"
"0xf17faf9978b2f0087e6c78553ede42d15abf76c5","786.567081530811","No"
"0x934dff4d5e1a5138d9863f38ab959b07046dba45","1995.24950307725","No"
"0xfb91a0d6dff39f19d0ea9c988ad8dfb93244c40b","99.6913368464549","No"
"0x7909759b82eb27ab3cc886c5f3fce3a72a565b39","619.707067207492","No"
"0x11cf16447f9312b4ffd1c99c4390df04cc8e33ac","50.533538647468","No"
"0x2957dfa6c3cd17810e6f77fd9b14af1f27fdacc5","35589.6100094743","No"
"0xb7ad24ef67e01c5a353477abf81e867cab48a132","37.2643772265337","No"
"0x64df7af696e0977771a0e1e1b1a8dd22ded3cf4b","13859.9589344265","No"
"0xa839199ac9ae19b15265659e45c60b67bca1b477","66.055548550035","No"
"0xfe0d666e2b1a69d57475c4d516af1fd47fd2173c","9.96904853749416","No"
"0xd15ef7db60b1bbf54d0c9c56496f118add9ed02b","0.798317305618317","No"
"0xcd950256f924a0eadb6b705f7a43edf1f67c92fa","2.986198509584","No"
"0x5317ef9170f26112fba458958889c15af78dfcf7","0.446305836330308","No"
"0x11f11dafde2ed523cd935184dd28876ce52f1652","891.856693141237","No"
"0x4d39a1758e3f5008123f81d4c1d2fbaa6ee27aae","95.7018255635544","No"
"0x7ceb9f8ceb7f6ffba4897a72883c4a9c0a241eb5","146.498726280944","No"
"0xc0fca04ff8721462c53d848610818b25427b5b29","333.007735993833","No"
"0x10f22cf62cb5a88e86f844dd21674f757057c30c","79.7508922559874","No"
"0x4f086538ea410fe7ad1fd369e586cf39dcca024d","285.111817796751","No"
"0xf47462597741c21032e36f6299422818ee67615b","50.7203367064149","No"
"0xba5589313ee771863f923aaede36027901364aa7","259.187710000561","No"
"0x495def9bf5ca8b6b855784a65cf1e7c27081beea","34.8905027385916","No"
"0xa4eaa59ea27a22d5e1b5d0a048991634de3ba14e","278.126910471611","No"
"0x585e184dc84968f83e5702659e7e4546545979c0","152.222147774247","No"
"0x3d2b23962ebcc882f9f65452658bbba9fa72d170","408.716965209177","No"
"0xa0cd89ebdd3c422925696bb1baefb6c3ed21d8f1","4073.51510988741","No"
"0x526fd056069dcf7b5c487af4fa2b6ecc846e9152","116.035543432643","No"
"0xc81f4ef4fbb4fb8e7b92c99bb20e8afd5d32d50f","454.571449620484","No"
"0xde312cc0910eb6b6a30e9ee0c9c4a08c40cd2265","279.122914421451","No"
"0x13cb2a37ce9b30f1ba27f527347dc636e33272d7","1010.19225297713","No"
"0x8351769502d43205668d6cde2b83b362122f5f4a","117.629774643967","No"
"0x985116f8c174fe13325d36685424d1796cc11f51","15294.9594128246","No"
"0x84820de436c3acc9412e43ffe571737113718269","670.178023257413","No"
"0xa53c56ee83b2f0cf3d00b360ff79ead4d7a3a663","0.000315141015411773","No"
"0x0327d97fe559fb16b3c63d90927487186219283e","718.573761864807","No"
"0x9a60c82cce9e97ebc78bfda5e81fd705068ef9dc","12.2241571495963","No"
"0xba96a2ba89ea249148ee599d2bbcd669de94d4b6","1820.85350379868","No"
"0xfcee120094854fbfdc98ce8a80b8057bdeb928a7","416.805873709624","No"
"0xdc7aa225964267c7e0efb35f4931426209e90312","5330.79337458874","No"
"0xa930042ed3c445cdde4566751f304a0bb25db33a","39.8435895344954","No"
"0x346d3581ccb117c09b6f4d34c576a4651bec99ad","7.96871790689908","No"
"0xec13489d022102dde8234d8c22b25b0bed2e7b54","39.6043089426524","No"
"0xed50ae645cb182d97e9cd59c7e939a09d54e70da","21.9138359738245","No"
"0x03ad93e9f86e7d1af7603d968db5898110091fc8","0.562403192830856","No"
"0xc99333906d6d3a854f819617f6ef48870ae78435","101.838576187629","No"
"0xdf001929353d47be8b50d84206910fad4c64429f","1.166144078163E-06","No"
"0x249880a80769b060a9caaaadd2cff1c2f9072150","51.8262220780949","No"
"0xe69c2f976bdf4eb965f4807c03eedf810fe7c97a","2.98824341312448","No"
"0x348914e7a022a6dea361ed32e2555db258d3cfbd","197.990188069737","No"
"0xa9bea5c0c25e4d02d56cbfe9a7564c3ccf599617","780.065960866118","No"
"0x0dc7eb59fd19687ced582801dd89856fa13b8f41","5.2264377352478E-05","No"
"0xa23b4bc39070fdb30779f3e587b720fefef328ec","159.371532085822","No"
"0xd362054d9703de62c985222f40dd8b6b3ce2d8de","5.9725819872443E-05","No"
"0x6bfc2cc988c513a481607777990f7799e84b1442","29.8821622660916","No"
"0x24435da3acbae0532b2fb12839a938a78b32911c","73.8436864128714","No"
"0x0604e36672dcc192c4880dfc7fe8b39ac8e3542a","1000","No"
"0x868ce7ef95e86a6d00e1c7876ffbd01dc5b719ad","3.0528034987721E-05","No"
"0x0998460853abfa4d8ef6f2591aabeae4d060fb93","1843.84569823228","No"
"0xdbd7744f7defbcffc0a327ae289ad6345861c467","479.813685428482","No"
"0xa768b6a093198aab126f199ae9bcb234ddb62326","4.9803089369964","No"
"0x29a4a663c6b44e4a9b49a429ef09bf3ed3fbf9f3","393.862751973423","No"
"0xbb6182a3de745892dd68f50f3ebc890ba4719de1","15.5352477386854","No"
"0x1758ac3fab3c0eaba6314e098e23bccf456d33a2","4.6115354010332E-05","No"
"0xfff6b41a29881fc97bd6e8778529b1e37597d94a","12.8583412764774","No"
"0x1d4ddcb0e96d99f417919bc9c94b8348dc837a32","1602.69615158868","No"
"0x7a1979a89c39e64b4c2dc6fd87f4f719ae96a0ec","607.175421067701","No"
"0xc19fea1b78a7e21e77b3160c10e69a3869a7b75a","355.663180573566","No"
"0x708800fbf7a7e8e65b1d8bbf651c5c32019e7325","2658.67392254752","No"
"0x4e8ffddb1403cf5306c6c7b31dc72ef5f44bc4f5","3677.7710282792","No"
"0xc2fb773304dbe9215fa1ff1aae87815f4f8a27ca","4.76112417936999","No"
"0xe7dabc911f5a7250872da534a3ea5dfbafbbaed4","158.372122284483","No"
"0x2c123fc5c27888571cd525e8ae9b0c5ff848386d","15161.5313264284","No"
"0xc1c1d9b640a87a38b0c6dcaa045c747676d0e8e8","47.9993697950083","No"
"0x0ed2442c03091bd58cf49710d793a634ff695b7d","9.1136231928883E-05","No"
"0x33f844352144a9ddd91542b0adcd8ba0dd142e93","33578.3458133802","No"
"0x995b14dadc423c93c816d3a96d392a0a3f203304","1.52992974209329","No"
"0x6ca0d65fe5c8700a5cc7a2c3bfe801111a1ded1a","2434.57352607844","No"
"0x9702235d4999201f3ab13226232942593e84b576","612.562787321415","No"
"0xa4d8854db6e5405eef75da8b401da7d7c713787f","2.6313878657264E-05","No"
"0x2717c5753df40110905921d77a64c921e1467221","966.11300348837","No"
"0xe9bb842f4535fb16aefd984c4c06e97e55a50318","2.1386668285308E-05","No"
"0x518a8463ffff4435431d889e507fa1a9e1c34502","378.191144800589","No"
"0x04e60c358da4d51db8c7be369b94039af465adff","497.577703205483","No"
"0x3d16451a4b73e778bfec126025ba79716a17e32d","2000.00979803769","No"
"0x90b90ed0266711066e3ca74a3c89582ea53de0e9","5.5197192771389E-05","No"
"0xf623146b3ee93bc86a626732ff177f8470ffe9cc","121.515210952155","No"
"0xb76951378af8c5ebc1c93d0a41cc902ed19e729a","2.98807111004263","No"
"0x968fea58d680060ca1c547884ee40a02a8b53c23","764.335298835876","No"
"0xcfbc091f167bba962790e23ee2dda557938b8baf","9.96014977149968","No"
"0xbf8ab1e63a9b883a6b5a396cb5a36138af6e020a","9.96013665917097","No"
"0x7ac90f34185a32bcd8fd74c20d54fb540d76ea07","8.981758240086E-06","No"
"0xa275d3995032b468898c6aa80e132a307ac086d7","0.98668007103175","No"
"0x3bac1185ce631d2aff051c4894beaf4071be1993","296.157932413452","No"
"0x006be8ae03459bcd73daeda911de34bc98f387a5","18.9046685585621","No"
"0x3560af9b737676483f8c8f2803ee4f95368941fc","5.97487895858491","No"
"0x763c823e2bdd66538c85736b1784031fa4d993f6","6.909425497E-09","No"
"0x6fcf9d80e2b597f4b3fa764b5626f573a9fc93d3","8910.8347651977","No"
"0xfaca00c761491e853f9336f378d903d87b77b68d","996.927590401618","No"
"0x49d2ee9822027e4596f9cca57c1b52285b1e938d","344.804683318759","No"
"0x90c341b5af48eb1777cdc2c985b547a8eb9ea9da","7.8895843345283E-05","No"
"0xf18da6a854c715e2a6cc74c3f12c9c2417ee3312","13.0592188719096","No"
"0x1cbd483cda3aeadcc668be6e1252b01bf3824411","98.2469518359578","No"
"0x507f0f88f638aa8a9b26a954a1e0ab680f663d4a","9.0873292575496E-05","No"
"0x60a6d0d70046bad24c50d93db91218987c265d86","94.2773177883953","No"
"0xd8d462958fe3194cabb95d502f1ad7ddcf7e0558","0.00130482288289389","No"
"0x4958ce329ed1eb97e02c59cb847c692941081219","1290.10903178629","No"
"0x25955561740ee18502b1a329a664c2cd77b23e48","1131.32533573595","No"
"0xda9890c4d573fe27f79c0665ae7e740c6a11412f","551.566640286788","No"
"0xdcdc977e90ad7980d8bba4090dbb0eb70530b845","0.000902776393855398","No"
"0x237f1cb9c39ff08d7c3127749cd82e2967fb38bb","49.8074725682409","No"
"0x47dc446e56d14c5a51fb7cff0aba7e5433754be8","1.2027901199324E-05","No"
"0x41ade9a5803b4676917411dbb439d357965dbf46","2127.73339689552","No"
"0x9fba5259a1a4654212849e87cfdf5b28d5bbcb5e","25660.8300316837","No"
"0x1a920434d3e1320cb1806e14b9939499d8fc8e56","8.1026073684102E-05","No"
"0x9b328488a8f0fa20628bb959769f0ba78de06466","2154.47092879225","No"
"0xf5fe364d18f4a5a53badce9a046ba74cfc97f6fb","246.163252159672","No"
"0xc31372db84e456193e72a162928539c8f5999ff6","139.017315479561","No"
"0x73719c0c85a430ab716bafc6a2a6768e40f7d334","2537.37659739712","No"
"0x795f50722cf5ad82f78dda8dc8f7b235332977c3","1461.13294265185","No"
"0xa865ff51d15dcac4973f73e13a8656ac3e748720","123.964580640945","No"
"0xca247f64ed79b76b2555971b9eea802c68d1db2b","935.870700462935","No"
"0x48aaca81c945e1e84da4d662e0de579522bef4c6","32.8955247693922","No"
"0x92cb71850aa43263ebaaa1e0ed3e78cb984915ff","1298.08779184168","No"
"0x60ed33735c9c29ec2c26b8ec734e36d5b6fa1eab","99231.2938147808","No"
"0x49e37446d862d0e29934aaf51cdb128f9c9ca4ba","14.8846828537177","No"
"0x2b95890732184b1017cf61cd92b0e42cb8b3ca17","992.311068412693","No"
"0xb87e0cd193517b91364a04d510ac23c7c20a32b7","19.8439474468564","No"
"0x7989e741e0859b8c46475424c1a4a95d7f91eea3","7.0406427153738E-05","No"
"0x23a057a8289b8e636905cb9ee46b791ab1ab5f63","0.992183897753971","No"
"0xbe19c6549874591367f0e1f91ec8aca01ae7b2af","571.149768694702","No"
"0x2d5fb2f4ba7cf302028ed417c16f22a76b835a51","8.6751386147861E-05","No"
"0xa7687975c0af79f9d821cd27fc01722a2ec0d8c3","4039.05844576149","No"
"0xe02c707c40c9184a5bf6c3ab1ca2609f32989822","3026.04651715828","No"
"0x64ed2d64912e45d004a64b0f9f3d759533c395e8","401.782576895048","No"
"0x103fd682da21ac6c6d600db095975ebacef81306","48.6133107477376","No"
"0xbc5e6cf484d1317ee285a1a441149657fa424a7d","6.42909264685E-07","No"
"0x59f76c18a614085e16a0b9e8455b8999f76b0dca","956.984181883032","No"
"0x4dae5b5bf3dc068bdfec47b8b402aff28fe6707f","1357.53805302978","No"
"0x7af3e669ebc7e6be1a6c4bd6f6f8981b2f1b9032","148.640818569188","No"
"0x40ac62d5aa80ceddab0de954c29bd62c75d514d2","2.36833488510262","No"
"0x4ad9d5d0c75542795c5b92ebf34f63a52464a5b9","41.3814483091843","No"
"0x6e9886ac892ec46a4cbb77e28b94db4ddfc8fb21","1.291771103892E-06","No"
"0xbff36b0e434f7ddd28c523571c3b9f93f60132f6","9.5598192512705E-05","No"
"0x5e16073080f5886f9c79ff5f0462ec938eaaffa9","6.0682356728046E-05","No"
"0x7da08fba7a69c67c0d06fd433af0c53f9c75cee8","314.531827386105","No"
"0x2c640ac98e293daa246f98d2828e328a06fa6936","9.90897142401161","No"
"0xce8fc6755efcaf7f85c28901bca4f4b936591542","171.794849151721","No"
"0x89a1145fccac1a2a9350ec1a4a486e4458d26274","217.434936760256","No"
"0x826088b7174bd1f07becf359025fa751e6ac11cb","9.9087860892624","No"
"0x71c38305448e21f9ca3ed8d89e8ad38dd0ea244f","2.6376099427166E-05","No"
"0x3049cfdadc637212740b7061b2169e6e0311422e","1.6437889665357E-05","No"
"0x4faf6d6819a7f9085ba6587b867ec6ac20ac6641","319.467881171992","No"
"0x1aa98720cb03fee96a17cc17919a021de143887e","51.9992675535517","No"
"0xd95efda6a57aea121d2efcc4dc0f14a93d5502aa","720.166569902514","No"
"0xda7ba364dc71527055608a76f816bef129ae6dba","20.2879379737526","No"
"0xc3fd1227da579220afeb28b400dacc4ad6523c7c","271.620767103244","No"
"0x8565faab405b06936014c8b6bd5ab60376cc051b","0.16130843069034","No"
"0x680800f9e4a4bf3d61856beb12f58f0f62c99257","559.027458466131","No"
"0xab7559304ead66d8ca0bc1e0365b6d1ae89c9077","84.09003090025","No"
"0x7a8b10716e2e473a541e9e990e711651425e5413","2572.81048616132","No"
"0x6c8e15ec8e35b6ffb246d60abca2ba81d4e247f4","8155.71802846734","No"
"0x697203445b51cc43664eeb8d87db3117425b3f52","159.524648141793","No"
"0x606233fddcbdd318de540395536e03708738cea8","56.8596114730651","No"
"0xe73b5632ee888fdc43c1e95885d746ffcef07b16","160.039751167239","No"
"0xd4921407422a3e64f6ae78a0c38221a1119c8b7c","435.959021520639","No"
"0xdd8a1300d7802a1d00f4da440bc0306d8ee77701","88.7081702174526","No"
"0xad549c7fcf1bd3e57bca464d9dce0a0d561599d1","89.8188213425664","No"
"0x0545a605a6b0c42bb5bd01f918e17d7347095acc","401.928614514828","No"
"0xb7d1fea82f881cac4720a78afda125b33a02185c","43.9074732115454","No"
"0x5cd4ef55c339ef01f79f494c0a568df90699aa22","6.3263848635533E-05","No"
"0x9993ab06c1edc0fdea706b1f6f6359c0c1ec5e5b","7.8479648138099E-05","No"
"0xa42aa9581d82e538e4c0966e9d88ed2090928219","7.9130018831345","No"
"0x54c053f4127b6ba19bacdd7bbf45646d95cae49b","9.8014999788905E-05","No"
"0x010afb8548a5d1a3a3d62f58ca0a5a1329974206","0.494534909811553","No"
"0x639e82fdc52b3e6e5dca32ada7d73270e21903a8","733.764886642126","No"
"0x85af33a8875e07524c8a220f5ab2922c69dec15d","10.8797679906017","No"
"0x3b486d3b5dedd0f87c6a58a2217cdc305cd43a1b","1.74076287849628","No"
"0x23554ea86b2a86111f8a2d3a65c0b1d39ec0c9b8","247.26753380178","No"
"0xb3c523b3c77414837c5ca605be570fd9a04d531d","19.4563486937306","No"
"0x1c9674667d8468204452c52d610a0883e97c22ad","0.790663889948452","No"
"0x2b62cb060e78500b482a02acc7a111b62d46e5a9","1535.93338869436","No"
"0xb50f74390506fb87b7847e6f6e562db9c7f741ae","57.7317835304068","No"
"0xb910119f8b1838a95f9fbcf575e51e1e72469517","1582.45345723272","No"
"0x0f7c548c3c100e1ad6a1f092d95884cc4dcef4bb","280.054682138187","No"
"0x656ff4527625b80c1516414fd0f965e6d24acbb8","2.69016454829757","No"
"0x335d81bde46e127228b1e6a767b9a5a764bfcbde","493.862781451069","No"
"0x973efe3a49aa9257e2a5f1e7e866df7e5ee96d8e","3860.17062036196","No"
"0x1e1ec9a2a1d331192eae8b9b36b8df9cef3a0a6c","24.290431355494","No"
"0x7fa3715bfffce74a55d0feca8f5e14cbefd4c412","679.451157799755","No"
"0x2b734fa9b33ce0faebf93ee0faca874b15beb2ca","6.1197032365974E-05","No"
"0x67b4f300e6623dbe6f0358a87b16727781df2160","293.724427567117","No"
"0xf48fb2676746809d59a4753767d0cf391d072620","88.027783441967","No"
"0xcf3c8e131ae0838d973bd0711e34f3199cfd2949","756.85767425134","No"
"0x19223782ad6556b0de843156e968270e32a5c10c","247.054322336593","No"
"0xad6034c145530682ed7643478b6678e2e2bbaad6","642.854066996608","No"
"0xf6cac2bf40a8c6dd6052b443627a24a86a75f674","49.4484531688479","No"
"0xde46215e67d35972f4c880d59969dd08a4c9fa28","488.545350821094","No"
"0x408674fc7fd6654b345b2331bde6336ab3ea10a3","1.97792921133225","No"
"0x1d5bedf6b017a282eb7446e86e7c2584e89ef466","4944.76657025453","No"
"0x68deb97e36275fe189f4d9db80e53aa96b17a04c","0.898366878089005","No"
"0x7244b81b70cd21fb720e8e43e6491d9b87c1c23e","4.0024409297407E-05","No"
"0xd98b668744767ae6e9f437c0a09c4e414e05f832","360.966146894295","No"
"0x8a213bef3fa155c26f14277a7a3b16dce39772a0","9.88948566078591","No"
"0x9023efed128bd40917547722db12c396af044b50","155.451786857928","No"
"0xe6374801ac57d72ae89e2bf56c7bdb61fca90c30","725.500053215316","No"
"0x7542a876bccb7ad335370e27c0e0988476a95f46","237.345542440133","No"
"0xc144e32f2a0db6507fddfa630628b80468c05b75","3544.76556574099","No"
"0x9a0e09d47c84f1ac3800e9a0fb0d732ca1c3f6b3","1.7644856712011E-05","No"
"0x9eb39d6694fe7cd61be2db9791c1bde45abe15c9","98.8929632142902","No"
"0x4734e2f2d5c314dad4ab38403b56dc0c48d2e5a4","1.65151248567865","No"
"0xae53c04d9bccc1198167e538782805546f851603","325.154549549729","No"
"0x0c404f55595ab844d519a084ff1b8cb36aaad1d1","3.2759417229824E-05","No"
"0x1b51a36bb32ba6303e76aac15ef2058d362a59f9","726.843031008195","No"
"0x1fb9a4d95f9271ccaa758e1f51ead80dc117080a","239.195635837092","No"
"0x491002ab1dc8878e085f75d21faa6efba92ac2c0","10.8777717738333","No"
"0x63eb17f24fdf1a9e286831fe21acf72c975e88fe","286.707121032395","No"
"0x03b3fd15405225146cc87f51f35c194e3c8ae590","105.810581693741","No"
"0x2bd0c9219cedeee318480cc8419941ac36e16c98","133.499332043505","No"
"0x7b0b5fbb7b5ca042d82128f66965bfd185ac30dc","3.593527375076E-05","No"
"0x475476708ae9d5ee62b0e977aa37d4dd16281926","636.457475625949","No"
"0x6d38939de57c10b880f1eb2227da45ff9174a095","3.8776117865728","No"
"0x9a8ab692a6d73242c74a727ac7587aeda778b131","4.7597558690458E-05","No"
"0xf85ea6bb6c717e733e91760f19d5f4ac382eeed5","7.641028477501E-05","No"
"0xa045622d9e30bf5f9a510089463f759773927308","72.2226703444188","No"
"0x71a0adb369da76e300a9ec9f6e1ffcba6e185182","1757.23319055942","No"
"0xda5d339742caac045b625a5dbe240162932f2c10","506.484702255837","No"
"0x0c1fd8441c36b288ec0f77e12ca8ba27a27b28bf","49376.1250480708","No"
"0xfba3db1f52fcdcf93f23b16650c5b2443ac38763","84.428642638444","No"
"0x841d4ff88010194dc7d4370e3ae94be1b4caa573","8.5066643507581E-05","No"
"0xc9e3ff1da87f942a54e91e83cef6dbe97af98a38","701.683862072844","No"
"0x1ca8ac289dcc10d24785091161890d76f6d54dd9","5.608600617049E-05","No"
"0xdb8935b2e0002e7927fb7a109f31e5f7f2e73f70","11.9053719881825","No"
"0x4929f4d38f2955649b5aa34343da04cf790b9d92","110.268385651766","No"
"0x783ff1952e1d8bd4a9d60d579f92cbc4b8c6ec4d","0.0708713035236156","No"
"0xdba64f019c92649cf645d598322ae1ae2318e55b","474.646503002994","No"
"0xd8db8f3369efafb47175e9078b83d6c4f724bd5d","9.7333123681174E-05","No"
"0x22da1eedebc60c1b8c3a0c48f5c81bbe2b943dd9","425.369008080058","No"
"0xd04f7a558d972dd15fe44aa18266259dfe4cc52c","100.98548085191","No"
"0x65d7624883ac2a33855aae52969b5bd80eb4bf4c","158.602423621487","No"
"0xc8728ae130381eb77fc9a8b715564b00e83e19df","0.0389462973603598","No"
"0xbad81e37c8d4657672e4ae61ba5a49084dc5949e","231.941116027319","No"
"0x20bfd85c389a85551a02c3fefdeb8b74402a79ca","3.2998521664599E-05","No"
"0x1b6242eff17df6e785dbab2451d061796e7e1f3c","59.1505647775445","No"
"0xd390fc3c23ab8c8bd20416f1abcaac05637ac501","640.075808448849","No"
"0xfe3f16b1cb7ce908b5386f6643a691526d2a0a84","394.666007204778","No"
"0x870dc279570833a8c5a72fc7972681db9a96cfb7","565.521007880121","No"
"0x9cf3b9716eb5ac0b8c4e8915796adb3f478ab0e9","8.826173332905E-05","No"
"0x0e0934c9cb01a700b2e849e4b80c85ca93939c9d","8.2199970643448E-05","No"
"0x88512cfc901adb8e17a143310700d6c4bf036f6a","9884.53013943057","No"
"0xdbd30b8a960264a5d0af925666199320ae3e629d","2681.80812774306","No"
"0x147695813ef21fc2999cb7a145ffd9554146f721","50.6166260872694","No"
"0xe9af007819204ae349808a8c12c2c5134c6a1f33","450.165967265369","No"
"0x2994d42ff4547f5c88f97fe3c11e4c97f85a0283","47.5682298896075","No"
"0x156e6c5a2fac34bb2fcf2ac1bbaa0e75bde3ac4f","16220.9125892921","No"
"0x9fbd237a72292a475d6470b7be99a9c237d28fda","0.00372557399069318","No"
"0x3fa9db8d720679e8e5213f6c5d88fab766058e20","1403.24453710533","No"
"0xf3080047c88f0561b310dfa4e79592f277e13b26","52.8561604605136","No"
"0x212607b0b98e8b81cf7127858491f00a9aa9e382","0.49383395739861","No"
"0xfdf7fb637a50192bc9016e6156babb3f9004ef9b","6.0757865821137E-05","No"
"0x60c4ae0ee854a20ea7796a9678090767679b30fc","908.655923396603","No"
"0x3cf4e2f525c3e755c4aae97846379ef703252288","4776.69652374083","No"
"0x29e9315ddbb5c44717d64bd6c0550a692819413d","1678.67750410224","No"
"0xce9332f4d44e9efccc64f88c9bd23e288c0ae5a2","5916.45335915085","No"
"0x246d9f7dae566063990d9bf138a8b38c59089310","27.9368061395431","No"
"0x4217f967a8923c071b2a76dc57e6da369f5bca7f","2.1994049397608E-05","No"
"0xcc6a751a0e644b445984d74f176e9babf46b2a97","10111.2213221545","No"
"0xdac12b6ddbf055ee542f0ed460a32d1e9f361ca4","9874.1951670876","No"
"0xba431c3f9b6dfb27450616506b330e3dd5f72e0a","6.6710957436337E-05","No"
"0x203e487561135682397e48ab2973b2d3c28c4633","99.5469035378491","No"
"0xedd0d71f2b7703e1642ea83d8a6f9790acda1fda","648.315541663217","No"
"0x5f8c61ddf6a4d971866c5923409293fc36a6041a","3146.4043763464","No"
"0xff409f636a82cc1bdac186afc247632b7c8bb5f2","98.7255550277055","No"
"0xd52a4333bd8cc9ab3c77df19ded4900b7849a07d","5936.27750256459","No"
"0xb93aeb0e49f3c9e1f8ddb96460e44d478ca1c505","200.000029259016","No"
"0x0b788b9010252f7ec849e436ad94e8bf0ba327b2","29.6174907602914","No"
"0x3813f37d9f24190174b2517d955f691cb643bdbe","0.00724419864772993","No"
"0x2e60c6ab792fea9c1824301dbaa717d94ef799ba","21.3629778956704","No"
"0xd10242803c5a2b8767eb89d5360131a98021cb7d","3.7550509873207E-05","No"
"0x8930360f12530e92b5c67f736b4b59d2cbf840f0","158.370448680694","No"
"0xf4249d74da493c9fca2d3d7c1f5743029aaf7b0c","30.0345894660567","No"
"0xd63946b12168e53c1e032492a3a24ba96f8bf26c","2.023E-15","No"
"0xdaa11dd2f1c174391eac8c1426d5491b21fa9cd3","1.6218010727726E-05","No"
"0x65c2433db1fb9e6eab8be06460d599b3ab645d58","1942.78963373625","No"
"0x7bcec44c7486143ee875103de66006047cae8df7","203.729929517872","No"
"0x73d3094a0e3bb458415f7c7e630cb662193c2b65","49.015105452608","No"
"0x5ecf70427aa12cd0a2f155acbb7d29e7d15dc771","0.00502119171440808","No"
"0xc6fed6a9dd7b9c6e9ff2b0c5d88927fa522b6d3c","7.958181991663E-06","No"
"0xf977516d80205560ee3810a2241edddc4fde8d2d","101.463432666772","No"
"0x22afacf0338db23d9dee2ece5399ec6b24ac8ab4","0.803735838626047","No"
"0xa2326de0f8209eb1b11c85d015cb4e8812e01243","0.0987184263456769","No"
"0xde670a7b89b532d788bcd1cb27513a8e1b016793","89.0190309235935","No"
"0x6d881ed51c6e660a44901a81be6363b68f5d8a37","1461.80644196182","No"
"0x59cad07cef1e55d861fb106fcc95afbeff29b06b","99.7047464486236","No"
"0x89b123439a9fb0e03c028ff57d8bc0fc444a7008","1","No"
"0x6669cb45a853426be450c1b5612da9ad3a9787de","1.1E-17","No"
"0x46b512b6546675024e09c286a3ab38ce21195f6f","9.5911485483275E-05","No"
"0xfcb10582215d7fa7e65d6b31db47380056eef65e","0.0663459652074326","No"
"0x21373fa7b22ff7492f1a1909f4e87706c1258dea","0.929903067738684","No"
"0xa5db108658794763ea82e7c4643e0e38b13578fe","208.153301894775","No"
"0x78b3367b0f547cd16bac453f788956afce92447b","174.725154711465","No"
"0x0bb75bef057da63a0ae4b25fe9adafd35cd92b87","126.781571224229","No"
"0x2ba7f536ff0a4a043c2f3c25163f0384681657e8","39.8385574686647","No"
"0xc5c60f47f3cb3a335474eeb69009d611c040b7a6","218.792186117608","No"
"0xd6874acc7cd2f875ad577bccfddc16a939188e68","4.326426951496E-05","No"
"0xc6d84b7333ccf2db3362f5acd944da2dcc304d06","43.4159452856928","No"
"0xcdab759a1d97c166de67f2826b1ef276b04a31c2","159.849660335414","No"
"0xe00eaa2787a8830a485153b7bf508bc781e4a220","20.0179289680835","No"
"0x5477729b43a0a9bea8c41367c62e7864123b57d8","205.87903959205","No"
"0xb2ead8bb7446cc130c3c515fae31c1865ed66aaf","139.606230454154","No"
"0xb07cc36fa7d15fe4eeb90e301f200c93b4f4e732","84.8950539822674","No"
"0x3fc5e8cfb8586cda278b84a8af30598cdb6a4a82","4.082756021139E-05","No"
"0xdd0d9308906a83572a0dbe6c0e77b43c8913d013","392.633843343249","No"
"0x686ef78d56f8c25d101acd3b515fbf07597a6884","176.789612029451","No"
"0xec23615309aa1f56d5d01647e9c5d562ff375ba0","8.024182218432E-05","No"
"0x6b2d4ac2655c55712340d071d9bb030eb293e3e1","1523.34495446881","No"
"0x0ba08ce2e477c8874f162e8aa87deb41357eabc1","207.190290734943","No"
"0x95b0d63c84f1576365fd16ef1b3c6199f365fc09","33.0188110191368","No"
"0xa166b7be23a1b3a0b78ade3da22b94338050934f","251.779194115064","No"
"0x34ec9c1d89ce8afa701d079fd908fca95f49667a","532.824026071443","No"
"0xa0839d50d601c0ce86677a03739f802fe614ba22","6.31853962272114","No"
"0xb60dd5f030b68beb38fea0c414771acda899fcaf","40.4384096055469","No"
"0x1f0aa72b980d65518e88841ba1da075bd43fa933","2093322.86011329","No"
"0x46ede9657f86f9a9407281e1ce20c7f3c81ecaca","34.8501379924284","No"
"0x10e11e6443904faf15cdb944f3e99c321ccc6199","601.236064271955","No"
"0x6d7b212d1c91e735a2d0c3cca20074c4285e8a44","2.218053009691E-06","No"
"0x31849cbcd3ab8835455296ccdf77ad78af99196e","2194.8966766729","No"
"0xcbc61fec68d43c788cf75e6fb150fd5012eb82b7","33.1616076849132","No"
"0x3de6467ace006530d6747aec4a2a3a0e82a5f3ef","4.70972175711188","No"
"0x0464349e7012a83c965d672e9eca3896a1260624","317.804870417252","No"
"0xf5be11915496f1f4ebe822943a537ba396a88ee2","876.749306540874","No"
"0xbe1505483148122424cd67aa7f956362ee5e3f47","1119.40314212476","No"
"0x6894cfba360d3564425b6e7668ef16ef38b5896d","46.8159679853593","No"
"0xaabb565c60384c0aae0b99509e48d9a5c38ce693","34.8602029489189","No"
"0x826b43b450e067d9edd45df6586e0ea8c63b6be6","19.8708142312828","No"
"0x5e672fe3264ab1947177aaca2add08a537c31c75","52674.9016914518","No"
"0x9720bb804aca0a01bff95af749b34eca59ed5fb4","346.175288355634","No"
"0xbf7a2633cc06f9bd31fc523ba42860cd266f97ba","3.94406974329438","No"
"0x288d3b021202293788d76f76947c74a65450374c","1291.66116824839","No"
"0xbed58fa67bd966a40460b42f065dcccb0fd4fe4f","573.855869088199","No"
"0xa49e4b4d21fd95aa309b9bf3a4550aff55a28786","241.56158652432","No"
"0xa81f1d717712f340bff0c3491f15c003f18082a8","232.711706986737","No"
"0x3a74559bb28cf3cd19bd5c2dd0ca91e1682c7a94","136.869948649129","No"
"0x2b794a9248e3138fc52999a3361c69e69e243cea","94.822504175201","No"
"0x10001ccabf3c1ac226850ae08fddfe12fa1b459a","61.8392752487894","No"
"0xa4c34d2417818f5c9c3519164ab9658989624e05","249.02357657227","No"
"0x54440fa580d86caf161bff05eeb4608cfc11eddd","54.5812735971137","No"
"0xaed4d26fc4038c12ff9170e10839e4988d9ba721","59.0715937378817","No"
"0x77ce1eb39a3228ba50d42e7dd1fee7bbfad6ec91","51.9050728571561","No"
"0xb4f6fe42972d98e3c6b44c8eb575d2f2cc3bec11","32.3247607513528","No"
"0x05d6641a7bd37d0609c2904612d285d81a580f16","30.7112770864034","No"
"0x2e3987afd23e8f893595b26bb8ec28bd7ad86693","29.6504252352978","No"
"0xdc082dcc8c2dbdefffca1218e9d704d56d6af0e5","43.3511058297734","No"
"0x38542600c1085f498008910f64aaefacd4af99eb","25.1087343253408","No"
"0x82370899fa41488934a1dbc49ccacae3da59ae1d","38.491901258392","No"
"0x070d36b43bccbade0127d7222449120ee73b558f","24.8115909937634","No"
"0x9d4c61a655112e40ae415901f8a1386f7c3c0529","39.1773077250566","No"
"0x51e7481970a1398d98519fe98eaf06818488491d","39.4410250083597","No"
"0x0f503e827d6f2c4a656c8fa68edbd7408e8d4fc5","40.2482301896377","No"
"0x9e32fe0f9c10c050267bdd093d6138b35d7745dd","26.4344296077577","No"
"0x27cd2d00801648f0fd0c1c2a561b1e251e4ba284","28.2723111525668","No"
"0x700c6823b6097684aff6f7b55a2470c3acd53b48","43.9678048674326","No"
"0xedc47ad07e8b096f6de4fc9e95f54cdb817a401a","29.1178690425418","No"
"0x7b0b45a527b721286bb18fc85188b6c25a518da5","29.0782397893004","No"
"0xff6936bf3605c19d21957699b22a099158520356","28.9624970338841","No"
"0xb57b4038e7401aa783e112b3613ff32853d4fed4","25.0843338590374","No"
"0x8f962266a2b4aaa61dd245cff22f7c4ad3880465","55.8229752340741","No"
"0x3e6cf30a3f0e10c06be4879007eccfb6dde2d9b6","23.5159042883758","No"
"0x9b8b23ae82a568818d7ef79a62b09be12a601f30","22.0949833572437","No"
"0x54a1f5ddd2ba9250a3ce1872f5e0eed3a6045da1","23.4933002898076","No"
"0x27c6e971b84edc09203e3defdc5a9d54dcf1e9b7","36.908746168204","No"
"0x5d8b84fa939acc9c987a094148ef39088a08dfd8","36.8091149023929","No"
"0x2240047b3c4bdf4fa2a4907c7fe4c78b0dd493b5","22.9415674135767","No"
"0xdc78875298d7ac6a7df206489a798ab7bdbc8dae","22.9888021380342","No"
"0xb3c08e7ebfadbd773b2f6e58ad8dae4bf77ac0ab","23.4678584029094","No"
"0x58e70116f5d72573bbeba3eff46b19f4409bf400","20.9956683146503","No"
"0x1fc3d23da165eb6d1406d7b5092bb073b0c4c747","21.6235344497142","No"
"0xf7a14935acca7c99511f465f97715d56bf80c940","22.5601427341772","No"
"0x06e19ff4e3db4b6ee9ded17d8ff1e57e5bdcdcd9","20.8137794020063","No"
"0x8ac6762aed27ab4d2fdb72c0ed27cb23d8ad0072","57.4088363747804","No"
"0x8559665a14c4aa0ecd918e7f9ab30d535b83a8b2","21.941301532282","No"
"0x3276a7d3d975fb39b22bcc109e5bc946c3bf9766","43.9514898937259","No"
"0x9564e537ffa443ff08631681ba4371b405c83dd9","21.6411305685283","No"
"0x5d9918e75e42c269ccfaec07505ff257daf74f15","22.1848617359351","No"
"0xf1ea9d5e13c38d010e9a0322c0fcbfdf0f2cb2a4","21.3808720748626","No"
"0xe7de6f592f18de3520be98ca158cb984b1bd869d","22.4263869108054","No"
"0x93296469ddd3303c97973b7445112429ba7102e4","36.1356333936398","No"
"0xd62415fa6682b918be6e91a99c833856f1216dc4","21.2682174246307","No"
"0x4d51906b6f1a7ee0e4e90f423f78d208a9cd4fbc","20.9563939339644","No"
"0x9f968135b0bfc9003f4c6030c08b62c02a3a66aa","20.7813996203518","No"
"0xbfdb02d5f62182c422e578173bc90db53c876116","21.9421198172342","No"
"0x1a372f3ec11293977de6c37b8b5427c5827514a4","35.4810980538484","No"
"0x5cb8ec651f3be7c6a3703091a1a1c5f6deddb511","20.5082672664885","No"
"0x7ef0be5a5a4040d7a7fc925cfd0974df3d472627","22.3515033148345","No"
"0xe39532dbf1bfd19a5d9b1b69c390a128a2d0b608","22.277623204903","No"
"0x50b8bf0ede760e38742a72380ef3f1f9a777a069","20.503436079093","No"
"0x60f1f2082e545c242b8b4b7073c33b430a808ec7","20.8570592885672","No"
"0xdd56b81704468045d8cc585300deaae974064f93","20.4959590522798","No"
"0x0408d02ce3b6967ec3c7fc1d5fe8687095ef18de","20.5093700505533","No"
"0x873a4a10efa2ef784b531f60ad63d8e75b9915ce","19.7474631321601","No"
"0x216b0f365def614d3a1f9d1c731ed25dc2670a2d","35.1634912747887","No"
"0xd795bd8bbf90fef5740cd0d84e138b62e941a45f","10.9919262817913","No"
"0x4e58db3c3896f327d9dc8269d8eec890d50a3cdc","10.7664494094928","No"
"0x63987c8f67f646ca8a2b8fef9bcfc024f8d79173","12.731899010038","No"
"0x1eda4b4ffa2002f0189982813fe0da3eb641cce5","10.5289688398654","No"
"0x7d1cf5489744aa44a1d10aafa571baa4e4240f08","10.7807472067894","No"
"0xa9844d365c5c9e0d46cb5918b59a81b3c25aaee9","10.5338156097116","No"
"0x686828f1c0210454d6f1bd314ffe905c073ad4da","15.7695863988525","No"
"0x3986812b27cb160c4665372897cc6ea88ae41303","34.4794336641781","No"
"0xf28e24fa49135b438069bf349126d840a14aa5f3","35.3943407326341","No"
"0x2d61f28c20477e42ae509e53010ff941e382f4fa","61.4237361465246","No"
"0x33f4bcd41214e12a46ea2b373f365b8a4da79bd3","20.7644339219172","No"
"0x122d540ca691b500d91cf2ff840d150dd8c4a99d","34.86124871336","No"
"0xa0591e27b0acdedd4381b3c517c32afe522f5356","10.7486934066624","No"
"0xed38f1a10c229e7f50873fbce55da63baae12624","45.227721056119","No"
"0xf06b41406f0a6d57ad10b5fd0878728931c8dabc","10.7317860146897","No"
"0xe1dbe0ac6e4adbe8dd9e1c24b0488f88fd68dc68","10.7015621448072","No"
"0x8bdb91ac9679a0165685b95d12511f0cef62588e","10.7431536627143","No"
"0x1db9bd16a15b14bf21196cfe7bac816ec90a2f75","11.0312836804652","No"
"0xa7a2485941da2217562fe0111928cd4d949f8f24","10.6808809113347","No"
"0x2e6965a75868177b5baff66d21b21a2af49643ff","10.7240246694046","No"
"0x1189880dfd8be58932a6acc8da1ed09d5bd02eaa","32.1512955119661","No"
"0xf78da336815bfac8799f5b65fe74e6d40c3ddb7a","11.0418190272915","No"
"0xedb3f06a387900a187cba9098cdd231d08b23ff4","11.0417081043776","No"
"0x352aa94f36d15f4f49c442a78d5c887773e0f097","10.9590474934355","No"
"0x1a297f0687fb1c5ca02a9895634093b1d76d670d","10.6977166418609","No"
"0x9ce347eebd24519fa6bb39437d40226e5d589b4d","36.1345436683298","No"
"0x2e8ec56c7c668a7817b814f41f0ec2e16708ee4f","50.4997510433282","No"
"0xaaff6bb6d65fe6e9eb65e205ad062be7f644f404","10.5265514788742","No"
"0xa8ee7573eb370ca20831cf607b8ed0eb1154e8cf","37.0267812716794","No"
"0xa65ce7f22d246cea8e5e7a52a3629b5717305db5","13.6361375821407","No"
"0xd1d7eb1d3cfe65d5597f8185e76353ddeea5199c","615.919765396852","No"
"0x589f2cf9f10cc216d4e57774b54fbbac4461b079","190.195643373209","No"
"0xb8147ab14838b7b97eebef0c99e68707f7e98ff2","166.816017110421","No"
"0x6ab1f37e72cc01968e321730e64ad0fd6e70dd45","150.14964140941","No"
"0x29fff108df5d5c3a67d221ac17549ca76ac68c14","92.0994292394407","No"
"0x7e2dd4b6d8483a4b9406cd95655839cca625d509","65.9504410757143","No"
"0xc91d3e85c0ee10650118399551e4b98f089f66b5","83.320238580804","No"
"0x34e0d0b2d9c3ec8bde1a0a37db81a836804e9d95","53.8145820403611","No"
"0x0f45f18e71fd887500689e7b031a5ae56c3d02f9","47.2569427952828","No"
"0x24e54be736751e2b9b4744292891156176630ed2","43.6251054158848","No"
"0x3d918cb136d872ae8115aaa39bbfe63b8d7a3f79","67.8022436791277","No"
"0x99df1c74b59fd46f6aef50a0399cbec6a91c2f4f","28.3891934918653","No"
"0xd7c69d4f68ecadafe3f4f8ab4706893a54d951fe","33.5602797087556","No"
"0x84be0b3c2aa1c6f0e7478337b0dc9e18f5f7e7c0","32.4391202602082","No"
"0x79c2f2878c37529b6f882a465dba9ee1aba76b33","30.5184705896203","No"
"0x0b1bbf7e192fc296a19507e84b2168c4f463f14e","25.3872030196369","No"
"0xef02bbc7a50c6de47ecd71363b5f502236a990ef","25.7080211301289","No"
"0xfa4bf0557a0f57e712104e409702108f7c6fb808","41.0238180962648","No"
"0x2d751ec3b87e720a46d5d2e78b13939621db6295","22.4293396162077","No"
"0x38ab6c85c25208b1c212fad165377871e14be02c","47.8851106079139","No"
"0x4e314eb0e908b8045d6369cbee5ef2ecf77dbc23","32.0346237902043","No"
"0xd71afd4e63a63d1528e056f85a4d01c15b9a860d","22.0593403767521","No"
"0x35ffe6676152045ceca75420ca7825b441d1b7e8","23.3023243412758","No"
"0x1139e7167366f729804e763494e03b1930f6aae3","31.5890188769671","No"
"0x4b79a50ee70da1b95621432474092f168c3616b1","40.2666866046945","No"
"0x3f25956484a361de194780676568214c74c3c85d","21.1775237952724","No"
"0xc74d36b59cb274a5d2e22b616ca878d3623bf076","18.6868557207092","No"
"0x2b7b47695a5f5daa3d71cae5031243504648c8ac","19.2273964258657","No"
"0x196fa59bb3d7c6397c5830330ace564c859e8917","13.4684552482737","No"
"0x26a89ba00d534d2105852c1cbe05173c69279572","22.2551817549313","No"
"0x6c9e7fdd536494cf0a65948b8c9c58d50cc37705","27.5046052769614","No"
"0x18b2286918157ea41e85b75e62234195a3c467d8","17.4155984973094","No"
"0xc6e7d512b93cec5662423af3c10bd2d71dac0c09","18.2419607673213","No"
"0xa3a90e9a337a719565b1a8db50aec8a1944e3551","12.0188167947389","No"
"0xb66ac94f7f22e4f37751385a4304b0ae72bc3629","24.5080439772599","No"
"0xbb10457c11e3ce65a4610d698a2c56f2bb04fc7a","16.6329424668357","No"
"0xad25a49bf9acde2057f59447ef012f95fb7d6b4d","17.0021462002199","No"
"0x491f07e3cae2a0653264e0455c0f0dd57341b941","15.0486291401858","No"
"0xc64b32542423401ab0316a5aefc1c1dcf87c4eb5","22.686315479417","No"
"0xb180fb495ae0504ede376304648ca0acb72c98c4","24.1862858015211","No"
"0x5517b109811affd88a2d811f663aecc93c3aa548","22.1150067706355","No"
"0x1a6e2a70cdc0d1392e2d9bb01ff105de6831f0b8","15.7347099355793","No"
"0xcc06a9738f80f2ef8a39687c01fcd92f02a04bf5","9.50454250239251","No"
"0x0907fcfb5d778f0effb2efa7c235428aa6151fc5","11.4947190807129","No"
"0xb975cec122df92d37a95caa3b938847e518ed006","15.4551369922431","No"
"0x00f162a9bc72bad389a988622e728f5b86618ced","18.3080386745558","No"
"0x844ac6c98d1a20c1bdc3d911e88bac5cd32748d6","14.4261864891954","No"
"0xaaa18c6cee58d3e37b300443cdf60fd44ec95626","14.8956359699081","No"
"0xd5d3b47346fcc7cd9be672921190d0ced1f66481","14.209015584816","No"
"0xf59a31c41ae8ab1a967fecaf2faa5ac274a221b2","15.9660283425327","No"
"0x54f8cdd9b8c8a555e1459f0c42a227fc9e51f3de","21.9397766333064","No"
"0xb0d08bd1159859239a2130dd318709f2dca792da","14.9583266251181","No"
"0x1abc7ebd3a0ea33a9dca30ebaaf77075db31850b","14.7577576343531","No"
"0x731b05e283e9e8ab9bafe19c036b963f3362320c","10.1665263800431","No"
"0x8ec69f71a02846fff8f0bd8ae55d0dae9bd4528f","14.3816901075188","No"
"0xcc9b3e2a46c88d93cc6cc8dd5339f049b0d2e329","14.1881495284327","No"
"0x7c9cd75d400facf41c79de009641ef0b40118bed","14.075485362596","No"
"0x9b56e4848d31ba295391cd3774b616f66d817cb0","10.1358436480407","No"
"0x3c86a10231c3bef41673f20bdc6238b1a4bdb9ab","23.7757559505571","No"
"0xb515c1dc465a07ed51d09b79abb874c85eac060b","14.1114952311359","No"
"0x6b365941d82ab95858df5f805c34adf4131f7a22","13.8561048479621","No"
"0xd42a6f7fad027274205c923c3e984c9d11147c1c","14.8858552165969","No"
"0x1ee8acbc2cda9b8ce2391702acb34f22770bf8ce","13.6097961448446","No"
"0xb5ece2ce1f709bb54d5e0487a93975e2e0744a78","22.0216586594654","No"
"0xef7458117557172659c12f042d891c3f005c91f4","14.2718650239379","No"
"0x688d1b8f0945676b6a4e96fbfd355789f54d8d3b","15.4752935815932","No"
"0x47b9309dd1b595a9814a2a275106879be5c83a4d","14.3395027751127","No"
"0x1a84a1de9b3c7be9612f43b703da8394f3dc8fbc","9.88015468750935","No"
"0x3a77a5ffdf1e2c7d5a096645741ff35cd2578a3e","21.0147726195716","No"
"0xbba4ff36d10614287882914f4ab509a21b255ad9","13.7155885607696","No"
"0x3a91c6c631c56d55d57f7d8a3fcd5add74b87f5d","20.6010029198985","No"
"0x8c7be397e794147d894dd099d4af1ac7c47310b3","10.1685923645057","No"
"0xefc749e7aa1542cfb077c6e598248ee0bad347c1","15.3079765417422","No"
"0x8c0c1190b5cc30c6aa05832431f638b267457738","13.9931174244516","No"
"0xd720353dbcb9d35e4a6c700bf600002530aa7101","9.88525399725512","No"
"0x4488cc10c66d3632b5e2cf42ce61b4b8f9538bf8","23.5498335317245","No"
"0xd07f10af92f83bd95acf07d325520419c2443536","9.10746581215531","No"
"0xa1b1b55e2053051e55fa50fa712a288f236e22ef","23.2926071396444","No"
"0x34e1e90bb4d0f2a8a7a32c9fd0f536bc18c18e57","30.8296799321536","No"
"0x6187ef788705a4b0a59a317166202f52522b52ae","26.9112233158774","No"
"0x692e2d8a6b1527d56d79cbed956f0a9dc5a05402","14.1793054907759","No"
"0xec75a462919592a7dc7f0322429ef7f6eee5b384","9.71561482639936","No"
"0x6e56da89977a86b2f08b6a913d189cc29cc49147","14.3077742515858","No"
"0xfbb2cb9e67c4e183b6f9f8f439e37e378a973bf4","8.91557339678626","No"
"0xdcea0a33af989c770c03096c956011ea989d6acc","8.99616661925907","No"
"0xa6afc67a770103441a9c65a54126cd28ac2d66a5","9.66385115324448","No"
"0x2f4963f45684be5ea63e9f04d5cdf2e87bca8268","9.16789692988788","No"
"0xddf2cacba862b4ed3d25ffa5c919bb62ac8c1b10","24.4487829510765","No"
"0x5f55e92ac0c7874ccf2b8234aff585dd42427c96","21.4249355773911","No"
"0xd5a3508166e07d39b08c618dcf0b4b2ebbdb4c42","14.4960618492044","No"
"0x596c1f3b615d8959d330f014ff3448a208af6565","14.6216999485609","No"
"0xe8e5a7de18e307e0f5d49a3bd957cdf8eb6d37d5","14.6769671367123","No"
"0x0c0bc3232731ca22c034d0be2308ce6e3546a57e","3.7040790035698","No"
"0x87f51229db632229830acc12b1a1f63aaa487a29","3.65596901848856","No"
"0x2708fd0b70e7235a0d8ed91b2a55feb04a7a8265","14.6209986009502","No"
"0x15464866d167c39abc2615b425938895482ba7b3","12.8952840939838","No"
"0x64004eb2945058f29278e2d2eb2a3740ae5e8f80","14.6538258493569","No"
"0x3aaea57daf9ce061366a2d8d2ae556f438682c0d","14.5978467333334","No"
"0xe8620b18cbb536e2a0e888abe8f0c6d57e57b9fb","14.6014322506098","No"
"0x39855034cac43bb878a86fc932521518eea6779c","13.0565262253224","No"
"0x629094141a061399ab085fca102d7412cfaa0c47","14.6093914266541","No"
"0x413a805d497fcf7561bc3997abc0c96ced24b80b","4.03177510743765","No"
"0xfe662dadfdde88ec9a8b9e821baaa81d8115d3da","3.6987416405725","No"
"0x9496ff29347f553ead1df3e192ca4e358b788dbf","2.05663195995526","No"
"0x693e9c28d3b76c64f12ac7268193ecf5bf8a09b7","3.98639814839293","No"
"0x3cb5e0acbed710d5c27bd3de9bb89b11fb7a1c15","3.65435908852826","No"
"0x9c9d1aa9cada3215277d44023ca5c7120c068a7d","3.95674153710617","No"
"0x4a3d28572817e683f456957e349b4049aef6a18a","3.61639364071018","No"
"0x024f9e0b4276a454964e8c9503544e8c00695d60","14.6487316473565","No"
"0x5d535aea544f065cad2b4ac379b9d9968679d2af","3.90996855989371","No"
"0x361ff237d06a2ce74d33f2d0f588b1388a043b3d","3.94008121478202","No"
"0xebafa8eff55f6e7da2c6dc74186d93799f1e990c","11.0953908806804","No"
"0x52595526a5deae3c7f6a0748d4a772f9541a9cc1","4.72737564100885","No"
"0x2202bb73dc0c931ca53e6157f82dadbc445e5999","10.7012503529762","No"
"0x661c390e73b877570face4843d23d4ab492689f5","14.6715279584207","No"
"0xd477c88eeb23b38ee23a874852a8b2db09275e8d","4.7596280847611","No"
"0xbdb09526246e3d07d5acac3a13bb37288410db80","12.8951032448787","No"
"0x99beef456a1cb71d4f1e82a1cab111c857147d95","4.63451727466779","No"
"0x3ce21aa6bef99de0009a02acc8980f02aca9a658","14.6317281932074","No"
"0x959857b8fb776d3f91b0291d6560ae6a37c257cb","9.7625525420488","No"
"0x8c10af0926e2a6360d17741d460ac796d747bd84","22.3991674941879","No"
"0x9224e457596f14d67571e8ff2b2e91c8084360c6","8.84076728045148","No"
"0xc5e2a38451b7fc935eca5aa6c8effc5280cf9bdc","22.4918033687833","No"
"0xd8f99ccb6c3ad2445163389b9e94924a948231cd","26.1440788319347","No"
"0x541c83f2b07c1028873c1d947ce9f9035fc8579d","23.0141025969792","No"
"0xdc179fd8251b5ff4f67096109372f3634f89640b","21.0219654227688","No"
"0xcac4734236ec7f1088c8d29787d50ce6a5d89d6b","10.7659585161919","No"
"0x05d23ee5d4a6698eb35a04b23fd6a9776bdaa92c","4.73058140128064","No"
"0x08f08948fbf68fcbd89db7b98631d09d2164a405","4.73190463833757","No"
"0x08066bf326fe07758614e5c53d150efe5f6bd2d7","4.82983087889799","No"
"0x90c473d4bf89d55e3509ad78088561e309976e1f","3.96661586118184","No"
"0x7e9e45243eca997c09b60acd23881497b43b224d","13.1678288739929","No"
"0x7bd65c6b3d7317b701ab05c83a42cad3bebf7d18","12.6908205679925","No"
"0x1bcf45d4f064ae331f1908d5149bc019158886ee","3.67861507579326","No"
"0x9c2e56909f7713aa8898e2fde11b903c1c522564","4.03649425218008","No"
"0xccc2a4a3eed9fd3622dc9f9cc651a4792da458cf","11.6800350038763","No"
"0xe922d60412829e34abc783969e11935c55353812","9.88144319487746","No"
"0xd88805d02dd8d66a6da0a5052fc610d8c688941a","4.12049008799319","No"
"0xe5e9fb29c530e05ddda8ce5d547468ca98cc7f87","3.72182285526632","No"
"0x2a62f709fdd88fb54f6ca4e1059410d94f01eaa0","3.94568729944507","No"
"0x439c442cffaa7393e08c1dd4ec37cea2fbd00e92","12.7609439445012","No"
"0x3d7936f006e415cac39431b03181001dd1465fb2","4.62466551258722","No"
"0x9e55a379aadab164b62008f29c5bd743c5a3d254","3.71784694215073","No"
"0xa0be77d048e18b9584c74d36e67b9581f79b4b68","4.03590373551355","No"
"0x4333c32ee37d89ab0c6d9710b388438137fdc991","10.6426770981766","No"
"0xf9697570313698dc65b033b2217a3d3f96b0e49a","4.63410402512836","No"
"0x91ee14f201931958a2db393dded2ad59b2590be3","3.93929389724725","No"
"0xe93d446b520727a605b9128627feca394800adec","4.73971569548424","No"
"0x7f7d6047b4dd87357e2ed7857bb4dc828ee79466","4.62322590764064","No"
"0xba035bcc049796d0114e4ae735fde4f0e4640251","11.5573381106487","No"
"0x3f8731feeb46cefdb054a518bf99cc8cfe17ed9e","4.84204154158982","No"
"0x4c1781c6eb9ed1218dace5e20adb61e85ff5517c","11.6338982882601","No"
"0xeee0ce2e306992cf42055ecbdf4cb68f9f3feb1c","4.74485473367453","No"
"0x0cc99703d08883fd2ba3c114bd13c7b85742fcb0","4.60961834504014","No"
"0x59ae96095708f535d68f1bf9347eba634ac9f802","12.8801573598868","No"
"0xff35360d7bc0e229b795f6fa6b1447e20a39e09e","12.3969729154336","No"
"0x4442de86b15db19f4fd2855fc6c4157524cf518e","4.03997412053909","No"
"0xe2798b99724c5f3d9456f1dbf7d7edb2c7885852","3.95345289781424","No"
"0x876ba03769716daf768583e8c622bcd5d699c37f","4.10101725182426","No"
"0x21c089992188c27b174f8d7b830198021bd4e78f","3.71693616013692","No"
"0xd54170e691daf665e98dfa8932c2a151a3dc2027","4.70453255961915","No"
"0xd75912400ed45e856f552b8b799a0d12c119e566","12.9581370585243","No"
"0x59bdfb381ca2080d0d042903e776d3dcb548050a","4855.55607475845","No"
"0x97131894a68066f467d81760fa71e851c9a8623b","1183.15186204269","No"
"0x78e70c3fba6c44c562e50c8fec9b1871cb1a3f8d","526.676190760361","No"
"0xda4d4520f337088ab2a5868eaf378a7dada42127","96.7549812975924","No"
"0x6d3a2a29b620039e0d6d07ba43a1feaeb34f5ae3","54.429431362004","No"
"0x4fde84a6650522f4e2cf63c752dfbd7b09e6957f","29.0778574684588","No"
"0x6389a236b7ccd7c5809b37f64edcac129d0ff043","17.3674148877725","No"
"0x9da824771417bcd54352276c2e2cb51f4bce1f24","39.7383694367425","No"
"0x7cfa9bb33e9248b481e859097fd3ee9493723bd5","52.4494311698229","No"
"0xdc5f03f59e4290801e34ce5064f72982e53d026f","46.2136215402738","No"
"0x42985a8ddd78192422a635239b7cb5fdbc5177fa","43.0465854029304","No"
"0x0324b3eb6085c293ff64e1fc7b7266612016c032","35.7919371090263","No"
"0xa606b917c0bbe0bc28921b40cff6e4ec58e12317","21.8917601252919","No"
"0x7905b63a358a4a36ac1c2513f1177763a99606a4","15.5366705490076","No"
"0xdd9b8c508e1de45c09d9279ec9f972936298490a","22.2525807744104","No"
"0x139267b135942416e1d2d9cb8e67b8a4ff213557","469.636656941435","No"
"0x9bb3061381299331577cec49ed4636d887717a6f","11.32445034525","No"
"0xf2ea68eb96e8ef866c5b933686bbb97af4ace06a","22.2275309908572","No"
"0x1ef108f2a033f08cdc3198af51505d8c8f8bd7f4","43.6992509271176","No"
"0xc6f998ac10f27b3ffa91f2ec906c3f23b82214f7","11.5187003289893","No"
"0x7ca3dc2055442b34f58cfab5afeaaf27add14704","8.90027785509292","No"
"0x3437c5b790b878c357acff653349aa5072ea5b00","4.92978874947656","No"
"0xe32710e018f6cccafb4a123f25598e15086177bb","60.7609054592647","No"
"0x7233c8a6fe0cd34dd22ebd578780b7051b2a9b55","53.606716429866","No"
"0xc0d803001e3e707278f7e348641b5302dc186205","32.6387261627349","No"
"0xe04fc9a4ef6b40dbd417bc4864f553d2b5e0789f","39.9128699132686","No"
"0x54b8c480d6e2287a3ba87100e34b945be4def20d","24.1897226174496","No"
"0x27319bd6cb05ea9eb202b79f243a84689e8d7c79","52.4382462568514","No"
"0x1ffd6081944de42a6b89ff45d0090a679c04cde4","30.187528755172","No"
"0xea8193d56955af64d360e18dd9e0edfe1284c6d0","24.8021900918097","No"
"0x984c86ba57eedb0e8f5580b16f3f0953d04787c1","17.3303811318508","No"
"0x8678cb1855dbd9d557d968723069b8213f8e81d1","16.9714065222013","No"
"0x967caa684715e05c6bfca0b788c032dd02655817","24.6875033686401","No"
"0x181db0dc278cf7b9488c6cdf9e27c69d0dd0f168","25.7442889046923","No"
"0x0d1472bdedac63675b0c02c0de71a48d57626c12","23.546175297506","No"
"0xe4fa803b8b40efee9f99f0704d6e411fafa93c4d","16.0321167896482","No"
"0xdbf133d2bdaf2ab7f003ef2b10a792bf483bd133","14.8846247717002","No"
"0x3205eb7e6cd3d1957bf8ae5dfd293644a294894b","5.01941975826602","No"
"0x383884c8b5638dc4701d53e1ee0d4ab6abb9d361","16.0812910501384","No"
"0xf4eda6c0e275c0ab438947d3eb8f7229cf4dd0d2","14.779548579106","No"
"0xdecb701145785ec9fb3d7441747171facb852eac","46.5636212649793","No"
"0x5bf5ab5a7f99fb2c75e6213d14aaaa7d0109de9f","42.0819462836165","No"
"0x630511c8f88244fcb22894162c42cc40e4f11ada","35.1369067459744","No"
"0xaceb122f86eb1aabdfc9f9149c9011df537f83ca","99.7726136174454","No"
"0x505d867c40931bf56393f23cfa766fff8fa406e3","40.5378031164594","No"
"0x7627974e190bdda082f252a4f5acfe6c0e93d364","9.85933021120443","No"
"0x9df0b9794b7fe8ab2a1e075e72472b490e7e18fe","383.790755738374","No"
"0x8d9cb774f51345469e3c439f6e16e6bc2cbce8b9","75.2058715289539","No"
"0xbee23be9fe64364273422108c32f3353474c033b","93.408528962101","No"
"0x1affe9044f09ab85dce37d3736ab1343fe9e95b4","87.212884633579","No"
"0x46c207d1a45ee6f56f09dd61e6b17cc640615522","78.1793360950937","No"
"0x26265be60c0bb5db67890b525ac2e455d8ac18b1","55.4691553299341","No"
"0xcb8bc1726d1d1c16cddfb49d8c9f7d7c6b105948","55.6280050676817","No"
"0x87926c74bbc16d963ad7823c4c27e3592836aa3c","65.8927779135889","No"
"0xc799b5a9bb0a0ca4679c48f70615678b96e1cb1d","55.3191618785474","No"
"0x7fbe597dc576b5dd0b95e9aa8f009562a146ee7f","55.6271674721132","No"
"0xea23f651989f8f0b54b2616f1102d01e69f2807c","13.1634131593698","No"
"0xca4850102541699ef93378aad89c2d62bcd90ad8","64.968490845765","No"
"0x5eb21f880ca96572df2c60a39b292d7cb977d232","61.0257882922176","No"
"0x9f1b9d139263945dc827810413d4fb7f8c7eab3e","51.1502484642964","No"
"0x2a7145bf7dca99100eb389a0cd4fed3f5693bd97","62.0179509609454","No"
"0xd05e71207ac6a6ca2d49cca76b131396a85d45d7","24.1786496514678","No"
"0xc254111b291bd0bc4f84c9853921f44df645807f","15.3090086545587","No"
"0x10b980846f7998b70812a503de34b1b7a2418b7b","7.26023421257274","No"
"0x39b6e2c1364edd06d1c6ad17efedfaef3180e3c5","8.94439537843749","No"
"0x5610102d2bfd9fcf775350d80144c3a8850855ad","8.69184258484672","No"
"0x16d3ad2d014416a2f6bba8183ee35347aa3c2a0a","21.7741996999949","No"
"0x9e1925ee307c23e0969b6a21d6fc9b9817a0c084","13.5235682356853","No"
"0x2dec62184d4828cc45525666ca142d21d6fe09e3","8.61270635927789","No"
"0x72dc506b1bb29ee1053d8105dd73da1b618ccb22","8.60460612209582","No"
"0x12581725c538df73ca211751525f56672bcc8707","12.9022134479366","No"
"0x4b1903eb55a4d3a160252c209ca0c5ea38cfa1c4","6.32268253548771","No"
"0x24ad8726cf4bbdb99d2875f31ce04296bb796a98","11.2660601914406","No"
"0x59957512fb52509682050951718c6ece8e1f92ed","11.6555768039527","No"
"0xf09ee8429aae9749e81abc2db80c1bef2101598c","4.94831442343582","No"
"0x7c86c5276e35bc544b22f479f31148a3bd3b6b3f","4.83419674118912","No"
"0xfd9e173edb21bef255d774c7b51314f92e9f31f9","98.5915248521689","No"
"0x94046b4000fefc937f9ae219e2d92bf44a36393e","526.83959379797","No"
"0x1fe76a17ca910a75d248f6dca3b209b61cebbfe5","8.44266577776924","No"
"0x8cb64bfa876a8f73a69d40e978d49ad8a9cb03b0","78.2370976358782","No"
"0x1c163f698c45aecdadcfce86d5ccd2a5d74e2989","3.16867297544898","No"
"0xc9f9cf5add3f1588e18124daba679ee0af85f1a1","23.7080078499957","No"
"0x73566a72ab0632a9ddfca81e50483ebf93b66666","9.76582138284642","No"
"0xeb93529ae2a4b3950770c52ba4c96572048f34ae","5.45619027714676","No"
"0x8d4bfb3d8ac2279fbc063c11480ff1a802f47444","14.4569727916852","No"
"0xf9fd00df5013006407a6bc49cefbe027fc5ebd37","16.4759040067944","No"
"0x6962c018c808123edb5f6be7b9275fe5161ea4ad","19.8146945100795","No"
"0xd98695e2fce07e908c9f523387b1b1f8eb9d41ec","44069.7176692425","No"
"0xde35ebaabc73ac403fb5ac238b8b3fdf6db4bf79","9.5073784398576E-05","No"
"0x41bd49fa8e0ebe0bf51d3a99ea03e75412c77a17","7.46194041589761","No"
"0xf36e208ed3c7dd3f40ebc485af1c2321bad53455","5.80360767732901","No"
"0x10b47a5608b8b9ed70fea53dfdd2cb6c03061774","5.53847356941794","No"
"0xaaa8566d50e5a8e077af8c485d0c6e228704db62","21.1690432729247","No"
"0xa9be3a8e1eed7b035697173cea87b7820462cb85","4.91908508864884","No"
"0x67163ca6f31c181b855f1d1cb980ae2b0c26c621","7.89503832503086","No"
"0x7acbd923995ab7ddff5b8f4f58d2c3f566452247","9.8721127609551","No"
"0xd0960c8e37f06a70c714972b15293737296077c0","9.86674242117751","No"
"0x9ce77ce1ec01d24797733da05a3289e693ce14dd","10.9283125748819","No"
"0x8ff59b10b76721e1ab062a0c6419b0a5c2e2475f","13.6600084780257","No"
"0x6a9c491feb779e7e97ab7c9c78480c711c8729d4","15.2747062315768","No"
"0x13d4bbf43f4ddacb8b33893c7102d9656625afe2","29.7299417057538","No"
"0x5cfe6163cf78ff91aaecb0ba9e3c2b27266fd3ad","31.7139539856464","No"
"0xa916ecb229682bf15483b3bf1a05eb0c17766c73","43.8441219001004","No"
"0xa27f63ae40c30096d64e542e2a8e0226f7acf026","64.3666807497582","No"
"0x1a3a26b655304c6635974eb444befbea11ecc860","66.9595941246807","No"
"0xe6e252497ba00582a639337556ca752fbd042427","67.192614492594","No"
"0xc4e2cbb8d0b71a1621af3416eff2ed8c2999b4af","119.663913889046","No"
"0xc3ee951d510aab239a5baf329086dd10a6a80629","399.305951014063","No"
"0x68921a19cb3c23a09774e5ccdc315dfd501ebebf","13.5544512671692","No"
"0xbee2d469aacb46251ae33cca91f482e26c971dff","5.06841008658507","No"
"0x5da5f4c020f856abdb168fd35c957d6006ba2ede","98.5848519801963","No"
"0x0b81ac392fddf9d9cdebf238757df5e834a8afe2","53.831106523228","No"
"0x6ac56589da6de2e5646b6726aed3d10e22ac11f3","73.3949128176297","No"
"0xa0250975727ed794954e46ae9263b5d843934b13","50.611072500698","No"
"0xbd0c297b251fa50cb64f16c475ebf2f6aedfbf72","45.8844219167335","No"
"0x264e0b35922fc1d119ecb2e19500c7d8450518ca","27.6298609367554","No"
"0xa115315ad9b7cf8cd899ac8c53d556639394a729","13.2217349105389","No"
"0x56c99de0e894d9ffa9a757489eb4fbe79dbef296","13.1165693357755","No"
"0x72f412c983d8bbfb8d3896e31b470a03c47de953","0.00332041525078409","No"
"0x8261f170d2d081e33ec95c23a0e05435b932b9fc","2115.55747726648","No"
"0xf0bc763e0a6af4784a36fa102220ff60ec651f9e","1","No"
"0x83111e1888c1e49e8703e248edeaa34ef868a1de","133.085737704452","No"
"0x15252f0327d916be16b4fe23a6e846c223fe9cde","2.97574476614E-07","No"
"0x17c329410827c44773143be72cf0eaf54dbd59d1","228.687952065464","No"
"0xefbc59a62d3cdb3cc8b9395b8e7010f59e5e01bb","144.723118288627","No"
"0x02b0e4534f278b3cabd0d0b4253bbf1a2934347a","59.5349879285977","No"
"0xaf02c5cf50b5aeedacd009b69838c6e33f2dd358","39.9809030798158","No"
"0xe9882c6e9804942329f54f1bed06045c763a50ce","17.374005275352","No"
"0xf530ea087840bfe0ff56c7d77227f2008ad0c821","26.4815072957484","No"
"0x9d65e7a739e1ceb1ba9d59a916997e7cfc05c768","9.11247590031621","No"
"0x093f3b1a2bf4be20b4852d1dd379feb00c1b6688","9.43837638422076","No"
"0x5062f714c01d22be77915505944e8365edb31d37","5.86790875665074","No"
"0xc0d3b3d7836bce43f078230ceff6c4cdfbbd1bfb","4.84607368926454","No"
"0x72ae21ea679496931f8c4113d093d473f8cebed8","13.801618883458","No"
"0xa787a7aab2fd70ae018f1458894f104138733958","109.015189298386","No"
"0x45ff65bbff2865e254e9297a26924e8028032296","78.8976229666376","No"
"0x6d9326582389931cfd5096c1962567c0c9023372","77.3040491414053","No"
"0x667a91c86b8b42adc991dd53df6dfb430de647a8","65.3806357957091","No"
"0x58a4799f6973ea5ace27735e3cbdee198dedd957","57.4880335065885","No"
"0x4b0cc475772bf86e0115438e6efaea11e99a9cd5","56.5242979784515","No"
"0xb5d44f5477ad8a2624dba702562ac894c0833ab5","51.0839016294653","No"
"0x087e1c7ad9f3a0f6a9b3a3ed0d9b73e89c155d1a","113.712789495567","No"
"0x8f1b05c88ac014fe03ddc597f29a038f76eadf0c","47.3684704440414","No"
"0x1960fcf4f922267851bd217c575b71f6f1332580","100.763110638921","No"
"0xb369b72ccfec74d757e7f6a3c03925a910474c08","66.1819041537087","No"
"0x6bbaf3ca8e5e2f4ea00fc602cec9c174c3f9956c","128.069026832809","No"
"0x5ba7c72f7f3eab017110a1d5ed3739c815d43845","97.9337278553893","No"
"0xe905017ac1998d7524f6d16b9137eca888bf11d7","94.7653939439202","No"
"0x74859a58128b6ae611ecfce7d7e879cd377e4b6e","90.3343580570021","No"
"0x32991098b0576ca339b9340e72c4ccc92cdf7ace","80.2639968196726","No"
"0x1d968ee3e3a5cbb4a08ae313e2e1bf4ea53cb0f1","85.9645878182944","No"
"0x3ecf2b1d634269cf0820a0f4cee46db24fb8e87d","84.6997039040707","No"
"0x7a835de7bf1c771d5042084dc37e3ef7c4ea041a","50.3320077935762","No"
"0x7a66b404f34b389c8252715f9e86a8ca76174ab2","79.2300760239682","No"
"0x28e5ec4dc91de2e54718b30d3b4b185e81b6a78c","85.2118588167074","No"
"0xe578c3072aff1cc6b44f1b46ad885dd070a52dd4","44.3199565775049","No"
"0x0d1ca080bd4de2f49c69760a1df33822906b42f7","49.0408676244458","No"
"0x589ed0ce42a60991d00038f72fb40cdd8470cafb","9.88483692210911","No"
"0xd86e0d3905789156f25481309053e5ee824ed7e8","9.78818417600368","No"
"0xe44ecbc6891defd242ed947f9cf41864c7c090e4","39.5810343469327","No"
"0x8b80a29482effa6e79d9523951d3da046dbd043f","10.5064474595076","No"
"0xb77e9e7250c8fb59913ace55f6e6fb351ed37094","3.8756090810733","No"
"0xa64b49aee352a829bd99c27538deff65e46026a9","3.94731155296655","No"
"0x540c19f52919644007b3d5456de3deb07a328443","51.7707626822459","No"
"0xdddefdbfae5acc8d8c4e51854ace80410cf74bc0","3.84263624276783","No"
"0x382c43a7a2c6ae8ad61f2cee028ac9bd8a8db757","34.4086848885947","No"
"0x457792aae61cf32d7cf1781696d48551314a295d","3.90642489153435","No"
"0xdfc8e86a601164322719429666bae346ef9c0491","3.85150754474765","No"
"0xbc94a7c0fbfb0af8ec7d415ce6ebcc485c7a007c","3.90009719063919","No"
"0x6c7799c1b39dfb31df57212e97bd667207abd6be","3.88240366006824","No"
"0xe150ddc62858721e99040f1bcb0271040f204f9b","3.80227128963245","No"
"0x81f40bffb27213550e43a14b259e05026ecb01a2","3.859871766417","No"
"0x521112e4308ba07888612f0b3984fbc125f4d02e","5.72070594219608","No"
"0xd2816f54760e650fc84fe00cb4e174fb3ee1df96","5.61126922757317","No"
"0x41ba0e81fbbc25d3bd8b6097c561c1a03019f424","15.729902477746","No"
"0xef0f7d335eb3f921453d9511b7a99ab0728544d5","5.81167730846294","No"
"0xcce47a7e72920d9b39eef4f366ca021eaf696c00","5.65948750702806","No"
"0x2a269e12bc247c3e57230a39c2e40ae7d78676c5","48.4099367510121","No"
"0x66b4e40c2d873309380acfaee96bffb015aba6cf","4.80924163165058","No"
"0x68cabdc7a6756e2a00e7c27078f34cdafde4fd5c","1.91680365485899","No"
"0x24970b51dd29dc2dfa264cd51c41998c68e3d7e6","642.519335967311","No"
"0xddf86597aff5c826643bced8ef0b84b10a2847ab","296.529400004473","No"
"0x8feebfa4ac7af314d90a0c17c3f91c800cfde44b","1019.55999154687","No"
"0x98de69fc87790bf9679e5b781a03e6821f3d2f75","285.880881808308","No"
"0x7f63921d9fac69a6824dd3ef5fb8e1a89fcc984d","934.19473735873","No"
"0xc0c3a547231ea6aebc543826bc55895b015467b3","6.1469594988353E-05","No"
"0xa3082db724dd89af0763470ac36f363840d093b2","5.08103012888938","No"
"0x956f1ce3ff2ea59a8b41df83ce9f85ed59d73f92","315.207207852553","No"
"0xd5b3d2a4fac2372ceb7e84ed23be44aeb201f7fe","7.0751603755621E-05","No"
"0x2df3785d05a39a6e9d61100f79380dab380240a3","229.784171213026","No"
"0x9daf567d017d577a5f35f8caf72b64b323ebb44a","191.227681838211","No"
"0x44a6a4782f93cc56e2052205ceb0d1295dafc0c5","128.404206311362","No"
"0x30b545aa48daedb183e943b43c492fe980352528","5.84044953159602","No"
"0x9ac142b2cf19c505516343f4077ba88de9975965","5.72158380437813","No"
"0xc1d2faca00200a93eeea9d437bfb917717712558","5.61998014002999","No"
"0x1441bae48b5da3da1d6e48c2c5b033fcbf6ee759","5.8654547313702E-05","No"
"0xc6b513084dcc71cc9814dc05acba0001d17d7512","0.362142856236579","No"
"0xb9d8286cb05c873aeb564cd5fe1338a38fb3bb39","8.814357873393E-05","No"
"0x55e698435515d965d1de2771996ad08c826d1423","11.4365143177656","No"
"0xa4151537914c3296920d6ff037bd140736049820","10.1514216028558","No"
"0xdeab5909952e2c70520e41e8f9d46272d5d56cbb","10.0932941627362","No"
"0x439afd8557d7eccd61cd7f8f7de9b444f898c12c","11.3741708702655","No"
"0x8eb3bc2bbd8e9f7d0a60ac7107aaad7bed7a5548","10.1873590439669","No"
"0x45d0c079a95c9fb1d73b34747abbf20303ac3f8b","26.9338957398898","No"
"0x5da2db308827d260e5300f7ff4598c16896f19ee","10.1365888686874","No"
"0xa07fa6d2a9a6a7656cb2fe295d7645d93082dd7f","10.1464528511193","No"
"0x6d8e1576a7a6c8526c2971f4e8a214ebc4340d24","10.1741832452706","No"
"0xe236c7aa04dd3d30b61ff42c9fdf958b43a0f2f0","23.7573206220256","No"
"0x3b77192e85b1d717a8294ea1bf18944f2fcb7add","27.8386200219186","No"
"0x53224a3cfd0e9ff7d12206ae0a6689fdcd96a53d","55.8702085401024","No"
"0xf3b8a195cf1744cfc1225b9dffd4dfa1d0f6c421","91.8743333417452","No"
"0xb71a7ade6a27c4900ae325731c9afb0613c172bc","11.425868336633","No"
"0xf476083213c94ae0c3eca8fb325a7dfc8f0cb937","12.0866478713498","No"
"0x1da8b2ffc9b4c9fe8521d9b375188aa1ac41fdf4","10.084692299241","No"
"0x2a254c18f8e1794b05bea298ae27126df160b9e0","138.004241707101","No"
"0x2fa37cb96c19e9b1f9ad060aed00c0cfc727ae39","99.3853841806617","No"
"0x6186290b28d511bff971631c916244a9fc539cfe","4766.85655520576","No"
"0x2fa01ba633c555f5b9452227153e5619c92316dd","0.448248974128899","No"
"0x5642111a57c82f2f50716c397eff0eefc25a2501","1509.79749010257","No"
"0xfefd7e49fd2ba5a3449d952fe883355bdad33db5","141.747616427838","No"
"0x6b0ab64ba82dab64130fcd7dc1e2f803f7aef730","900.727803899922","No"
"0x0bd93eb28097cc848649d8d4cb429536fc448b30","985.725970299377","No"
"0x7821f46f652d5485d6e4fe3b66f30da3351fc6f7","614.104792579666","No"
"0x0bffc731d7fa5ef9e169e0ad5dd65b12b56e81a5","14.256129601182","No"
"0xdb9d281c3d29baa9587f5dac99dd982156913913","49665.5098508693","No"
"0xcef5aa3dfce54388f477d0f6b6428729368f17c9","155.369837947461","No"
"0x38daea6f17e4308b0da9647db9ca6d84a3a7e195","321.675131153389","No"
"0xd757f002d43dcb8db9a4e43a8350aa8cccdc4e4f","25499.4784337711","No"
"0x0883090da1afecbd88cd18e5df1a671a13ca8f77","117.948936080716","No"
"0x841722b7f8e80424742ae4b9537645ddcaa05baf","3.67140144356349","No"
"0xefc5ca62315da3fe31d6e82fd826594aafc99f7d","6.7406852826888E-05","No"
"0x44a529f72c9f5888c69e0f4a2614d91fd289af7a","453.338481231184","No"
"0x7cc1a622fecead4a1c9939031a262858bbcab0ed","70.0577767667825","No"
"0x2127aa7265d573aa467f1d73554d17890b872e76","1.7990968861486E-05","No"
"0x4bb06cea430c2765cdb299f45abadf04d5a1e476","49.9986624663851","No"
"0x44c31ef98dfacfa50ec195bc79edacd3211b7fac","16.3003317111116","No"
"0x24e9f36db71486e668beff580de75f65f014f093","16.0429596716862","No"
"0xccc3ce05b1d1b4e4a72e2052b98b1de8e60593e8","18628.9495216233","No"
"0xaa983fe498c300094b708c3b48dede9bd91a0183","108.238045881013","No"
"0x071d217637b6322a7faac6895a9eb00e529d3424","8557.62953240871","No"
"0x498a885d671eb3c4d17df8f868768e928b29cbda","78.8514698396445","No"
"0x10484dbbeb64058767c0032952f450a5d0b8e25a","30.3476983315528","No"
"0x6c3f5990c0b31e17fc5c9f728819eac14d6f3926","758.942277433062","No"
"0xdb19555be6b11da29b4dbb8d977db92fbed4407c","0.980321704521217","No"
"0x5c108a3889101991e47b7c9ab47dc7c5c6de583b","4295.94353447338","No"
"0xbe9e265c78a22e31d6a41fc2710d9590ed2d5a96","157.731185211648","No"
"0x2bd7716ce2c43b9c0d58982f5bac67633bf2e7dc","120.88953918964","No"
"0x8c6d52329c31820f9f3cf468e29309f9848f7942","0.98559298061293","No"
"0xb9c2cd6bc7291297377e32b9c40c20fba3c49352","118.197937907444","No"
"0x6b3be6c88c8875168c694e57e62d1de554ee6902","825.93877653868","No"
"0x2d5f86cd294ca6c92189340eaeff41fc63dc66ef","2311.95602751956","No"
"0x10df55ee5d2977f952f3f264b9e8218d699b36b1","2124.17660620841","No"
"0xbd13608eb367b9744a1dadcf134e61901d9154da","6.367211857344E-06","No"
"0x3f7c10cbbb1ea1046a80b738b9eaf3217410c7f6","26159.1395023312","No"
"0x70d0082ef7f8adad12777eddaeb447f3052f74dc","0.00101936780597262","No"
"0x83febcf72458393a3957cc9793a9f04ff59a3d45","456.250210780017","No"
"0x4e90c3113041948f9e224dcec76c666e5a0de1a0","9.2597784594595E-05","No"
"0xa11f19d27a73c6dfb7a700175357c1dedf79367d","537.973851147082","No"
"0x0224b2311d5968fa00a42103788b2f4ccd0651ad","0.000478220157499551","No"
"0xa7a7abad6fbe05d82130ee398ed0ab4920c0521c","13.7987523367135","No"
"0x2a08fecb8ac932cb7d3f6a3a0e434a4b9968dd56","1119.60299110196","No"
"0xd0f46a5d48596409264d4efc1f3b229878fff743","12.0674363085803","No"
"0x4d35f0959a19d97daa4be287c379194818299225","3.0045148750494E-05","No"
"0x2faf55a544c5f73666438bc185aecc9d685e6e3c","255.601162449065","No"
"0xd621cf46fc5defa161c366baf0991bb86f71483a","23.2628674096467","No"
"0x556a7e66b890fe28aeb8ea28679cc3ae8187cc99","14.2833820748984","No"
"0xcb587d2f82b939ab14470bbb0731429b061427c1","11.6358157102763","No"
"0x303f68639795a93778a205b8c050bd1d1136cb95","5.1201702088373E-05","No"
"0xe7793581460b2c5c088ae0d6465db6fcd33f3e43","17417.6053874107","No"
"0x31426feb31a80bdf5ebf7150ddb1e437a3d2346f","46.8405254341896","No"
"0xf041e368e33d7f28dec1918d52d691c383f42e2d","118.944274150712","No"
"0x968f1d35f721606d8079e42670b6d153cd4626f6","0.764918101345439","No"
"0xad3c869c70ff66f1523c7cd462ef877bcf1ba93d","5.77118225947E-06","No"
"0x62c239f8f0999de6bbee0704bc888be30a248c0a","60214.5258230777","No"
"0x33caf1e780fc8a92247f42a220caeafde3b5d553","1241.06058839329","No"
"0x0d03fd0320d95e5e579e5567abd7b1ffd18cc0a4","374.348020602175","No"
"0xc5afc3a0f462c5a387393421b6a253204a3be8d2","120","No"
"0x4d3f684b8e08d6f36619de58bd9523108459de3d","19.0362433826102","No"
"0x3fc3e6514fd4925f55fb3ae17bbfbca2eb126608","38.7619210439541","No"
"0xadf228a1a9e705ca02a998e1b1bc6f14b3bba908","55.5015273696504","No"
"0x0839f5c6cd90fdf95de496d0196c1e6016954c94","146.414143233077","No"
"0x5c76c15a73f4c45ce64ad6871e91f487301f0d33","6.985881675926E-05","No"
"0x78bfa2a0241804733c58091d431b5a840d9d6f73","123.883813519405","No"
"0x4a39bed3f97ac8e4774b7407de7090e7a1050a69","23168.7755103354","No"
"0x552398406eaf406c6a9a52c7d7d3c601e588dc98","1000.44919325493","No"
"0xec503c9fac9ccc823ab7f7cebe8953d7ee4cc5ac","39.7555751002616","No"
"0xfa3ce52c15f19f363833b2983340325000a4636c","262.085196565738","No"
"0xc338f8f06aa7bebbcc3660f096771d159db346cf","6437.55269467704","No"
"0x84ef9d47a2b1cbfc2f011f886287ef44f08c80ab","246367.221785053","No"
"0x8c3fdd55e928e5d6499388d6a7767e05782d642a","98.5466902798059","No"
"0x508cc508c415bf1db6d35c0d53ec7bebdcce6a84","59.8546688472438","No"
"0x9a46a0dae69d1a5e6cae6fb8e473ab0bb537da56","12.3330241165523","No"
"0xe08fd80d7d0593a616c01a3f2a17bdc3206c71b4","0.367369846598331","No"
"0xfd7ed0d4ee313cdeee766886ab873583f1f3c697","59.1271952147317","No"
"0x9c48c80064975c01d5e4b7ed528ac1d124355caf","49.852238256942","No"
"0xbd6b15b9ba9224e0993dc8371cc705218076a188","7.6319860038802E-05","No"
"0x3b66bca9b58acb2e0894654f27edc96fa1b6b0f1","7.88356283144055","No"
"0xd281f988242c900d67ff2aafabe683b8004ee778","3867.86198474148","No"
"0x791ba2be058c577dc8352e101ae1a5f5307b6b2f","6.62175586113327","No"
"0x3d0accf6d6a125ea8742d8a2de867ffbcf9641f4","4.00129950071802","No"
"0x815559cb4778dc81bfd4501b388a17754902cc96","3.99651699697334","No"
"0x7582cfc5d00b8c0939da0e5ce821997a16de297e","4.92718807973495","No"
"0xdae2230e4d2ee5076d08c850759a19d6526bae89","8.9894687561924E-05","No"
"0x262336fd3eda533826aa4c92c9f23563f9f90693","0.00144530625511897","No"
"0x6994ba66fd6789044c4ad43786cc16840d099c8a","144035.431048622","No"
"0xb19bc46c52a1352a071fe2389503b6fe1abd50ff","329.404365821359","No"
"0x445ba6f9f553872fa9cdc14f5c0639365b39c140","137.162490053909","No"
"0x6c78583d25a1bb5c39a87c7bde2ccc82870277a4","1465.80466637104","No"
"0x0bde4dd33a4ffa7e0a45eb81d440fc61ac39d0c3","128.105927842753","No"
"0x8cbf96319b3c56d50a7c82efb6d3c46bd6f889ba","9.4174E-05","No"
"0x101addc07d63a6b35b199153252168ab9889dca1","6.550650347124E-06","No"
"0xe2c0ea29434b11e8afa2a1649831ce53bc975e5d","13.4166470277692","No"
"0x75bbecbc4fa323d304e41dd383f1f1878288db00","24.4644018853392","No"
"0x65f80893c4f177882281f654c386e058f8e10df4","763.052581159951","No"
"0x9460e4b67c52cfc16e02a7ddf8279b4920a592be","60.1945112506264","No"
"0xe5465ced137ecf8c80bbf7a1e2f2bf457a12a466","49284.8744754699","No"
"0x192b5014cbce8d4e38f9117021e858bc15adac1e","719.740105263175","No"
"0x43edcbe5be576b5fdac57e3ab552b36a256bcba7","3.8297842625428E-05","No"
"0x3a1107791c06c8ef185b67bb4d7d0293b6f18e8e","49.2665860247425","No"
"0x22886301cf7b3a7e3c275a4620add2b47e324062","10.7557817530578","No"
"0x605572243c30af7493707c9c8e8aa2ee25537e9a","4.69E-16","No"
"0x78f3807dbdde1c2aee60ec565ba749c9b787affd","5.22598316236738","No"
"0xbc2ef485a3b6b480e3517f32a69fe4a002b52564","8.38276509525332","No"
"0x8886dca35291f05ed5d8e21f083998ea8dceb50f","11.0037669698828","No"
"0xf381896eb9280dcb2099523149d42f7b1ed43e9a","0.0593487687823164","No"
"0x2c8ce96e584e1e507fb9c032798a210f415605f4","9.72447417558466","No"
"0xbb5b9e70345e2679c73373758694ece96c550612","43.4032583991693","No"
"0x6cd71d6cb7824add7c277f2ca99635d98f8b9248","229.718043511811","No"
"0x56f820bc0bb5326c74b804cebaa37c3ee7524f8e","166.816331325846","No"
"0x00742e4243f30c122953d96000383b97163a38ac","230.561292494532","No"
"0x1d651fc22aca998a1dfc9bc273d85a0540a6563a","5.4827283779095E-05","No"
"0x9942796afefea0c2c651b80fa0024b46f5827506","0.00658820585631801","No"
"0x4c5d7362fecdc756e12ff5c7c0fefb42228bdc4f","3.59728684256282","No"
"0x8d85f5474aaba79ab541625b9d1a3647fe9509e6","4.00187339343985","No"
"0xaa99157856d8785c3a0bab85f070766554a1d882","34.0371115552269","No"
"0xce46b0d80c04f038901b6d879d3b7d9d171001f8","39.4120941188278","No"
"0x92b051204816dc4fba7ac1a68a2cf319a9a387cb","98.5301013205745","No"
"0x1316f72fc277fe86d0dc7c272058c95f80b2fd81","1.384757E-12","No"
"0x329c54289ff5d6b7b7dae13592c6b1eda1543ed4","57197.3990136153","No"
"0xc0719b1040f7f8e904a6509f99335656c1d881ed","10333.4811422631","No"
"0x4bd69a8ceb37b52aa03df9ee80a58f94d6a1fb33","1021.94671058654","No"
"0x178379b4bba3b5acab18bebb9e03abbd899827f8","8.3992955980544E-05","No"
"0xaa44cac4777dcb5019160a96fbf05a39b41edd15","492.646782639226","No"
"0x37437d0cc77aa8a02a461f74f8d92e890592e7de","82.7646516775557","No"
"0x72d395ad477aa50c219905181e9dfc4020539f28","3985.81709392297","No"
"0x6cf9aa65ebad7028536e353393630e2340ca6049","201670.377705029","No"
"0x2c628914a9c4809c4a6aabff889851444f64e457","8.4175764380548E-05","No"
"0xb2ac25160796b5e384edc1fd8f4479a020c1b53c","5082.33702060826","No"
"0xfffd8ce8520062a2a1d7b1811b5df0f1eac8363c","173.78219980375","No"
"0x1fd4af6b01dde5a92bec3547580610606ad6df26","40.9186947610307","No"
"0xd4e42e41fca01464d36a44acab98d2aa1447e8f4","8.997510342472E-05","No"
"0xf3a5b5658505a5cc20dba1c381b5f1cc85a828a4","60.7517411502271","No"
"0x16935d47cd9309edb18f1a1d4fe44c419c7b3551","9.52103417000131","No"
"0xae8effb360504fc824710e288b49dc8e4ab53a6b","7.67161795396837","No"
"0x1139efacbbc46230bfe4f9f7e6f48b0ebfb73415","199.139017289405","No"
"0x296416a51e73f6ba16bc6eadabdd7541d1683c6f","107.69055811195","No"
"0x6503d315f36526730ecbc96edf9ad50bcc7c5461","7.38070630246301","No"
"0x19934092f161cf65677db8801815d3aada88ab6f","36.9003033552761","No"
"0xa647dc99977f6eeb5c6683a9d6caa9123c2a0143","42.5337421646539","No"
"0xac340f2b82c3c97853bcff9c3411401fb687c0a6","4.94313179541646","No"
"0x88b8dfc8267dcb6a4bc862396e2f8ffd7d8403e4","29.1729862769144","No"
"0x2f0ea2a4ca5ed181aa53191ba9bc1ee44e771ddd","25.6353952040568","No"
"0xfb082763dd5dcb0f0839c87a65341137f736d797","7.4593181233603","No"
"0xe9a5bd1f6bc04d78f31e9b3e26c945cea13d3250","25.4691464791816","No"
"0x9337e84f96609eaf904df7d0a00b069044d189fa","28.6892198332602","No"
"0x9a01bfd0afe3d41174fff25bb5697c219ec0146b","25.120608746248","No"
"0xa73f9fb249678cd1afe4a9fe9e1ed9174f0e155f","2.93754424306767","No"
"0xcfbf47f4cdf85b90c58629655de492cd55495520","9.90163347882481","No"
"0x7af4922fc22037d573e889201be7c38e42f22220","0.00967974667548079","No"
"0xa33aa58fd2795ea89a84c19cacdad50915194980","3105.05066660791","No"
"0x7d3e4e3b30572b3a0b28b2b8cc9fddd2bd77cd5d","9.2254679106683E-05","No"
"0x60523cd3f5cf0061c6f042545371fa6ff8cd397b","1004.96969298757","No"
"0xa733783e6178f3f1f6893a58efb4ef8109630917","30.5455369505493","No"
"0xe76235ab58889f2ffd90ce46182cdc223cdaf3db","26.8231463510981","No"
"0x103348bc537ff9cefddfa54d9276f6502d6a414e","24.4229661099165","No"
"0x7342e9282ebec9290995fafa8f00a617b694e6d5","21.2029438204888","No"
"0xfa1e8520be4ee817e915abad806df11d2ede5fef","15.6116338825604","No"
"0xda4e38227f94c93f321ed5553d1650e34905f402","12.077621167997","No"
"0xeba00572eace01bf4b1a33187e0481ddf2d0f2e5","11.0589365504571","No"
"0x44f3123da29b4f4ea8a0660e2c266f37ec4d83d3","11.0061538126787","No"
"0xbe82bf1281e7b5f2a0f47e525aa5bf45e2f7c8cc","9.58931458983986","No"
"0x443de92353f801e9f9efcb9595fb14345e060697","5.08211649333599","No"
"0x709eb37db030306dfc714316ca7813d2bff030dc","11.0812966740665","No"
"0x23c3472fc4f75e882226b6295d3fa817ccfde28c","42.6737942793329","No"
"0x1e9fb5428855064b5c38e3ae96cc9878c573ed53","98.5276598883922","No"
"0xb4d502361a3c6f823eeb9a99af09e110382206ee","618.351520983052","No"
"0x5aa59e166e4405c05abf85ad44a8ed84a1d51a06","0.802963764081256","No"
"0x31b79d091941e9cf7bf9faef97c8f2444cba6bbe","16.5177327907656","No"
"0x062ada77682f55c538eba5b5583c1bd1207cbd40","19.5621102859437","No"
"0x1b2e6c79a0b9a1f19234d45d9a8db9ee57bc0b14","111.118151570493","No"
"0x59e5fe3a536d2fa69614e0a0692f5c6e3d6dcbfc","477.292398737789","No"
"0x074daf32a13b1326a5a8ca51ccdd1cecdb23a333","9.8097150167255","No"
"0xef3f9f0a092d3838484ba7a82549556493928ad5","14.1686664861202","No"
"0x25612e8bd7683de22da45d717d0493b0e96424b4","16.7264701801593","No"
"0xa48e6b30e7b3482cd8415bbf502cdddc29a2e096","884.543449159923","No"
"0x4c3b581d0169f69c16b958b744a03657aaadeb32","1.84662633549473","No"
"0x1c58f764f37b882a9f596a66ecb6440223c59629","1.83263101879598","No"
"0x3bee7691f5724423be3df99b2e5ad6d7b52fd6fb","1.82328626965852","No"
"0xf74108b8c07c94a396cb2a3bb0a2d046bfd88201","1.83246602723963","No"
"0x050f891296ecaa7d9424bbc716ab6ba129c15ef9","1.82704237397048","No"
"0x9bfc35e76dd986a1e341785e4e053e9c92160d6d","3.9662505421378E-05","No"
"0x2718e86f5793ac08bd3c4a301382e8c1da2a1e30","142.884386738263","No"
"0xf3e11d89b07e738f31de12e8d8cfa0eac7867a37","15.7088040653114","No"
"0x25bd324445796674eb0e4e89246fe5c3b43ea99c","6.83806708211369","No"
"0xbb848bd68e52d7da5a8921e637e38079ee0728d4","2054.82711596371","No"
"0xdd942254826c63e9b45748228db7dff54263cd2b","3.8E-17","No"
"0x46077ac2f9f1c76c075b5964e4dcc02ef441c8eb","4236","No"
"0x482d63381ded49c5374c346f38fcb9cd27b5d2ba","160.251832230293","No"
"0xefb3141ff2cc4bacc32274560f67ce44a02b47a2","39.8380385697794","No"
"0xc81c14281aa00864ecadbc3768fb08edc9817b21","738.953030203483","No"
"0x0d430f96ffe0ec8b2a7e6560fa69755fd750f102","121.243788613206","No"
"0x7a236e257c83b8af4f5c931c32ad6e6e5a19c8a3","27.2993286256685","No"
"0xda7e26b651df5d24f8cf652098df2bad64327f92","5.20584591474527","No"
"0xc8d42ec0ea8f543e01bd49199f6a1888ae11023b","231.551920598061","No"
"0xacba84f681250a027686b85fb4903f9f1c9caef3","224.74838761314","No"
"0x3a631b481a1b225e32d20c28bb531587e9f32da0","435.707500592759","No"
"0xdee45f774fa311199c5900e7c99a609e27edcd4e","4.7895706928329E-05","No"
"0x36efd9914d30b16575429516bfff0f196062dce9","9.1211084435571E-05","No"
"0xf5647beaba520c2bd06ed77212e22af093fe70e3","18.9005288752118","No"
"0x1e4192486061ab91d00fcb17bc8c31eb24feb230","9.78067005568684","No"
"0x77740268971255d3083726ca4c4e8de147a0977a","18.7225327629675","No"
"0x08d112bcea8d2daad83ede731902d50e5039b69e","23.4390186333438","No"
"0x208c82f90331ec2f3dc65ae9e181b454c78406d2","14.2210196563868","No"
"0x7b5f731d1a1e76e369dedd5da0ec3c99f02e9dc3","6.74848770473048","No"
"0xf5d6dce3898e78f02d60ddc476697c2ef96eb5f4","17.9501163197811","No"
"0x6900c1f8e31b786ad9a85219d6d3fca20fedbd3f","4974.11861679076","No"
"0xe7cbb8d73e5ca000816910f100d60b5fe33588f7","262.103476940545","No"
"0x7a1f999a9501d50861cd54bd6dd2a001eb6ed807","1022.93686691553","No"
"0x1d86709a5ce724d88f94175591bf6ce11ba39476","54.3228911841286","No"
"0xaf777f6ff15de8d50527208d8cbd36576b213f97","4.5179861810638E-05","No"
"0xe0350c57c2ba6ef8731e41e06f528e6661355b6b","129.171954837398","No"
"0xdc01f5c0300d3cdee505a04d633b71269af18421","478.621715462098","No"
"0x8db28c43d82a9a5b02d7169487ff703f15815560","12.102855535805","No"
"0xafae1e9ecd3a355b93960402e875b886f718c55e","1.63267061223E-07","No"
"0xf2b9ec5724dc97362a53907c0b4cc0aa72369e63","312.88815567702","No"
"0x01712ca1676c850698bd52ed3973d5cdca71fa67","206.996260062888","No"
"0x16a383b0853926a0a43a809c7a9990df7b4bd98a","329.180949966519","No"
"0xa500b73e8b8de1ff62de34ffb2efdabf4015b5e2","78.6835139261398","No"
"0xff80f2fe0b1f04944eec671f39d6c8bf69355e7c","17.9205029252564","No"
"0x8220b11d430d2ce74bdf72a459145a00f9620a94","11.6807198574596","No"
"0x3f24180d60031a87f27774fb520ec20daeb51394","4.80142753448307","No"
"0x0fd6c8fb8d0bb76f068b3501271beb19ccaa15c9","9.86967046159111","No"
"0xf1cd34afa3e93559ef2e26e06d39a1a707be4fb4","492.611257217599","No"
"0x0d3b6801cebcec9703010ba50636e4b569a5da44","26.0783585195586","No"
"0xa499df2bdae854093e5576c26c9e53e1b30d25e5","0.0993345839259089","No"
"0x5f45f8296be3f38119d0c56ad339f6bf66154b9b","11.8226604531272","No"
"0x503b3c4e70803c67cd9ab5cd3e6ff765354d09ed","577.015204276796","No"
"0x07557e561e7baa14bc8ac7040271aa1443d566e9","1","No"
"0xfd9a9bcb6a7f3a26b7d0de1cb80458395429cc41","0.00455088001666462","No"
"0x63b79704dcb7fba6ca46baea3db68639924a41df","104.423817512353","No"
"0x02aee0ce756fa0157294ff3ff48c1dd02adccf04","0.00838992774558048","No"
"0x251762e6013f0b366d3fcb24a1451a110f65675d","10","No"
"0x09949281e3247d8901be507d32ac8d8e12242a21","8.0713267157544E-05","No"
"0x78c76e3dbe8e4081a42f4666c7eca33f41678686","159.863592374747","No"
"0x551d3a37e1613e8b21f2ad613a01bf97ec2d2389","138.271542597472","No"
"0xb7a0cf71a375fe7a2152ea36a700499dbd993867","160.178752219412","No"
"0x1915fd19e19858f815c924df8d2d6e7065f1e547","4288.67859277125","No"
"0xf7c668dfcaca968f2ce01226ddb15eeb7210cf1d","113.353607463709","No"
"0xbb899870561d48e823ddfacffa201dc20214a530","4389.82483111002","No"
"0xa8bd174385b14f880f8b7f06894cc1bf265db32e","1689.67020127828","No"
"0x5d5d7ca38eb488f49dd700c786a1b7baa31b4486","0.0635246308522501","No"
"0x5eede1c45e4401d7d95e55446dad71b511328534","219.791096237586","No"
"0xd32f222283d295f93664b11faac967e6826b635f","2235.60416384487","No"
"0x90b29f03b7b35326d72c83e414f200ff8b204ccb","197.172421347444","No"
"0x1163e75d2bf3e0ffdb3602fbe0aba099d5c20e3c","20978.3713948714","No"
"0x2848b9f2d4faebaa4838c41071684c70688b455d","55304.5690471596","No"
"0x9e0cb017c0e96b2fbc06cd30b6f38f8e474e100a","24.9884466993097","No"
"0x88d5eb1993dd04bf2175f940e64fd49a90d13f8b","386.451429275348","No"
"0xa8365f08e933b46cb247643f36e4c9d9b4059678","313.174981915896","No"
"0xc0a9281b18fbff16019f497be053cc9864047347","28.9655024567069","No"
"0x4edb4161d16c89b71aec027930a943c3d4cf0777","6.2989170088681E-05","No"
"0xab9786a5e330b50e44579132b8a3cf7c1c3a9517","12007.603184151","No"
"0x007de57773b6eb4ebbf6a740dfde1efdd5629630","51.1645255519207","No"
"0x68db64a8cc0aea50b479bdd5bc3b3dd5e5821ed4","2260.26554304882","No"
"0xf929a6e76b4bed6d81bcd58e0ac2991854892214","153.108426547059","No"
"0x68cc67e6899be5a34002091449cb8860b132cca3","1181.50578195085","No"
"0x5abdf1bdf263963601d3cc57d14723465d9fc505","2876.23172605174","No"
"0xa9a0c84fe5780d5a5c67cc14165b546f8ec6dcab","1.6493772266525E-05","No"
"0xc61b244fa2b83efe9ef91da7390ca5fc1cbb35b1","2021.92199719391","No"
"0xae5499976ffd3e58be47bdd51c787a5201d957f4","115.040365078564","No"
"0x8d0734865f984374435d5e9f814a9704fdc51a64","0.00291562477950016","No"
"0x7186cca95ea6ab3200029e90e62c792f4b164114","8.65750005489635","No"
"0xd36f0ce237877c52c4072b10bbb51112702cb560","24.1055309127661","No"
"0x6701dc817396c99e40e31f2724ea966e2832492c","4.11073331353E-05","No"
"0xb7b1cc940cc88640089028d4910de22e39e6d117","290.604645264994","No"
"0x8dece035358d2604896c81b82c3ab6fff3596388","0.0971111497802708","No"
"0x3967d78660bcbc95c625d58a40c42ce10bd905d6","9.037713601777E-06","No"
"0xe7ef5f4803e85f91871bc8f4a609b954f2112ac9","0.00336058132908969","No"
"0x4177a5c0e2369f6830a4c3825afc8fb3dd47790d","136.647657883659","No"
"0x15c88f7371c57d4b8ac2f97d10eac8fcea298e56","88.6696912175428","No"
"0xbfbd59c39f83068ebe8ef181b927b85400222292","0.000578817939419662","No"
"0x76a5df896413f3b566d07da5af44326c0f54a25b","0.00978097291105444","No"
"0xe2c67350d0a0768de07e556073beeec0ae86a684","4710.67900967591","No"
"0xc83d2035094e05d7a83bea5f92480abb3577228b","1683.82478787914","No"
"0x7fa6397663ae1909cca3c874c58827c4a040f9fc","122.641133410541","No"
"0xb74125df13cb9194d93d8b62e0db30352f2b8001","12195.9050589572","No"
"0x9f32b5a3a6a21df1671c74372f18415cb3fcaca2","771.539128036056","No"
"0xf7b10d603907658f690da534e9b7dbc4dab3e2d6","14898.2566391164","No"
"0xe2c6a4a3a83399775ba104f16f94d2eae905d409","56.9888047380393","No"
"0xf036e411717bf8e123c245ff5a7604dabe0ab1ca","97394.5485301987","No"
"0xcd8eddd0a27047d53d65f23d483a8a169d54526b","306.196109887618","No"
"0x10904e913f025d0dfe119d0d68a43c4754bb24d6","99.6859033102423","No"
"0x0c9e1ec8db2132ef656b250b6aecead3d0313b08","12898.357833348","No"
"0xdbcdc97605bca6544cfc225d28739636cba8a8dd","50.1977714381146","No"
"0x83120ff7d74550edb0ca88c66a436e47123b4ae8","44.1683960730764","No"
"0x56fb97058e504114f771f3e72434f9dce687487e","22.9642864448452","No"
"0xc77a91699867fd0a613248d6c859f5effd580506","32.7332302409199","No"
"0x8bb6078ab0a9d9f614989465c703e1035695aaa0","41.9709779952215","No"
"0x13d9f316427010f786c0d6254593c3c949310ff5","74.4256785702824","No"
"0x499a31edf8d0fd363c06ba79517f11ff8f1ed022","26.5007983092468","No"
"0x763450109a00ebcbff22aff0101b48a1ee689ae9","14.5346677206782","No"
"0x90b63706f57074b732bd7e791c28037cd4c9fbaf","11.7281348410659","No"
"0x8c6fec9b76c2568cd90aff4a7c23388e4961265d","20.1545813863258","No"
"0x8428dd73ccf686b6d2096b9d9f394b123a8437f1","11.4874264734056","No"
"0x0eb3ad90fa45930b383615cb0848a583671c86a9","6.63918274517688","No"
"0x9db3cbb48041d7b7b48d972f9b3c12c18cbbe88b","22.2818238317569","No"
"0x750b482c447700d5e17c0b8e6178a54e3769ece3","613.599290008393","No"
"0xb27f6df486ef5dee2e3a4dc4f257dd63e5a5e371","50.0255256391264","No"
"0x581de43b0273915f61d015e394d2c6af1f9ce8e6","4030.95870693195","No"
"0x49a5492fdfe5acc966dd5f41310dfdfe8daa349c","120.95032679735","No"
"0x521866351b73eae5acb8962469526b38cbe47372","102.54448371262","No"
"0xaa69023439e430438d5fbd01ccaa07ccc8de53b2","177.338947622243","No"
"0x37646d1d6faafee86e4039f6c7a3c59a2540159b","34.5166303406956","No"
"0x1478bfa99856b6c0b98b6d3cd080a715aa2709bd","18.7668628226902","No"
"0x8a26529afddcf6db1f54a8f24b6834b0761b7e66","349.11259562435","No"
"0xef3fea148b4933a9d8716842e093aacbfc96600c","54.5121082525249","No"
"0x481a2be12532d5cd1295239557168d01c5d09708","552.215052524503","No"
"0x748a9fb91ade6d9cd48ab1d1af6f4c27620b703c","2723.8457103729","No"
"0xefc53dc807b3b7d8e1e54a41f429fdd02624c95f","77.873147809389","No"
"0x55ef83fcbb88b4d1f70df73d316b77dd975a0576","96.132338944418","No"
"0xd1249fa727686e09b8566da29e6a3a234acdd030","52.0287215090588","No"
"0xc0d4f574080a04e3260ecad807bc1b8f5473473d","15.4386695827609","No"
"0x15ae010dffec19729a410b82d51337b385a96b95","25.4724619856132","No"
"0xad1a74a31b00ed0403bb7d8b11130e30ae15853c","375.672707648678","No"
"0xe64757d213ba264d511a85cc9b53a24cc9e10859","28","No"
"0xdbd01694d8f72c04b630eeeed516517b2c13ed76","41.1178738608908","No"
"0xdc25324b8186de47a976191a54ea0366428af632","1922","No"
"0x340dc4f0a7eff64e0b682cb7c6396c84975f3823","98.5215275555638","No"
"0x0524f2b8765ee3a1a033311ddc9e2dcaad34b8c3","9.84120569794461","No"
"0x71ce9ac68b6e90d6847e040cd199f9d6a44828e5","30.5416230235191","No"
"0xe90e640b09fdef82c3e33f2ba2d80d4a784ba0f5","216.746823037854","No"
"0x8f431e9dd3ab0705d8e3132ad260d20dc1df4fe7","90.8020693851068","No"
"0xd26b4f36f3784ff6481b0f0cfaba1fa2ca941c40","194.073884923921","No"
"0x5e175e89ee8ac083f974210a75c1ba1d542a4fe4","63","No"
"0xfbe011e5c3a81d5e00888b7705fbfddbc6b7a17b","608.241432448394","No"
"0x0bad4ebff09ced8dfffc2d99ea04108e1afab8b2","25617.6302811482","No"
"0x6794bda8e07faa690d6924b259992ed354aec9bb","487.653992235011","No"
"0x282c8d5cad767a93e1e042e33e7a15877a8e6a1b","68.3410762174697","No"
"0x0091c05a50ef584f09c5c8b813a207198643788a","1596.87333683819","No"
"0x9c330a97c3dd093f4b514af6cc2f531ac0cb084b","482.729986119348","No"
"0x260edfea92898a3c918a80212e937e6033f8489e","8351.88980744361","No"
"0xc0afef712a1341ca78da145b2afad346e8c3574f","1621.3410472039","No"
"0x48a7bea12a800957113662d27468fd1c9e8d42aa","1970.41358458891","No"
"0xdec6fa827552752b62c68202b4aabe06408f7b07","3.94081393740993","No"
"0xd2eeff73117c86c14f11a6052620848f8dd6e0c8","20940.482953477","No"
"0xfa5ec0f794d1a7b96b3ea6d8f8bd6474573db0e6","439.375410716048","No"
"0x3cd49c9ad5766fb4a19a42db15e516480dc58673","1182.24405079515","No"
"0x002d2715b179d0db3e17cc28317a98f2f65e6884","2211.38565956914","No"
"0x113e105a66a07bf717df719f2c3f2487b7bc46b5","47.3358792803178","No"
"0x1f8c994e19a43fd3da251ef06c8869e6901307cb","370.573219852165","No"
"0x2ce0fb9a765ba7f55d43897dd404c8d92e9c0708","13792.7160225944","No"
"0x0630717c9c6baeabd2b0852e09df08febaccd227","665.382565875482","No"
"0xa2a341a2b2955d8bf1f3d434e0a3635ba6301118","85.0676066835423","No"
"0x34fb6abc67a85ad6e9eefaf7c5ee00a5b858ab04","18.1093675617979","No"
"0x5e5ffef1103717f17a9a155d0c7646ec5e16551e","9124.77985759838","No"
"0x741df195c5c1d860a13af1a984303feb1cc7f001","112.923211491692","No"
"0xd96933b4cc618835e5ac85c39dc14d4f7c764bb8","6.1137942253592E-05","No"
"0xc1839cea93bdfdf29e08ae3f351813fe7e89afb3","3916.52130038375","No"
"0xa322f14c4e9628f5934420a6098a01e7c999e657","24.1735897499856","No"
"0xd34bc82b9092f5334056dac1af8cd5d32abc6802","123.386453957896","No"
"0x34263200f4236aa7f6e1df98e87af7df1210f3ad","1188.68628175042","No"
"0xe023d9ead98a431a88e913629599884839cdf92f","271.707190514647","No"
"0x347c00353900e1c3bbac6552db67e490fbdd70ef","9.63091715099049","No"
"0xaf51e6e946263e1d7b474073ee64ea0c5bc01da9","79.8941830649277","No"
"0x1152d50e819d5094a2b233e8cd8b62c5bcf99bea","144.8230653477","No"
"0xc41a81fd178c44a1005e83fd62d57bdab2a8c261","13.5214974400105","No"
"0x750d8974e04eb5490fb8e232972a36e5d6b153cb","2.95556988174071","No"
"0x11cdb878196aace05362e7caa01de4ac1d039edc","280.779138765367","No"
"0x7bb85b553c04cf2dfcbbdac998ea3621e17236c3","5379.65802059226","No"
"0x58c20084c7b26817620e08745aa0c907ecbad2f0","499.546949166914","No"
"0x8e3bbdec40e33a8a5b90bf56c6d2692088406739","46.9249460959255","No"
"0x37fd5ad757c529a88f144d9d5f72df8ae3083049","15.7629858499062","No"
"0x62b5c94af16f8b5b53bed8da61ecb5ba41c14931","633.993956667764","No"
"0x5a5d07ef209bf2e2608405cfb0b7d7d5df396a36","30.1755094206745","No"
"0x1279a8132c775ede3e738cc2a753ffe47d009353","119.636342019584","No"
"0x38048af4da7d79d2b553836a6d4950d0ac4b60f7","1477.77992342871","No"
"0x53da173de45f8327eee31cf73bf4ca1e93aa8d7b","29.1432897797087","No"
"0xaafe0dc88e03480a6c568c81ff6cfc67c0eb793d","150.969465002231","No"
"0xa1bbd8d39ed536dea030a32f3f6c5916c845a800","0.00157418559202006","No"
"0x9f78d6c4d61a6679c971d60d08fd3cd120db0555","32.8707373013481","No"
"0x8dd5f45521e2bf8c73c7c0a214aa3f310c22c348","95.0744274811845","No"
"0x8e13649613b774ab67d1c1edfc22a2202270fd81","812.486534403592","No"
